Timestep,DolAmroth>Harad,RoGonDor>DolAmroth,RoGonDor>Harad
0,73.517915973828550591,4.1839999992000009854,77.701915973028548024
1,73.517915973828550591,4.1839999992000009854,77.701915973028548024
2,73.517915973828550591,5.0000000004000018095,78.517915974228543519
3,73.517915973828550591,4.6759002775379521211,78.193816251366499159
4,74.297915973750548346,4.2200000004780022778,78.517915974228543519
5,73.517915973828550591,5.0000000004000018095,78.517915974228543519
6,74.297915973750548346,4.2200000004780022778,78.517915974228543519
7,73.517915973828550591,4.6759002775379521211,78.193816251366499159
8,73.517915973828550591,4.6759002775379521211,78.193816251366499159
9,73.517915973828550591,5.0000000004000018095,78.517915974228543519
10,73.517915973828550591,5.0000000004000018095,78.517915974228543519
11,78.193816251366499159,-0,78.193816251366499159
12,78.193816251366499159,-0,78.193816251366499159
13,78.517915974228543519,-0,78.517915974228543519
14,78.517915974228543519,-0,78.517915974228543519
15,78.193816251366499159,-0,78.193816251366499159
16,58.134850192668615421,-0,58.134850192668615421
17,58.134850192668615421,-0,58.134850192668615421
18,58.134850192668615421,-0,58.134850192668615421
19,64.415346473871039734,-0,64.415346473871039734
20,58.134850192668622526,-0,58.134850192668622526
21,58.134850192668615421,0,58.134850192668615421
22,58.134850192668622526,0,58.134850192668622526
23,78.193816251366499159,-0,78.193816251366499159
24,70.245819443996225573,-0,70.245819443996225573
25,78.193816251366499159,0.32409972286204968839,78.517915974228543519
26,78.19381625136651337,0.32409972286204968839,78.51791597422857194
27,78.193816251366499159,0,78.193816251366499159
28,73.517915973828550591,4.1839999992000009854,77.701915973028548024
29,73.517915973828550591,5.0000000004000018095,78.517915974228543519
30,73.517915973828550591,5.0000000004000018095,78.517915974228543519
31,73.517915973828550591,5.0000000004000018095,78.517915974228543519
32,73.517915973828550591,5.0000000004000018095,78.517915974228543519
33,73.517915973828550591,5.2925000002830024926,78.810415974111549531
34,73.517915973828550591,5.2925000002830024926,78.810415974111549531
35,73.517915973828550591,5.0000000004000018095,78.517915974228543519
36,73.517915973828550591,5.0000000004000018095,78.517915974228543519
37,73.517915973828550591,5.2925000002830024926,78.810415974111549531
38,78.517915974228543519,0.29249999988300023901,78.810415974111549531
39,78.517915974228543519,0,78.517915974228543519
40,78.517915974228543519,0,78.517915974228543519
41,78.517915974228543519,0,78.517915974228543519
42,78.517915974228543519,0.29249999988300023901,78.810415974111549531
43,78.193816251366499159,0.32409972286204968839,78.517915974228543519
44,78.193816251366499159,0.32409972286204968839,78.517915974228543519
45,70.245819443996225573,0.32409972286204968839,70.569919166858284143
46,70.569919166858284143,-0,70.569919166858284143
47,78.193816251366499159,0.32409972286204968839,78.517915974228543519
48,5.0000000004000018095,0.29249999988300023901,5.2925000002830024926
49,5.0000000004000018095,0.29249999988300023901,5.2925000002830024926
50,5.0000000004000009213,0.29249999988300023901,5.2925000002830007162
51,5.5401662054293634441,0.32409972286204968839,5.8642659282914131325
52,4.6759002775379521211,0.32409972286204968839,5.0000000004000018095
53,4.6759002775379521211,0.32409972286204968839,5.0000000004000018095
54,5.8642659282914131325,-0,5.8642659282914131325
55,5.8642659282914131325,-0,5.8642659282914131325
56,73.517915973828550591,-8.8817841970012523234e-16,73.517915973828550591
57,73.517915973828550591,4.1839999992000009854,77.701915973028548024
58,73.517915973828550591,4.1839999992000009854,77.701915973028548024
59,73.517915973828550591,3.7717451515545716845,77.289661125383119611
60,73.517915973828550591,3.7717451515545716845,77.289661125383119611
61,73.517915973828550591,4.1839999992000009854,77.701915973028548024
62,73.517915973828550591,4.5560599992000003766,78.073975973028552744
63,73.517915973828550591,4.1839999992000009854,77.701915973028548024
64,73.517915973828550591,4.1839999992000009854,77.701915973028548024
65,73.517915973828550591,5.0000000004000018095,78.517915974228543519
66,73.517915973828550591,5.0000000004000018095,78.517915974228543519
67,73.517915973828550591,5.0000000004000018095,78.517915974228543519
68,73.517915973828550591,5.0000000004000018095,78.517915974228543519
69,73.517915973828550591,5.0000000004000018095,78.517915974228543519
70,73.517915973828550591,5.0000000004000018095,78.517915974228543519
71,73.517915973828550591,5.0000000004000018095,78.517915974228543519
72,74.297915973750548346,4.2200000004780022778,78.517915974228543519
73,66.34991916638027476,4.2200000004780022778,70.569919166858284143
74,66.34991916638027476,4.2200000004780022778,70.569919166858284143
75,74.297915973750548346,3.8959002776159525894,78.193816251366499159
76,53.134850192268615388,4.6759002775379521211,57.810750469806563956
77,53.914850192190613143,4.2200000004780022778,58.134850192668615421
78,53.914850192190620248,4.2200000004780022778,58.134850192668622526
79,73.517915973828564802,4.6759002775379521211,78.19381625136651337
80,65.569919166458277004,4.6759002775379521211,70.245819443996225573
81,73.517915973828550591,4.6759002775379521211,78.193816251366499159
82,73.517915973828564802,4.6759002775379521211,78.19381625136651337
83,73.517915973828550591,4.6759002775379521211,78.193816251366499159
84,73.517915973828550591,4.1839999992000009854,77.701915973028548024
85,73.517915973828550591,4.1839999992000009854,77.701915973028548024
86,73.517915973828550591,4.1839999992000009854,77.701915973028548024
87,73.517915973828550591,4.1839999992000009854,77.701915973028548024
88,73.517915973828550591,4.1839999992000009854,77.701915973028548024
89,73.517915973828550591,4.1839999992000009854,77.701915973028548024
90,73.517915973828550591,3.7717451515545716845,77.289661125383119611
91,73.517915973828550591,3.7717451515545716845,77.289661125383119611
92,73.517915973828550591,4.1839999992000009854,77.701915973028548024
93,73.517915973828550591,4.1839999992000009854,77.701915973028548024
94,73.517915973828550591,4.1839999992000009854,77.701915973028548024
95,73.517915973828550591,4.1839999992000009854,77.701915973028548024
96,73.517915973828550591,4.5560599992000003766,78.073975973028552744
97,73.517915973828550591,4.5560599992000003766,78.073975973028552744
98,73.517915973828550591,4.1839999992000009854,77.701915973028548024
99,73.517915973828550591,4.1839999992000009854,77.701915973028548024
100,73.517915973828550591,5.0000000004000018095,78.517915974228543519
101,73.517915973828550591,5.0000000004000018095,78.517915974228543519
102,73.517915973828550591,5.0000000004000018095,78.517915974228543519
103,78.517915974228543519,-0,78.517915974228543519
104,81.481915973028549161,-0,81.481915973028549161
105,73.533919165658275574,0,73.533919165658275574
106,73.533919165658275574,0,73.533919165658275574
107,81.481915973028549161,0,81.481915973028549161
108,81.481915973028549161,-0,81.481915973028549161
109,81.478026776352649563,0,81.478026776352649563
110,81.478026776352649563,-0,81.478026776352649563
111,81.478026776352649563,-0,81.478026776352649563
112,75.518267973628510958,5.9636479994000373139,81.481915973028549161
113,75.518267973628510958,5.9636479994000364258,81.481915973028549161
114,75.518267973628510958,5.9636479994000364258,81.481915973028549161
115,74.870106555410785631,6.6118094176177688581,81.481915973028549161
116,75.518267973628510958,5.959758802724136828,81.478026776352649563
117,74.870106555410785631,6.6118094176177688581,81.481915973028549161
118,75.518267973628510958,5.959758802724136828,81.478026776352649563
119,75.518267973628510958,5.959758802724136828,81.478026776352649563
120,73.517915973828550591,7.9601108025241016364,81.478026776352649563
121,73.517915973828550591,7.9639999992000021223,81.481915973028549161
122,73.517915973828550591,7.9601108025241016364,81.478026776352649563
123,73.517915973828550591,7.9601108025241016364,81.478026776352649563
124,73.517915973828550591,7.9601108025241016364,81.478026776352649563
125,73.517915973828550591,7.9639999992000021223,81.481915973028549161
126,73.517915973828550591,7.9639999992000021223,81.481915973028549161
127,73.517915973828550591,7.9601108025241016364,81.478026776352649563
128,73.517915973828550591,7.9601108025241016364,81.478026776352649563
129,65.569919166458277004,7.9639999992000021223,73.533919165658275574
130,65.569919166458277004,7.9639999992000021223,73.533919165658275574
131,73.517915973828550591,7.9601108025241016364,81.478026776352649563
132,73.517915973828550591,7.9601108025241016364,81.478026776352649563
133,65.569919166458277004,7.9639999992000021223,73.533919165658275574
134,65.569919166458277004,7.9639999992000021223,73.533919165658275574
135,73.517915973828564802,7.9601108025241016364,81.478026776352663774
136,73.517915973828550591,7.9601108025241016364,81.478026776352649563
137,73.517915973828550591,7.9639999992000021223,81.481915973028549161
138,73.517915973828550591,7.9639999992000021223,81.481915973028549161
139,73.517915973828550591,7.9601108025241016364,81.478026776352649563
140,73.517915973828550591,4.5560599992000003766,78.073975973028552744
141,73.517915973828550591,4.5560599992000003766,78.073975973028552744
142,73.517915973828550591,4.5560599992000003766,78.073975973028552744
143,73.517915973828550591,4.1839999992000009854,77.701915973028548024
144,73.517915973828550591,4.5560599992000003766,78.073975973028552744
145,73.517915973828550591,4.5560599992000003766,78.073975973028552744
146,73.517915973828550591,4.1839999992000009854,77.701915973028548024
147,74.297915973750548346,3.4039999992780010096,77.701915973028548024
148,74.297915973750548346,3.4039999992780010096,77.701915973028548024
149,73.517915973828550591,4.1839999992000009854,77.701915973028548024
150,73.517915973828550591,4.1839999992000009854,77.701915973028548024
151,73.517915973828550591,4.1839999992000009854,77.701915973028548024
152,73.517915973828550591,4.1839999992000009854,77.701915973028548024
153,73.517915973828550591,5.0000000004000018095,78.517915974228543519
154,73.517915973828550591,5.0000000004000018095,78.517915974228543519
155,78.517915974228543519,-0,78.517915974228543519
156,5.0000000004000009213,0,5.0000000004000009213
157,5.0000000004000018095,0,5.0000000004000018095
158,5.0000000004000018095,-0,5.0000000004000018095
159,5.0482659270914123084,0.49190027833795157974,5.5401662054293634441
160,4.1839999992000009854,0.49190027833795157974,4.6759002775379521211
161,4.1839999992000009854,0.81600000120000126813,5.0000000004000018095
162,4.5560599992000003766,0.44394000120000098875,5.0000000004000018095
163,5.0482659270914123084,0.49190027833795157974,5.5401662054293634441
164,4.1839999992000009854,0.49190027833795157974,4.6759002775379521211
165,4.1839999991999992091,0.81600000120000126813,5.0000000004000009213
166,4.1839999992000009854,1.1085000010830015071,5.2925000002830024926
167,5.0482659270914123084,0.81600000120000126813,5.8642659282914131325
168,-8.8817841970012523234e-16,5.0000000004000018095,5.0000000004000009213
169,0,5.0000000004000018095,5.0000000004000018095
170,-0,5.0000000004000018095,5.0000000004000018095
171,1.6442659278134108547,4.2200000004780022778,5.8642659282914131325
172,-0,5.2925000002830024926,5.2925000002830024926
173,0,5.2925000002830024926,5.2925000002830024926
174,0,5.2925000002830024926,5.2925000002830024926
175,0.864265927891411323,5.0000000004000018095,5.8642659282914131325
176,-0,5.0000000004000018095,5.0000000004000018095
177,0,5.0000000004000018095,5.0000000004000018095
178,0.77999999992199953169,4.2200000004780022778,5.0000000004000018095
179,0,5.0000000004000018095,5.0000000004000018095
180,0,5.0000000004000018095,5.0000000004000018095
181,0,5.0000000004000018095,5.0000000004000018095
182,-0,5.2925000002830024926,5.2925000002830024926
183,0.864265927891411323,5.0000000004000018095,5.8642659282914131325
184,-0,5.0000000004000018095,5.0000000004000018095
185,-0,5.2925000002830024926,5.2925000002830024926
186,0,5.2925000002830024926,5.2925000002830024926
187,0.864265927891411323,5.0000000004000018095,5.8642659282914131325
188,-0,5.2925000002830024926,5.2925000002830024926
189,-0,5.2925000002830024926,5.2925000002830024926
190,-0,5.2925000002830024926,5.2925000002830024926
191,0.864265927891411323,5.0000000004000018095,5.8642659282914131325
192,-0,5.0000000004000018095,5.0000000004000018095
193,-0,5.0000000004000018095,5.0000000004000018095
194,0,5.0000000004000018095,5.0000000004000018095
195,0.864265927891411323,5.0000000004000018095,5.8642659282914131325
196,67.570271166258237372,3.2921480004830372401,70.862419166741275944
197,67.570271166258237372,3.2921480004830363519,70.862419166741275944
198,67.570271166258237372,3.2921480004830363519,70.862419166741275944
199,75.518267973628510958,2.9996480006000361129,78.517915974228543519
200,67.570271166258237372,2.9996480006000361129,70.569919166858284143
201,67.570271166258237372,2.9996480006000370011,70.569919166858284143
202,67.570271166258237372,2.9996480006000370011,70.569919166858284143
203,73.517915973828550591,5.0000000004000018095,78.517915974228543519
204,65.569919166458277004,5.0000000004000018095,70.569919166858284143
205,65.569919166458277004,5.0000000004000018095,70.569919166858284143
206,65.569919166458277004,5.0000000004000018095,70.569919166858284143
207,73.517915973828564802,5.0000000004000018095,78.51791597422857194
208,65.569919166458277004,5.0000000004000018095,70.569919166858284143
209,65.569919166458277004,7.9639999992000021223,73.533919165658275574
210,65.569919166458277004,7.9639999992000021223,73.533919165658275574
211,73.517915973828550591,7.9639999992000021223,81.481915973028549161
212,65.569919166458277004,7.9639999992000021223,73.533919165658275574
213,58.396852047806589781,7.9675099992000015803,66.364362047006594025
214,58.396852047806589781,7.9675099992000015803,66.364362047006594025
215,65.569919166458277004,7.9675099992000015803,73.537429165658281249
216,58.396852047806589781,7.9639999992000021223,66.36085204700658835
217,58.396852047806589781,7.9639999992000021223,66.36085204700658835
218,58.396852047806589781,7.9639999992000021223,66.36085204700658835
219,65.569919166458277004,7.9639999992000021223,73.533919165658275574
220,58.396852047806589781,7.9639999992000021223,66.36085204700658835
221,58.396852047806589781,7.9639999992000021223,66.36085204700658835
222,65.569919166458277004,7.9639999992000021223,73.533919165658275574
223,65.569919166458277004,7.9639999992000021223,73.533919165658275574
224,78.517915974228543519,-0,78.517915974228543519
225,78.810415974111549531,-0,78.810415974111549531
226,78.517915974228543519,-0,78.517915974228543519
227,78.517915974228543519,-0,78.517915974228543519
228,78.517915974228543519,-0,78.517915974228543519
229,78.517915974228557729,-4.4408920985006261617e-16,78.517915974228543519
230,78.517915974228543519,-0,78.517915974228543519
231,81.481915973028549161,-2.9639999987999998687,78.517915974228543519
232,81.481915973028549161,-2.9639999987999998687,78.517915974228543519
233,81.481915973028549161,-2.9639999987999998687,78.517915974228543519
234,81.481915973028549161,-2.9639999987999998687,78.517915974228543519
235,81.478026776352649563,-2.9601108021240998269,78.517915974228543519
236,81.481915973028549161,0,81.481915973028549161
237,81.481915973028549161,0,81.481915973028549161
238,81.481915973028549161,-0,81.481915973028549161
239,81.481915973028549161,-0,81.481915973028549161
240,81.481915973028549161,0,81.481915973028549161
241,73.533919165658275574,0,73.533919165658275574
242,73.533919165658275574,0,73.533919165658275574
243,81.481915973028549161,0,81.481915973028549161
244,73.533919165658275574,0,73.533919165658275574
245,73.533919165658275574,0.0035099999999999992317,73.537429165658281249
246,73.537429165658281249,0,73.537429165658281249
247,81.481915973028563371,-0,81.481915973028563371
248,81.481915973028549161,0,81.481915973028549161
249,81.481915973028549161,0,81.481915973028549161
250,81.481915973028549161,-0,81.481915973028549161
251,81.481915973028549161,-0,81.481915973028549161
252,81.517915973028550525,-0,81.517915973028550525
253,81.517915973028550525,-0,81.517915973028550525
254,81.517915973028550525,-0,81.517915973028550525
255,81.517915973028550525,-0,81.517915973028550525
256,81.517915973028550525,-0,81.517915973028550525
257,81.517915973028550525,-0,81.517915973028550525
258,81.517915973028550525,-0,81.517915973028550525
259,81.517915973028550525,-0,81.517915973028550525
260,81.517915973028550525,-0,81.517915973028550525
261,81.517915973028550525,-0,81.517915973028550525
262,81.517915973028550525,-0,81.517915973028550525
263,81.517915973028550525,-0,81.517915973028550525
264,81.517915973028550525,-0,81.517915973028550525
265,81.517915973028550525,-0,81.517915973028550525
266,81.517915973028550525,-0,81.517915973028550525
267,81.517915973028550525,-0,81.517915973028550525
268,81.517915973028550525,-0,81.517915973028550525
269,73.569919165658276938,-0,73.569919165658276938
270,73.569919165658276938,-0,73.569919165658276938
271,81.517915973028550525,-0,81.517915973028550525
272,81.517915973028550525,-0,81.517915973028550525
273,73.569919165658276938,-0,73.569919165658276938
274,81.517915973028550525,-0,81.517915973028550525
275,81.517915973028550525,-0,81.517915973028550525
276,81.517915973028550525,-0,81.517915973028550525
277,81.517915973028550525,-0,81.517915973028550525
278,81.517915973028550525,-0,81.517915973028550525
279,81.517915973028550525,-0,81.517915973028550525
280,81.478026776352649563,6.9388939039072283776e-18,81.478026776352649563
281,81.478026776352649563,-0,81.478026776352649563
282,81.478026776352649563,0,81.478026776352649563
283,81.478026776352649563,0,81.478026776352649563
284,81.478026776352649563,0,81.478026776352649563
285,81.478026776352649563,0,81.478026776352649563
286,81.478026776352649563,-0,81.478026776352649563
287,81.478026776352649563,-6.9388939039072283776e-18,81.478026776352649563
288,81.478026776352649563,-6.9388939039072283776e-18,81.478026776352649563
289,81.478026776352649563,0,81.478026776352649563
290,81.473717417154972509,-0,81.473717417154972509
291,81.473717417154972509,-0,81.473717417154972509
292,81.478026776352649563,-0,81.478026776352649563
293,81.473717417154972509,-0,81.473717417154972509
294,81.478026776352649563,-0,81.478026776352649563
295,81.478026776352649563,-6.9388939039072283776e-18,81.478026776352649563
296,81.478026776352649563,0.0038891966759002707943,81.481915973028549161
297,73.530029968982375976,-0,73.530029968982375976
298,73.530029968982375976,-0,73.530029968982375976
299,81.478026776352649563,0.0038891966759002638554,81.481915973028549161
300,73.530029968982375976,-6.9388939039072283776e-18,73.530029968982375976
301,73.530029968982375976,-6.9388939039072283776e-18,73.530029968982375976
302,81.478026776352649563,0.039889196675900261135,81.517915973028550525
303,81.478026776352649563,0.039889196675900261135,81.517915973028550525
304,73.530029968982375976,0.039889196675900261135,73.569919165658276938
305,81.47371741715498672,0.044198555873573706909,81.517915973028564736
306,81.47371741715498672,0.044198555873573706909,81.517915973028564736
307,81.473717417154972509,0.044198555873573706909,81.517915973028550525
308,78.810415974111549531,0,78.810415974111549531
309,78.810415974111549531,0,78.810415974111549531
310,78.810415974111549531,-0,78.810415974111549531
311,78.810415974111549531,-0,78.810415974111549531
312,78.810415974111549531,0,78.810415974111549531
313,78.810415974111549531,0,78.810415974111549531
314,78.810415974111549531,-0,78.810415974111549531
315,78.517915974228543519,-0,78.517915974228543519
316,78.517915974228543519,-0,78.517915974228543519
317,78.517915974228543519,-0,78.517915974228543519
318,78.517915974228543519,-0,78.517915974228543519
319,78.517915974228543519,-0,78.517915974228543519
320,78.517915974228543519,-0,78.517915974228543519
321,78.517915974228543519,-0,78.517915974228543519
322,78.517915974228543519,-0,78.517915974228543519
323,78.517915974228543519,-0,78.517915974228543519
324,78.517915974228543519,-0,78.517915974228543519
325,70.569919166858284143,-0,70.569919166858284143
326,70.569919166858284143,-0,70.569919166858284143
327,78.517915974228543519,0,78.517915974228543519
328,58.134850192668615421,-0,58.134850192668615421
329,58.134850192668615421,-0,58.134850192668615421
330,58.134850192668622526,0,58.134850192668622526
331,78.51791597422857194,-0,78.51791597422857194
332,70.569919166858284143,-0,70.569919166858284143
333,78.51791597422857194,-0,78.51791597422857194
334,78.51791597422857194,-0,78.51791597422857194
335,78.517915974228543519,-0,78.517915974228543519
336,74.297915973750548346,-0,74.297915973750548346
337,74.297915973750548346,-0,74.297915973750548346
338,74.297915973750548346,-0,74.297915973750548346
339,73.517915973828550591,0,73.517915973828550591
340,73.517915973828550591,-0,73.517915973828550591
341,73.517915973828550591,-8.8817841970012523234e-16,73.517915973828550591
342,73.517915973828550591,-0,73.517915973828550591
343,73.517915973828550591,-0,73.517915973828550591
344,73.517915973828550591,-0,73.517915973828550591
345,73.517915973828550591,-8.8817841970012523234e-16,73.517915973828550591
346,73.517915973828550591,-8.8817841970012523234e-16,73.517915973828550591
347,73.517915973828550591,-0,73.517915973828550591
348,73.517915973828550591,0,73.517915973828550591
349,73.517915973828550591,-0,73.517915973828550591
350,73.517915973828550591,0,73.517915973828550591
351,73.517915973828550591,0,73.517915973828550591
352,73.517915973828550591,0,73.517915973828550591
353,73.517915973828550591,-0,73.517915973828550591
354,73.517915973828550591,0.77999999992199953169,74.297915973750548346
355,73.517915973828550591,-0,73.517915973828550591
356,65.569919166458277004,-0,65.569919166458277004
357,73.517915973828550591,0,73.517915973828550591
358,73.517915973828550591,4.1839999992000018736,77.701915973028548024
359,74.297915973750548346,3.4039999992780018978,77.701915973028548024
360,66.34991916638027476,2.991745151632573041,69.341664318012846024
361,73.517915973828550591,3.7717451515545725726,77.289661125383119611
362,73.517915973828550591,4.1839999992000009854,77.701915973028548024
363,73.517915973828550591,3.7717451515545725726,77.289661125383119611
364,19.989280162010743425,54.308635811739804922,74.297915973750548346
365,19.989280162010757635,54.308635811739790711,74.297915973750548346
366,19.989280162010743425,54.308635811739804922,74.297915973750548346
367,-0.52507829732573441106,74.042994271154270791,73.51791597382853638
368,-0.52507829732573441106,74.042994271154270791,73.51791597382853638
369,26.653937246999461763,74.822994271076268546,101.47693151807573031
370,16.055986424057479667,74.822994271076268546,90.878980695133748213
371,16.055986424057479667,74.822994271076268546,90.878980695133748213
372,16.055986424057479667,74.822994271076268546,90.878980695133748213
373,26.653937246999461763,74.822994271076268546,101.47693151807573031
374,16.055986424057479667,74.822994271076268546,90.878980695133748213
375,16.055986424057479667,74.822994271076268546,90.878980695133748213
376,16.055986424057479667,74.822994271076268546,90.878980695133748213
377,26.653937246999461763,74.822994271076268546,101.47693151807573031
378,16.055986424057479667,74.042994271154270791,90.098980695211750458
379,16.055986424057479667,74.042994271154270791,90.098980695211750458
380,16.055986424057479667,74.042994271154270791,90.098980695211750458
381,26.653937246999461763,74.042994271154270791,100.69693151815373255
382,-0.52507829732572020021,73.178728343262861245,72.653650045937141044
383,-0.52507829732572020021,73.178728343262861245,72.653650045937141044
384,-0.52507829732572020021,73.178728343262861245,72.653650045937141044
385,8.2815663645804136195,73.178728343262861245,81.460294707843274864
386,-0.52507829732572020021,73.178728343262861245,72.653650045937141044
387,-0.52507829732572020021,73.178728343262861245,72.653650045937141044
388,-0.52507829732573441106,73.178728343262861245,72.653650045937126833
389,26.653937246999461763,73.178728343262861245,99.832665590262323008
390,-0.52507829732572020021,73.178728343262861245,72.653650045937141044
391,-0.52507829732572020021,73.178728343262861245,72.653650045937141044
392,11.261443432925162256,82.906364843297794209,94.167808276222956465
393,22.298962886502707192,82.042098915406384663,104.34106180190909186
394,11.261443432925148045,82.042098915406384663,93.303542348331532708
395,11.261443432925148045,82.042098915406384663,93.303542348331532708
396,11.261443432925162256,82.042098915406384663,93.303542348331546918
397,12.478053665291042762,91.863008136618049093,104.34106180190909186
398,11.261443432925148045,82.906364843297794209,94.167808276222942254
399,11.261443432925148045,82.042098915406384663,93.303542348331532708
400,11.261443432925148045,82.042098915406384663,93.303542348331532708
401,22.298962886502692982,82.042098915406384663,104.34106180190907764
402,20.124814005068671463,74.042994271154270791,94.167808276222942254
403,20.124814005068671463,74.042994271154270791,94.167808276222942254
404,20.124814005068671463,73.178728343262861245,93.303542348331532708
405,22.298962886502692982,82.042098915406384663,104.34106180190907764
406,-0.52507829732572020021,74.042994271154270791,73.517915973828550591
407,-9.3884488694692436184,82.906364843297794209,73.517915973828550591
408,-9.3884488694692436184,82.042098915406384663,72.653650045937141044
409,-0.58180420756310979868,82.042098915406384663,81.460294707843274864
410,-0.52507829732572020021,73.178728343262861245,72.653650045937141044
411,-0.52507829732572020021,73.178728343262861245,72.653650045937141044
412,-9.3884488694692436184,82.042098915406384663,72.653650045937141044
413,-0.58180420756310979868,82.042098915406384663,81.460294707843274864
414,-0.52507829732572020021,74.042994271154270791,73.517915973828550591
415,-9.3884488694692436184,82.042098915406384663,72.653650045937141044
416,-9.3884488694692436184,82.042098915406384663,72.653650045937141044
417,11.261443432925162256,82.042098915406384663,93.303542348331546918
418,-9.3884488694692436184,82.042098915406384663,72.653650045937141044
419,-9.3884488694692436184,82.042098915406384663,72.653650045937141044
420,20.124814005068685674,74.042994271154270791,94.167808276222956465
421,31.162333458646230611,73.178728343262861245,104.34106180190909186
422,-0.52507829732572020021,74.042994271154270791,73.517915973828550591
423,-0.52507829732572020021,74.042994271154270791,73.517915973828550591
424,-0.52507829732572020021,74.042994271154270791,73.517915973828550591
425,8.2815663645804136195,74.042994271154270791,82.324560635734684411
426,73.517915973828550591,0.77999999992199775534,74.297915973750548346
427,73.517915973828550591,0.77999999992199775534,74.297915973750548346
428,73.517915973828550591,0.77999999992199864352,74.297915973750548346
429,81.460294707843274864,0.86426592789141043482,82.324560635734684411
430,73.517915973828550591,0.77999999992199775534,74.297915973750548346
431,73.517915973828550591,-1.7763568394002504647e-15,73.517915973828550591
432,73.517915973828550591,-0,73.517915973828550591
433,81.460294707843274864,0.86426592789141043482,82.324560635734684411
434,73.517915973828550591,-0,73.517915973828550591
435,72.653650045937141044,0.86426592789141043482,73.517915973828550591
436,72.653650045937141044,0.86426592789141043482,73.517915973828550591
437,81.460294707843274864,0.86426592789141043482,82.324560635734684411
438,73.517915973828550591,-1.7763568394002504647e-15,73.517915973828550591
439,73.517915973828550591,-0,73.517915973828550591
440,73.517915973828550591,0.77999999992199775534,74.297915973750548346
441,81.460294707843274864,0.86426592789141043482,82.324560635734684411
442,73.517915973828550591,-0,73.517915973828550591
443,73.517915973828550591,-0,73.517915973828550591
444,72.653650045937141044,0.86426592789141043482,73.517915973828550591
445,81.460294707843274864,0.86426592789141043482,82.324560635734684411
446,72.653650045937141044,0.86426592789141043482,73.517915973828550591
447,72.653650045937141044,0.86426592789141043482,73.517915973828550591
448,20.124814005068685674,74.042994271154270791,94.167808276222956465
449,31.162333458646230611,74.042994271154270791,105.2053277298005014
450,20.124814005068685674,74.042994271154270791,94.167808276222956465
451,28.124005946428226821,66.043802329794729644,94.167808276222956465
452,28.124005946428226821,66.043802329794729644,94.167808276222956465
453,31.162333458646230611,74.042994271154270791,105.2053277298005014
454,28.124005946428226821,66.043802329794729644,94.167808276222956465
455,20.124814005068685674,73.178728343262861245,93.303542348331546918
456,20.124814005068685674,73.178728343262861245,93.303542348331546918
457,31.162333458646230611,73.178728343262861245,104.34106180190909186
458,20.124814005068685674,74.042994271154270791,94.167808276222956465
459,20.124814005068685674,74.042994271154270791,94.167808276222956465
460,20.124814005068685674,74.822994271076268546,94.94780827614495422
461,31.162333458646230611,74.042994271154270791,105.2053277298005014
462,-0.52507829732572020021,78.226994270354268224,77.701915973028548024
463,-0.52507829732572020021,78.226994270354268224,77.701915973028548024
464,-0.52507829732572020021,78.226994270354268224,77.701915973028548024
465,8.2815663645804136195,77.814739422708839811,86.096305787289253431
466,7.4741136440338209468,70.227802328994727077,77.701915973028548024
467,-0.52507829732572020021,79.04299427155427793,78.517915974228543519
468,-0,78.517915974228543519,78.517915974228543519
469,8.2815663645804136195,79.04299427155427793,87.324560636134691549
470,73.517915973828550591,5.0000000004000009213,78.517915974228543519
471,73.517915973828550591,5.0000000004000018095,78.517915974228543519
472,73.517915973828550591,6.8874651906511861199,80.405381164479734935
473,81.460294707843274864,7.7517311185425974429,89.212025826385868754
474,73.517915973828550591,6.8874651906511861199,80.405381164479734935
475,73.517915973828550591,6.7672744495614249871,80.285190423389977354
476,0,46.894137219664372651,46.894137219664372651
477,0,51.960262847273540388,51.960262847273540388
478,-11.037519453577544937,57.931656673241917588,46.894137219664372651
479,-0.09955693655696506994,57.931656673241910482,57.832099736684945412
480,-11.037519453577544937,57.931656673241917588,46.894137219664372651
481,0,51.960262847273540388,51.960262847273540388
482,-0.09955693655696506994,57.931656673241917588,57.832099736684952518
483,-0.09955693655696506994,57.931656673241917588,57.832099736684952518
484,-11.037519453577544937,57.931656673241917588,46.894137219664372651
485,0,57.931656673241910482,57.931656673241910482
486,-31.687411755971950811,57.931656673241917588,26.244244917269966777
487,-20.649892302394405874,28.465256318030014882,7.8153640156356090074
488,-20.649892302394405874,28.465256318030014882,7.8153640156356090074
489,-22.880767094065816991,39.502775771607559818,16.622008677541742827
490,-31.687411755971950811,39.502775771607559818,7.8153640156356090074
491,-0.52507829732572020021,8.3404423129613292076,7.8153640156356090074
492,-0.52507829732572020021,8.3404423129613292076,7.8153640156356090074
493,-0.58180420756310979868,17.203812885104852626,16.622008677541742827
494,-0.52507829732572020021,8.3404423129613292076,7.8153640156356090074
495,-0.52507829732572020021,74.042994271154270791,73.517915973828550591
496,-0.52507829732572020021,74.042994271154270791,73.517915973828550591
497,8.2815663645804136195,73.178728343262861245,81.460294707843274864
498,-0.52507829732572020021,73.178728343262861245,72.653650045937141044
499,-0.52507829732572020021,74.042994271154270791,73.517915973828550591
500,-0.52507829732572020021,74.042994271154270791,73.517915973828550591
501,17.790566674855938345,82.906364843297794209,100.69693151815373255
502,-0.52507829732572020021,73.178728343262861245,72.653650045937141044
503,-0.52507829732572020021,73.178728343262861245,72.653650045937141044
504,-11.037519453577544937,31.540450213883673314,20.502930760306128377
505,-0,31.540450213883673314,31.540450213883673314
506,-11.037519453577544937,31.540450213883673314,20.502930760306128377
507,-11.037519453577544937,39.502775771607559818,28.465256318030014882
508,-0,28.465256318030014882,28.465256318030014882
509,31.162333458646230611,0.37811675523744270322,31.540450213883673314
510,20.124814005068685674,0.37811675523744270322,20.502930760306128377
511,31.062776522089265541,8.3404423129613292076,39.403218835050594748
512,20.124814005068685674,8.3404423129613292076,28.465256318030014882
513,31.162333458646230611,0.37811675523744270322,31.540450213883673314
514,20.124814005068685674,0.37811675523744270322,20.502930760306128377
515,31.062776522089265541,0.37811675523744270322,31.440893277326708244
516,31.062776522089265541,0.37811675523744270322,31.440893277326708244
517,22.298962886502707192,9.2414873273809661214,31.540450213883673314
518,20.124814005068685674,0.37811675523744270322,20.502930760306128377
519,31.062776522089265541,0.37811675523744270322,31.440893277326708244
520,31.062776522089265541,0.37811675523744270322,31.440893277326708244
521,22.298962886502707192,9.2414873273809661214,31.540450213883673314
522,-9.3884488694692436184,17.203812885104852626,7.8153640156356090074
523,-9.3884488694692436184,17.203812885104852626,7.8153640156356090074
524,-9.3884488694692436184,17.203812885104852626,7.8153640156356090074
525,-0.58180420756310979868,17.203812885104852626,16.622008677541742827
526,-0.52507829732572020021,8.3404423129613292076,7.8153640156356090074
527,-0.52507829732572020021,0.37811675523744270322,-0.14696154208827749699
528,-0.52507829732572020021,0.37811675523744270322,-0.14696154208827749699
529,26.653937246999461763,0.37811675523744270322,27.032054002236904466
530,-0.52507829732572020021,0.37811675523744270322,-0.14696154208827749699
531,-0.52507829732572020021,74.042994271154270791,73.517915973828550591
532,10.937962517020579867,28.465256318030014882,39.403218835050594748
533,-0,31.540450213883673314,31.540450213883673314
534,-0.09955693655696506994,31.540450213883673314,31.440893277326708244
535,-0.09955693655696506994,31.54045021388361647,31.4408932773266514
536,-0.09955693655696506994,39.502775771607559818,39.403218835050594748
537,12.119626057640530803,31.540450213883673314,43.660076271524204117
538,10.937962517020579867,20.502930760306128377,31.440893277326708244
539,10.937962517020579867,20.502930760306128377,31.440893277326708244
540,-0.09955693655696506994,31.540450213883673314,31.440893277326708244
541,12.119626057640530803,31.540450213883673314,43.660076271524204117
542,-0.09955693655696506994,31.540450213883673314,31.440893277326708244
543,-0.09955693655696506994,31.540450213883673314,31.440893277326708244
544,-0.09955693655696506994,31.540450213883673314,31.440893277326708244
545,12.119626057640530803,31.540450213883673314,43.660076271524204117
546,0,31.540450213883673314,31.540450213883673314
547,-11.037519453577544937,31.540450213883673314,20.502930760306128377
548,-11.037519453577544937,39.502775771607559818,28.465256318030014882
549,-0,31.540450213883673314,31.540450213883673314
550,-31.540450213883687525,31.540450213883687525,-0
551,-31.540450213883687525,39.502775771607559818,7.9623255577238722935
552,-31.540450213883687525,39.502775771607559818,7.9623255577238722935
553,-22.717928820283802338,31.540450213883673314,8.8225213935998709758
554,-31.540450213883687525,31.540450213883673314,-1.4210854715202003717e-14
555,-0.37811675523744270322,0.37811675523744270322,-0
556,-0.37811675523745691407,8.3404423129613292076,7.9623255577238722935
557,22.199405949945742123,9.2414873273809661214,31.440893277326708244
558,31.062776522089265541,0.3781167552373858598,31.4408932773266514
559,-0.52507829732572020021,0.37811675523744270322,-0.14696154208827749699
560,10.937962517020579867,28.46525631802998646,39.403218835050566327
561,12.119626057640530803,31.540450213883673314,43.660076271524204117
562,11.037519453577544937,20.502930760306128377,31.540450213883673314
563,-0,20.502930760306085745,20.502930760306085745
564,-0,20.502930760306128377,20.502930760306128377
565,-0,31.540450213883673314,31.540450213883673314
566,-0.09955693655696506994,31.540450213883673314,31.440893277326708244
567,-0.09955693655696506994,31.540450213883673314,31.440893277326708244
568,-11.037519453577544937,31.540450213883673314,20.502930760306128377
569,-0,31.540450213883673314,31.540450213883673314
570,-0,31.540450213883673314,31.540450213883673314
571,-0.09955693655696506994,31.540450213883673314,31.440893277326708244
572,-11.037519453577544937,31.540450213883630681,20.502930760306085745
573,-0,31.540450213883673314,31.540450213883673314
574,-0.09955693655696506994,31.540450213883630681,31.440893277326665611
575,-11.037519453577544937,31.540450213883673314,20.502930760306128377
576,-0,28.465256318030014882,28.465256318030014882
577,-0,31.540450213883673314,31.540450213883673314
578,20.034963869826029281,0.37811675523744270322,20.413080625063471985
579,20.034963869826029281,8.3404423129613292076,28.375406182787358489
580,20.034963869826029281,8.3404423129613292076,28.375406182787358489
581,22.199405949945742123,9.2414873273809661214,31.440893277326708244
582,2.7813571700635009165,0.37811675523744270322,3.1594739253009436197
583,2.7813571700635151274,8.3404423129613292076,11.121799483024844335
584,10.780549111423042064,0.34125037160178806062,11.121799483024830124
585,31.062776522089265541,0.37811675523744270322,31.440893277326708244
586,-0.37811675523744270322,0.37811675523744270322,-0
587,-0,0.37811675523744270322,0.37811675523744270322
588,28.206756030113226075,3.2341372472134537475,31.440893277326679822
589,28.306312966670191145,3.2341372472134821692,31.540450213883673314
590,28.206756030113226075,3.2341372472134821692,31.440893277326708244
591,28.206756030113226075,3.2341372472134821692,31.440893277326708244
592,28.206756030113226075,3.2341372472134537475,31.440893277326679822
593,12.119626057640530803,31.540450213883673314,43.660076271524204117
594,-0,31.540450213883673314,31.540450213883673314
595,-0,31.540450213883644892,31.540450213883644892
596,-0.09955693655696506994,31.540450213883644892,31.440893277326679822
597,12.119626057640530803,31.540450213883673314,43.660076271524204117
598,-0.09955693655696506994,31.540450213883673314,31.440893277326708244
599,11.037519453577544937,20.502930760306128377,31.540450213883673314
600,10.937962517020579867,20.502930760306128377,31.440893277326708244
601,12.119626057640516592,31.540450213883687525,43.660076271524204117
602,-0.09955693655696506994,31.540450213883673314,31.440893277326708244
603,11.037519453577544937,20.502930760306128377,31.540450213883673314
604,10.937962517020579867,20.502930760306128377,31.440893277326708244
605,12.119626057640530803,31.540450213883673314,43.660076271524204117
606,-11.127369588820201329,31.540450213883673314,20.413080625063471985
607,-0.08985013524265639262,20.502930760306128377,20.413080625063471985
608,-11.127369588820201329,31.540450213883673314,20.413080625063471985
609,-0.09955693655696506994,31.540450213883673314,31.440893277326708244
610,2.7813571700635151274,0.37811675523744270322,3.1594739253009578306
611,2.7813571700635009165,0.37811675523744270322,3.1594739253009436197
612,2.7813571700635009165,0.37811675523744270322,3.1594739253009436197
613,22.199405949945742123,9.2414873273809661214,31.440893277326708244
614,31.062776522089265541,0.37811675523744270322,31.440893277326708244
615,31.062776522089265541,0.37811675523744270322,31.440893277326708244
616,-11.037519453577544937,31.540450213883673314,20.502930760306128377
617,-0,31.540450213883673314,31.540450213883673314
618,-11.037519453577544937,31.540450213883673314,20.502930760306128377
619,-0.09955693655696506994,31.540450213883673314,31.440893277326708244
620,-11.037519453577544937,31.540450213883673314,20.502930760306128377
621,-0,31.540450213883644892,31.540450213883644892
622,-11.037519453577544937,31.540450213883673314,20.502930760306128377
623,10.937962517020579867,20.502930760306128377,31.440893277326708244
624,10.937962517020579867,20.502930760306128377,31.440893277326708244
625,-0,31.540450213883673314,31.540450213883673314
626,-11.037519453577544937,31.540450213883673314,20.502930760306128377
627,31.062776522089265541,0.37811675523744270322,31.440893277326708244
628,31.062776522089265541,0.37811675523741428151,31.440893277326679822
629,31.162333458646230611,0.37811675523744270322,31.540450213883673314
630,20.124814005068685674,0.37811675523744270322,20.502930760306128377
631,31.062776522089265541,0.37811675523744270322,31.440893277326708244
632,20.124814005068685674,0.37811675523744270322,20.502930760306128377
633,31.162333458646230611,0.37811675523744270322,31.540450213883673314
634,2.7813571700635009165,0.37811675523744270322,3.1594739253009436197
635,2.7813571700635151274,0.37811675523744270322,3.1594739253009578306
636,2.7813571700635009165,0.37811675523744270322,3.1594739253009436197
637,3.0818361995163598976,9.2414873273809661214,12.323323526897326019
638,-6.0820134020800225017,9.2414873273809661214,3.1594739253009436197
639,2.7813571700635151274,0.37811675523744270322,3.1594739253009578306
640,2.7813571700635009165,0.37811675523744270322,3.1594739253009436197
641,31.162333458646230611,0.37811675523744270322,31.540450213883673314
642,31.062776522089265541,0.37811675523744270322,31.440893277326708244
643,31.062776522089265541,0.37811675523744270322,31.440893277326708244
644,-0.099556936556950859085,31.540450213883659103,31.440893277326708244
645,-0,31.540450213883673314,31.540450213883673314
646,-0.09955693655696506994,31.540450213883673314,31.440893277326708244
647,-0.09955693655696506994,31.540450213883673314,31.440893277326708244
648,-0.09955693655696506994,31.540450213883673314,31.440893277326708244
649,-0.11031239507696000146,43.770388666601164118,43.660076271524204117
650,-0.09955693655696506994,31.540450213883673314,31.440893277326708244
651,-0,31.540450213883673314,31.540450213883673314
652,-0.09955693655696506994,31.540450213883673314,31.440893277326708244
653,-0.11031239507696000146,43.770388666601164118,43.660076271524204117
654,-0.09955693655696506994,31.540450213883673314,31.440893277326708244
655,-0.09955693655696506994,31.540450213883644892,31.440893277326679822
656,-0.09955693655696506994,31.540450213883644892,31.440893277326679822
657,-0.11031239507696000146,43.770388666601164118,43.660076271524204117
658,-0.09955693655696506994,31.540450213883673314,31.440893277326708244
659,-0.09955693655696506994,31.540450213883673314,31.440893277326708244
660,-0.09955693655696506994,31.540450213883644892,31.440893277326679822
661,-0,31.540450213883673314,31.540450213883673314
662,-31.540450213883659103,31.540450213883673314,1.4210854715202003717e-14
663,-20.502930760306114166,20.502930760306099955,-1.4210854715202003717e-14
664,-31.540450213883644892,31.540450213883644892,-0
665,-22.717928820283773916,31.540450213883673314,8.8225213935998993975
666,-31.540450213883687525,31.540450213883673314,-1.4210854715202003717e-14
667,-31.540450213883673314,31.540450213883673314,-0
668,-31.540450213883687525,39.502775771607559818,7.9623255577238722935
669,-4.3124359925295294715,31.540450213883673314,27.228014221354143842
670,-31.540450213883673314,31.540450213883673314,-0
671,-22.717928820283802338,31.540450213883673314,8.8225213935998709758
672,-0.09955693655696506994,31.540450213883673314,31.440893277326708244
673,0,31.540450213883673314,31.540450213883673314
674,-0.09955693655696506994,31.540450213883673314,31.440893277326708244
675,-0.09955693655696506994,31.540450213883673314,31.440893277326708244
676,-0.09955693655696506994,31.540450213883673314,31.440893277326708244
677,12.119626057640530803,31.540450213883673314,43.660076271524204117
678,-0.09955693655696506994,31.540450213883673314,31.440893277326708244
679,-0.09955693655696506994,31.540450213883644892,31.440893277326679822
680,-0.09955693655696506994,31.540450213883644892,31.440893277326679822
681,12.119626057640530803,31.540450213883673314,43.660076271524204117
682,-0,31.540450213883673314,31.540450213883673314
683,-0.09955693655696506994,31.540450213883673314,31.440893277326708244
684,-0.09955693655696506994,31.540450213883673314,31.440893277326708244
685,-0.11031239507696000146,43.770388666601164118,43.660076271524204117
686,0,31.540450213883673314,31.540450213883673314
687,10.937962517020579867,20.502930760306099955,31.440893277326679822
688,-11.037519453577544937,39.502775771607559818,28.465256318030014882
689,0,31.540450213883673314,31.540450213883673314
690,-31.687411755971950811,31.540450213883673314,-0.14696154208827749699
691,-20.649892302394405874,20.502930760306099955,-0.1469615420883059187
692,-20.649892302394405874,28.465256318030014882,7.8153640156356090074
693,-22.880767094065816991,31.540450213883673314,8.6596831198178563227
694,-20.649892302394405874,20.502930760306128377,-0.14696154208827749699
695,-20.649892302394405874,20.502930760306099955,-0.1469615420883059187
696,-20.649892302394405874,20.502930760306099955,-0.1469615420883059187
697,-22.880767094065816991,31.540450213883673314,8.6596831198178563227
698,-31.687411755971950811,31.540450213883644892,-0.1469615420883059187
699,-0.52507829732572020021,74.042994271154270791,73.517915973828550591
700,20.124814005068685674,20.797929388627288461,40.922743393695974135
701,31.162333458646230611,20.797929388627288461,51.960262847273519071
702,-0.52507829732572020021,20.797929388627281355,20.272851091301561155
703,-0.52507829732572020021,20.797929388627288461,20.27285109130156826
704,-0.52507829732572020021,20.797929388627288461,20.27285109130156826
705,8.2815663645804136195,0.37811675523740007065,8.6596831198178136901
706,-0.52507829732572020021,0.37811675523740007065,-0.14696154208832012955
707,-0.52507829732572020021,8.3404423129613007859,7.8153640156355805857
708,-0.52507829732572020021,8.3404423129613007859,7.8153640156355805857
709,8.2815663645804136195,0.37811675523740007065,8.6596831198178136901
710,-0.52507829732572020021,0.37811675523740007065,-0.14696154208832012955
711,-0.52507829732572020021,74.042994271154270791,73.517915973828550591
712,-9.3884488694692436184,82.906364843297794209,73.517915973828550591
713,-0.58180420756310979868,82.906364843297794209,82.324560635734684411
714,-9.3884488694692436184,82.906364843297794209,73.517915973828550591
715,-0.52507829732572020021,74.042994271154270791,73.517915973828550591
716,-0.52507829732572020021,74.042994271154270791,73.517915973828550591
717,8.2815663645804136195,0.37811675523741428151,8.659683119817827901
718,-0.52507829732572020021,0.37811675523744270322,-0.14696154208827749699
719,-0.52507829732572020021,8.3404423129613149968,7.8153640156355947965
720,-0.52507829732572020021,8.3404423129613149968,7.8153640156355947965
721,-0.58180420756310979868,9.2414873273809234888,8.6596831198178136901
722,-9.3884488694692436184,9.2414873273809234888,-0.14696154208832012955
723,-0.52507829732572020021,0.37811675523740007065,-0.14696154208832012955
724,-0.52507829732572020021,0.37811675523740007065,-0.14696154208832012955
725,-0.58180420756310979868,9.2414873273809234888,8.6596831198178136901
726,-9.3884488694692436184,9.2414873273809661214,-0.14696154208827749699
727,-9.3884488694692436184,9.2414873273809234888,-0.14696154208832012955
728,-11.127369588820201329,31.540450213883673314,20.413080625063471985
729,-0.09955693655696506994,31.540450213883673314,31.440893277326708244
730,-28.306312966670191145,31.540450213883673314,3.2341372472134821692
731,-17.268793513092646208,20.502930760306128377,3.2341372472134821692
732,-17.268793513092646208,20.502930760306128377,3.2341372472134821692
733,-19.1343972444239796,31.540450213883673314,12.406052969459693713
734,-17.268793513092646208,20.502930760306128377,3.2341372472134821692
735,-17.268793513092646208,20.502930760306128377,3.2341372472134821692
736,-28.306312966670191145,31.540450213883673314,3.2341372472134821692
737,1.4210854715202003717e-14,31.540450213883673314,31.540450213883687525
738,1.4210854715202003717e-14,31.540450213883673314,31.540450213883687525
739,-11.037519453577530726,31.540450213883673314,20.502930760306142588
740,-11.037519453577530726,31.540450213883673314,20.502930760306142588
741,0,31.540450213883673314,31.540450213883673314
742,20.124814005068685674,0.37811675523744270322,20.502930760306128377
743,31.062776522089265541,0.37811675523744270322,31.440893277326708244
744,20.124814005068685674,0.37811675523741428151,20.502930760306099955
745,31.162333458646230611,0.37811675523744270322,31.540450213883673314
746,20.124814005068685674,0.37811675523744270322,20.502930760306128377
747,20.124814005068685674,0.37811675523744270322,20.502930760306128377
748,20.124814005068685674,0.37811675523744270322,20.502930760306128377
749,31.162333458646230611,0.37811675523744270322,31.540450213883673314
750,-0.52507829732572020021,0.37811675523744270322,-0.14696154208827749699
751,-0.52507829732572020021,0.37811675523744270322,-0.14696154208827749699
752,-0.52507829732572020021,0.37811675523744270322,-0.14696154208827749699
753,-0.58180420756310979868,0.4189659337810951456,-0.16283827378201465308
754,-8.9694829356881484728,-0,-8.9694829356881484728
755,-0.52507829732572020021,-8.4444046383624282726,-8.9694829356881484728
756,-8911.7946722710003087,-0,-8911.7946722710003087
757,-9874.5647338182825479,-0,-9874.5647338182825479
758,-0.20411325287994941391,-0,-0.20411325287994941391
759,-0,10.85330724285338988,10.85330724285338988
760,-1.4210854715202003717e-14,10.853307242853404091,10.85330724285338988
761,0,12.025825199837555601,12.025825199837555601
762,-0.20411325287993520305,-0,-0.20411325287993520305
763,0,31.540450213883673314,31.540450213883673314
764,-1.4210854715202003717e-14,31.540450213883673314,31.540450213883659103
765,0,43.770388666601164118,43.770388666601164118
766,0,31.540450213883673314,31.540450213883673314
767,0,31.540450213883673314,31.540450213883673314
768,-1.4210854715202003717e-14,31.540450213883673314,31.540450213883659103
769,0,43.770388666601164118,43.770388666601164118
770,0,31.540450213883673314,31.540450213883673314
771,11.037519453577530726,20.502930760306128377,31.540450213883659103
772,-1.4210854715202003717e-14,31.540450213883673314,31.540450213883659103
773,12.229938452717490804,31.540450213883673314,43.770388666601164118
774,11.037519453577544937,20.502930760306128377,31.540450213883673314
775,10.937962517020579867,20.502930760306128377,31.440893277326708244
776,-0.09955693655696506994,31.540450213883644892,31.440893277326679822
777,-0,31.540450213883673314,31.540450213883673314
778,-11.037519453577544937,31.540450213883673314,20.502930760306128377
779,-11.037519453577544937,31.540450213883673314,20.502930760306128377
780,-0.09955693655696506994,31.540450213883673314,31.440893277326708244
781,0,31.540450213883673314,31.540450213883673314
782,-31.687411755971950811,31.540450213883673314,-0.14696154208827749699
783,-31.687411755971950811,31.540450213883673314,-0.14696154208827749699
784,1.4210854715202003717e-14,31.540450213883673314,31.540450213883687525
785,-0,43.770388666601164118,43.770388666601164118
786,1.4210854715202003717e-14,31.540450213883659103,31.540450213883673314
787,-1.4210854715202003717e-14,31.540450213883673314,31.540450213883659103
788,-1.4210854715202003717e-14,31.540450213883673314,31.540450213883659103
789,-0,43.770388666601164118,43.770388666601164118
790,-1.4210854715202003717e-14,31.540450213883673314,31.540450213883659103
791,0,31.540450213883673314,31.540450213883673314
792,-1.4210854715202003717e-14,31.540450213883673314,31.540450213883659103
793,-0,16.542374445247034487,16.542374445247034487
794,-1.4210854715202003717e-14,4.3124359925295436824,4.3124359925295294715
795,-1.4210854715202003717e-14,14.92949293683545875,14.929492936835444539
796,-0,4.3124359925295294715,4.3124359925295294715
797,12.229938452717490804,4.3124359925295436824,16.542374445247034487
798,0,4.3124359925295436824,4.3124359925295436824
799,11.037519453577530726,20.502930760306128377,31.540450213883659103
800,11.037519453577530726,20.502930760306128377,31.540450213883659103
801,12.229938452717490804,31.540450213883673314,43.770388666601164118
802,11.037519453577544937,20.502930760306128377,31.540450213883673314
803,11.037519453577544937,20.502930760306128377,31.540450213883673314
804,-1.4210854715202003717e-14,31.540450213883687525,31.540450213883673314
805,12.229938452717490804,22.717928820283802338,34.947867273001293142
806,-0.09955693655696506994,31.540450213883673314,31.440893277326708244
807,-11.037519453577544937,31.540450213883687525,20.502930760306142588
808,-11.037519453577544937,31.540450213883687525,20.502930760306142588
809,0,22.717928820283802338,22.717928820283802338
810,-0.09955693655696506994,22.717928820283802338,22.618371883726837268
811,-31.687411755971950811,31.540450213883673314,-0.14696154208827749699
812,-8911.7946722710003087,8911.5905590181191656,-0.2041132528799209922
813,-9874.5647338182825479,9886.5905590181191656,12.025825199837555601
814,-9886.7946722710003087,9886.5905590181191656,-0.20411325287993520305
815,-0.2041132528799209922,-0,-0.2041132528799209922
816,-0.2041132528799209922,-0,-0.2041132528799209922
817,-0.22616426911902465235,-1.4210854715202003717e-14,-0.22616426911903886321
818,-0.2041132528799209922,-0,-0.2041132528799209922
819,-0.20411325287990678135,-2.8421709430404007435e-14,-0.20411325287993520305
820,-0.20411325287993520305,-0,-0.20411325287993520305
821,-0.22616426911902465235,-1.4210854715202003717e-14,-0.22616426911903886321
822,-12.456102721836543878,-0,-12.456102721836543878
823,-0.20411325287993520305,-0,-0.20411325287993520305
824,-0.20411325287994941391,-0,-0.20411325287994941391
825,-0.22616426911902465235,-1.4210854715202003717e-14,-0.22616426911903886321
826,-12.456102721836529668,-0,-12.456102721836529668
827,0,-0.20411325287993520305,-0.20411325287993520305
828,0,-0,-0
829,12.229938452717490804,-12.229938452717490804,-0
830,11.037519453577544937,20.502930760306128377,31.540450213883673314
831,10.937962517020579867,20.502930760306128377,31.440893277326708244
832,-0.09955693655696506994,31.540450213883673314,31.440893277326708244
833,0,31.540450213883673314,31.540450213883673314
834,-11.127369588820201329,31.540450213883673314,20.413080625063471985
835,-11.127369588820201329,31.540450213883673314,20.413080625063471985
836,-0.09955693655696506994,31.540450213883673314,31.440893277326708244
837,-0.09955693655696506994,31.540450213883673314,31.440893277326708244
838,-31.687411755971950811,31.540450213883673314,-0.14696154208827749699
839,-31.687411755971950811,31.540450213883673314,-0.14696154208827749699
840,-8911.7946722710003087,8943.3351224848829588,31.540450213883673314
841,-9874.5647338182825479,9918.3351224848829588,43.770388666601164118
842,0,31.540450213883673314,31.540450213883673314
843,0,31.540450213883673314,31.540450213883673314
844,-1.4210854715202003717e-14,31.540450213883673314,31.540450213883659103
845,12.229938452717490804,31.540450213883673314,43.770388666601164118
846,31.162333458646230611,0.37811675523744270322,31.540450213883673314
847,31.162333458646230611,0.37811675523744270322,31.540450213883673314
848,31.1623334586462164,0.37811675523741428151,31.540450213883630681
849,34.528901339220197997,9.2414873273809661214,43.770388666601164118
850,31.062776522089265541,0.37811675523744270322,31.440893277326708244
851,31.162333458646230611,0.37811675523744270322,31.540450213883673314
852,31.062776522089265541,8.3404423129613149968,39.403218835050580537
853,31.162333458646230611,0.37811675523741428151,31.540450213883644892
854,31.062776522089265541,0.37811675523741428151,31.440893277326679822
855,31.162333458646230611,0.37811675523741428151,31.540450213883644892
856,31.062776522089265541,0.37811675523741428151,31.440893277326679822
857,34.418588944143237995,9.2414873273809376997,43.660076271524175695
858,22.199405949945742123,9.2414873273809376997,31.440893277326679822
859,31.062776522089265541,0.37811675523741428151,31.440893277326679822
860,31.062776522089265541,0.37811675523741428151,31.440893277326679822
861,22.298962886502707192,9.2414873273809376997,31.540450213883644892
862,20.034963869826029281,8.3404423129613292076,28.375406182787358489
863,20.034963869826029281,8.3404423129613292076,28.375406182787358489
864,20.034963869826029281,0.37811675523741428151,20.413080625063443563
865,31.062776522089265541,0.37811675523744270322,31.440893277326708244
866,-0.52507829732572020021,0.37811675523744270322,-0.14696154208827749699
867,-0.52507829732572020021,0.37811675523744270322,-0.14696154208827749699
868,31.540450213883687525,7.9623255577238722935,39.502775771607559818
869,31.162333458646230611,0.37811675523744270322,31.540450213883673314
870,31.1623334586462164,0.37811675523744270322,31.540450213883659103
871,31.540450213883673314,-0,31.540450213883673314
872,31.162333458646230611,8.3404423129613292076,39.502775771607559818
873,43.392271911363721415,0.37811675523744270322,43.770388666601164118
874,31.540450213883673314,-0,31.540450213883673314
875,31.162333458646230611,8.3404423129613292076,39.502775771607559818
876,31.162333458646230611,8.3404423129613292076,39.502775771607559818
877,34.947867273001293142,8.8225213935998709758,43.770388666601164118
878,31.162333458646230611,0.37811675523744270322,31.540450213883673314
879,31.162333458646230611,8.3404423129613292076,39.502775771607559818
880,31.1623334586462164,8.3404423129613292076,39.502775771607545607
881,43.392271911363721415,0.37811675523744270322,43.770388666601164118
882,31.162333458646230611,0.37811675523744270322,31.540450213883673314
883,31.162333458646230611,0.37811675523744270322,31.540450213883673314
884,31.162333458646230611,0.37811675523744270322,31.540450213883673314
885,43.392271911363721415,0.37811675523744270322,43.770388666601164118
886,31.162333458646230611,0.37811675523744270322,31.540450213883673314
887,31.162333458646230611,0.37811675523744270322,31.540450213883673314
888,31.162333458646230611,0.37811675523744270322,31.540450213883673314
889,22.717928820283802338,8.8225213935998709758,31.540450213883673314
890,20.124814005068685674,0.37811675523744270322,20.502930760306128377
891,20.124814005068685674,0.37811675523744270322,20.502930760306128377
892,31.162333458646230611,0.37811675523744270322,31.540450213883673314
893,31.162333458646230611,0.37811675523744270322,31.540450213883673314
894,-0.52507829732572020021,0.37811675523744270322,-0.14696154208827749699
895,-0.52507829732572020021,0.37811675523744270322,-0.14696154208827749699
896,31.162333458646230611,0.37811675523744270322,31.540450213883673314
897,43.392271911363721415,0.37811675523744270322,43.770388666601164118
898,31.162333458646230611,0.37811675523744270322,31.540450213883673314
899,31.540450213883673314,-0,31.540450213883673314
900,31.540450213883673314,-0,31.540450213883673314
901,43.392271911363721415,0.37811675523744270322,43.770388666601164118
902,31.162333458646230611,0.37811675523744270322,31.540450213883673314
903,31.162333458646230611,0.37811675523744270322,31.540450213883673314
904,31.162333458646230611,0.37811675523744270322,31.540450213883673314
905,43.392271911363721415,0.37811675523744270322,43.770388666601164118
906,31.162333458646230611,0.37811675523744270322,31.540450213883673314
907,31.540450213883673314,-0,31.540450213883673314
908,31.540450213883687525,7.9623255577238722935,39.502775771607559818
909,43.392271911363721415,0.37811675523744270322,43.770388666601164118
910,31.162333458646230611,0.37811675523744270322,31.540450213883673314
911,31.162333458646230611,0.37811675523744270322,31.540450213883673314
912,31.162333458646230611,0.37811675523744270322,31.540450213883673314
913,34.947867273001293142,8.8225213935998709758,43.770388666601164118
914,31.162333458646230611,0.37811675523744270322,31.540450213883673314
915,31.162333458646230611,0.37811675523744270322,31.540450213883673314
916,31.162333458646230611,0.37811675523744270322,31.540450213883673314
917,31.162333458646230611,0.37811675523744270322,31.540450213883673314
918,20.124814005068685674,0.37811675523744270322,20.502930760306128377
919,20.124814005068685674,0.37811675523744270322,20.502930760306128377
920,31.162333458646230611,0.37811675523744270322,31.540450213883673314
921,31.162333458646230611,0.37811675523744270322,31.540450213883673314
922,-0.52507829732572020021,0.37811675523744270322,-0.14696154208827749699
923,-0.52507829732572020021,0.37811675523744270322,-0.14696154208827749699
924,31.162333458646230611,0.37811675523744270322,31.540450213883673314
925,34.528901339220197997,9.2414873273809661214,43.770388666601164118
926,31.162333458646230611,0.37811675523744270322,31.540450213883673314
927,31.162333458646230611,0.37811675523744270322,31.540450213883673314
928,31.162333458646230611,0.37811675523744270322,31.540450213883673314
929,31.162333458646230611,0.37811675523744270322,31.540450213883673314
930,31.1623334586462164,0.37811675523744270322,31.540450213883659103
931,31.162333458646230611,0.37811675523744270322,31.540450213883673314
932,31.162333458646230611,0.37811675523744270322,31.540450213883673314
933,43.392271911363721415,0.37811675523744270322,43.770388666601164118
934,31.162333458646230611,0.37811675523744270322,31.540450213883673314
935,31.162333458646230611,0.37811675523744270322,31.540450213883673314
936,31.162333458646230611,74.042994271154270791,105.2053277298005014
937,34.528901339220197997,82.906364843297794209,117.43526618251799221
938,31.162333458646230611,74.042994271154270791,105.2053277298005014
939,31.162333458646230611,74.042994271154270791,105.2053277298005014
940,31.162333458646230611,73.178728343262861245,104.34106180190909186
941,43.392271911363721415,73.178728343262861245,116.57100025462658266
942,31.162333458646230611,74.042994271154270791,105.2053277298005014
943,31.162333458646230611,74.042994271154270791,105.2053277298005014
944,31.162333458646230611,74.042994271154270791,105.2053277298005014
945,31.162333458646230611,74.042994271154270791,105.2053277298005014
946,20.124814005068685674,74.042994271154270791,94.167808276222956465
947,20.124814005068685674,74.042994271154270791,94.167808276222956465
948,31.687411755971950811,73.517915973828550591,105.2053277298005014
949,31.162333458646230611,73.178728343262861245,104.34106180190909186
950,-0.52507829732572020021,73.178728343262861245,72.653650045937141044
951,-0.52507829732572020021,73.178728343262861245,72.653650045937141044
952,31.162333458646230611,0.37811675523744270322,31.540450213883673314
953,34.528901339220197997,9.2414873273809661214,43.770388666601164118
954,31.162333458646230611,0.37811675523744270322,31.540450213883673314
955,31.162333458646230611,0.37811675523744270322,31.540450213883673314
956,31.162333458646230611,0.37811675523744270322,31.540450213883673314
957,34.528901339220197997,9.2414873273809661214,43.770388666601164118
958,31.162333458646230611,0.37811675523744270322,31.540450213883673314
959,31.162333458646230611,0.37811675523744270322,31.540450213883673314
960,31.162333458646230611,0.37811675523744270322,31.540450213883673314
961,43.392271911363721415,0.37811675523744270322,43.770388666601164118
962,31.162333458646230611,0.37811675523744270322,31.540450213883673314
963,31.162333458646230611,0.37811675523744270322,31.540450213883673314
964,31.162333458646230611,0.37811675523744270322,31.540450213883673314
965,34.528901339220197997,9.2414873273809661214,43.770388666601164118
966,31.1623334586462164,8.3404423129613292076,39.502775771607545607
967,31.162333458646230611,0.37811675523744270322,31.540450213883673314
968,31.162333458646230611,8.3404423129613292076,39.502775771607559818
969,43.392271911363721415,0.37811675523744270322,43.770388666601164118
970,31.162333458646230611,0.37811675523744270322,31.540450213883673314
971,31.162333458646230611,0.37811675523744270322,31.540450213883673314
972,31.162333458646230611,0.37811675523744270322,31.540450213883673314
973,31.162333458646230611,0.37811675523744270322,31.540450213883673314
974,-0.52507829732572020021,0.37811675523744270322,-0.14696154208827749699
975,-0.52507829732572020021,0.37811675523744270322,-0.14696154208827749699
976,8.2815663645804136195,0.37811675523744270322,8.6596831198178563227
977,8.2815663645804136195,0.37811675523744270322,8.6596831198178563227
978,0,7.8153640156356090074,7.8153640156356090074
979,-0.52507829732572020021,0.37811675523744270322,-0.14696154208827749699
980,31.162333458646230611,0.37811675523744270322,31.540450213883673314
981,31.162333458646230611,0.37811675523744270322,31.540450213883673314
982,31.1623334586462164,0.37811675523744270322,31.540450213883659103
983,31.162333458646230611,0.37811675523744270322,31.540450213883673314
984,31.540450213883673314,-0,31.540450213883673314
985,43.770388666601164118,-0,43.770388666601164118
986,31.540450213883673314,-0,31.540450213883673314
987,31.540450213883673314,-0,31.540450213883673314
988,31.540450213883673314,-0,31.540450213883673314
989,43.392271911363721415,0.37811675523744270322,43.770388666601164118
990,31.540450213883673314,-0,31.540450213883673314
991,31.540450213883673314,-0,31.540450213883673314
992,31.540450213883687525,-1.4210854715202003717e-14,31.540450213883673314
993,43.392271911363721415,0.37811675523744270322,43.770388666601164118
994,31.162333458646230611,0.37811675523744270322,31.540450213883673314
995,31.162333458646230611,0.37811675523744270322,31.540450213883673314
996,31.162333458646230611,0.37811675523744270322,31.540450213883673314
997,34.947867273001293142,8.8225213935998709758,43.770388666601164118
998,31.162333458646230611,0.37811675523744270322,31.540450213883673314
999,31.162333458646230611,0.37811675523744270322,31.540450213883673314
1000,31.162333458646230611,0.37811675523744270322,31.540450213883673314
1001,22.717928820283802338,8.8225213935998709758,31.540450213883673314
1002,-0.52507829732572020021,0.37811675523744270322,-0.14696154208827749699
1003,-0.52507829732572020021,0.37811675523744270322,-0.14696154208827749699
1004,-0.37811675523744270322,0.37811675523744270322,-0
1005,-0.16283827378201465308,8.8225213935998709758,8.6596831198178563227
1006,-0.52507829732572020021,0.37811675523744270322,-0.14696154208827749699
1007,-0.52507829732572020021,0.37811675523744270322,-0.14696154208827749699
1008,31.162333458646230611,0.37811675523744270322,31.540450213883673314
1009,22.298962886502707192,9.2414873273809661214,31.540450213883673314
1010,31.162333458646230611,0.37811675523744270322,31.540450213883673314
1011,31.162333458646230611,0.37811675523744270322,31.540450213883673314
1012,31.162333458646230611,0.37811675523744270322,31.540450213883673314
1013,22.298962886502707192,9.2414873273809661214,31.540450213883673314
1014,31.162333458646230611,0.37811675523744270322,31.540450213883673314
1015,31.162333458646230611,0.37811675523744270322,31.540450213883673314
1016,31.162333458646230611,0.37811675523744270322,31.540450213883673314
1017,34.528901339220197997,9.2414873273809661214,43.770388666601164118
1018,31.162333458646230611,0.37811675523744270322,31.540450213883673314
1019,31.162333458646230611,0.37811675523744270322,31.540450213883673314
1020,31.540450213883673314,-0,31.540450213883673314
1021,43.770388666601164118,-0,43.770388666601164118
1022,20.502930760306128377,-0,20.502930760306128377
1023,31.687411755971950811,-0.14696154208827749699,31.540450213883673314
1024,31.687411755971950811,-0.14696154208827749699,31.540450213883673314
1025,31.540450213883673314,-0,31.540450213883673314
1026,20.649892302394405874,7.8153640156356090074,28.465256318030014882
1027,31.540450213883673314,-0,31.540450213883673314
1028,31.162333458646230611,0.37811675523744270322,31.540450213883673314
1029,31.162333458646230611,0.37811675523744270322,31.540450213883673314
1030,-0.52507829732572020021,0.52507829732572020021,-0
1031,-0.37811675523744270322,0.37811675523744270322,-0
1032,8.2815663645804136195,74.042994271154270791,82.324560635734684411
1033,8.8066446619061338197,73.517915973828550591,82.324560635734684411
1034,7.9479968073702735865,65.569919166458277004,73.517915973828550591
1035,-0,73.517915973828550591,73.517915973828550591
1036,31.540450213883673314,-0,31.540450213883673314
1037,43.392271911363721415,0.37811675523744270322,43.770388666601164118
1038,31.540450213883673314,-0,31.540450213883673314
1039,31.540450213883673314,-0,31.540450213883673314
1040,31.540450213883673314,-0,31.540450213883673314
1041,31.162333458646230611,0.37811675523744270322,31.540450213883673314
1042,20.502930760306128377,-0,20.502930760306128377
1043,31.162333458646230611,0.37811675523744270322,31.540450213883673314
1044,31.162333458646230611,0.37811675523744270322,31.540450213883673314
1045,22.717928820283802338,8.8225213935998709758,31.540450213883673314
1046,31.162333458646230611,0.37811675523744270322,31.540450213883673314
1047,31.162333458646230611,0.37811675523744270322,31.540450213883673314
1048,31.162333458646230611,0.37811675523744270322,31.540450213883673314
1049,31.162333458646230611,0.37811675523744270322,31.540450213883673314
1050,20.502930760306128377,-0,20.502930760306128377
1051,31.540450213883673314,-0,31.540450213883673314
1052,31.540450213883673314,-0,31.540450213883673314
1053,31.540450213883673314,-0,31.540450213883673314
1054,20.649892302394405874,7.8153640156356090074,28.465256318030014882
1055,31.162333458646230611,8.3404423129613292076,39.502775771607559818
1056,31.162333458646230611,0.37811675523744270322,31.540450213883673314
1057,31.162333458646230611,0.37811675523744270322,31.540450213883673314
1058,-0.52507829732572020021,0.52507829732572020021,-0
1059,-0.14696154208827749699,-0,-0.14696154208827749699
1060,-0,0,-0
1061,8.2815663645804136195,0.37811675523744270322,8.6596831198178563227
1062,0,7.8153640156356090074,7.8153640156356090074
1063,-0.14696154208827749699,-0,-0.14696154208827749699
1064,-0,20.502930760306128377,20.502930760306128377
1065,-0,31.540450213883673314,31.540450213883673314
1066,-0,20.502930760306128377,20.502930760306128377
1067,-0,20.502930760306128377,20.502930760306128377
1068,-0,20.502930760306128377,20.502930760306128377
1069,-0,31.540450213883673314,31.540450213883673314
1070,-11.037519453577544937,31.540450213883673314,20.502930760306128377
1071,-11.037519453577544937,31.540450213883673314,20.502930760306128377
1072,-11.037519453577544937,31.540450213883673314,20.502930760306128377
1073,-0,31.540450213883673314,31.540450213883673314
1074,-11.037519453577544937,31.540450213883673314,20.502930760306128377
1075,-11.037519453577544937,31.540450213883673314,20.502930760306128377
1076,-11.037519453577544937,31.540450213883673314,20.502930760306128377
1077,-0,31.540450213883673314,31.540450213883673314
1078,0,20.502930760306128377,20.502930760306128377
1079,0,20.502930760306128377,20.502930760306128377
1080,-0,20.502930760306128377,20.502930760306128377
1081,-0,31.540450213883673314,31.540450213883673314
1082,-31.687411755971950811,31.540450213883673314,-0.14696154208827749699
1083,-31.687411755971950811,31.540450213883673314,-0.14696154208827749699
1084,-31.687411755971950811,31.540450213883673314,-0.14696154208827749699
1085,-22.880767094065816991,31.540450213883673314,8.6596831198178563227
1086,-31.687411755971950811,31.687411755971950811,-0
1087,-31.687411755971950811,31.540450213883673314,-0.14696154208827749699
1088,-0.52507829732572020021,0.37811675523744270322,-0.14696154208827749699
1089,-0.52507829732572020021,0.37811675523744270322,-0.14696154208827749699
1090,-8.4730751046959937867,0.37811675523744270322,-8.0949583494585510834
1091,-0.52507829732572020021,0.37811675523744270322,-0.14696154208827749699
1092,-0.52507829732572020021,74.042994271154270791,73.517915973828550591
1093,-0.52507829732572020021,74.042994271154270791,73.517915973828550591
1094,-0.52507829732572020021,74.822994271076268546,74.297915973750548346
1095,-0.52507829732572020021,74.042994271154270791,73.517915973828550591
1096,-0.52507829732572020021,74.042994271154270791,73.517915973828550591
1097,-0,73.517915973828550591,73.517915973828550591
1098,73.517915973828550591,-0,73.517915973828550591
1099,73.517915973828550591,-1.7763568394002504647e-15,73.517915973828550591
1100,73.517915973828550591,-1.7763568394002504647e-15,73.517915973828550591
1101,73.517915973828550591,-1.7763568394002504647e-15,73.517915973828550591
1102,65.569919166458277004,-1.7763568394002504647e-15,65.569919166458277004
1103,73.517915973828550591,-0,73.517915973828550591
1104,73.517915973828550591,-0,73.517915973828550591
1105,72.653650045937141044,0.86426592789141043482,73.517915973828550591
1106,73.517915973828550591,0.77999999992199864352,74.297915973750548346
1107,73.517915973828550591,0.77999999992199864352,74.297915973750548346
1108,72.653650045937141044,0.86426592789141043482,73.517915973828550591
1109,72.653650045937141044,0.86426592789141043482,73.517915973828550591
1110,72.653650045937141044,1.6442659278134099665,74.297915973750548346
1111,73.517915973828550591,-0,73.517915973828550591
1112,73.517915973828550591,-0,73.517915973828550591
1113,72.653650045937141044,0.86426592789141043482,73.517915973828550591
1114,0,0.77999999992199864352,0.77999999992199864352
1115,0.86426592789141043482,-0,0.86426592789141043482
1116,-8.8817841970012523234e-16,-0,-8.8817841970012523234e-16
1117,-0,-0,-0
1118,0.77999999992199864352,-0,0.77999999992199864352
1119,0.86426592789141043482,-0,0.86426592789141043482
1120,-7.9479968073702735865,73.517915973828550591,65.569919166458277004
1121,0,73.517915973828550591,73.517915973828550591
1122,73.517915973828550591,-1.7763568394002504647e-15,73.517915973828550591
1123,73.517915973828550591,-1.7763568394002504647e-15,73.517915973828550591
1124,73.517915973828550591,-1.7763568394002504647e-15,73.517915973828550591
1125,72.653650045937141044,0.86426592789141043482,73.517915973828550591
1126,73.517915973828550591,-0,73.517915973828550591
1127,73.517915973828550591,-0,73.517915973828550591
1128,73.517915973828550591,-0,73.517915973828550591
1129,72.653650045937141044,0.86426592789141043482,73.517915973828550591
1130,65.569919166458277004,-0,65.569919166458277004
1131,73.517915973828550591,-0,73.517915973828550591
1132,73.517915973828550591,0.77999999992199864352,74.297915973750548346
1133,73.517915973828550591,-0,73.517915973828550591
1134,74.297915973750548346,0,74.297915973750548346
1135,73.517915973828550591,-8.8817841970012523234e-16,73.517915973828550591
1136,73.517915973828564802,-8.8817841970012523234e-16,73.517915973828564802
1137,73.517915973828550591,-0,73.517915973828550591
1138,65.569919166458277004,4.1839999992000009854,69.753919165658274437
1139,73.517915973828550591,3.7717451515545716845,77.289661125383119611
1140,73.517915973828550591,3.7717451515545716845,77.289661125383119611
1141,0,4.1839999992000009854,4.1839999992000009854
1142,0.77999999992199953169,3.4039999992780014537,4.1839999992000009854
1143,0.864265927891411323,3.7717451515545716845,4.6360110794459830075
1144,-0,3.7717451515545716845,3.7717451515545716845
1145,0,4.1839999992000009854,4.1839999992000009854
1146,0.77999999992199953169,3.776059999278001289,4.5560599992000003766
1147,0.864265927891411323,4.1839999992000009854,5.0482659270914123084
1148,-7.9479968073702735865,73.517915973828550591,65.569919166458277004
1149,-0,73.517915973828550591,73.517915973828550591
1150,65.569919166458277004,0.77999999992199864352,66.34991916638027476
1151,73.517915973828550591,-8.8817841970012523234e-16,73.517915973828550591
1152,73.517915973828550591,-8.8817841970012523234e-16,73.517915973828550591
1153,73.517915973828550591,-8.8817841970012523234e-16,73.517915973828550591
1154,65.569919166458277004,0.77999999992199775534,66.34991916638027476
1155,73.517915973828550591,-1.7763568394002504647e-15,73.517915973828550591
1156,72.653650045937141044,0.86426592789141043482,73.517915973828550591
1157,72.653650045937141044,0.86426592789141043482,73.517915973828550591
1158,65.569919166458277004,0.77999999992199775534,66.34991916638027476
1159,72.653650045937141044,0.86426592789141043482,73.517915973828550591
1160,72.653650045937155255,1.6442659278134099665,74.297915973750562557
1161,72.653650045937155255,1.6442659278134099665,74.297915973750562557
1162,65.569919166458277004,0.77999999992199864352,66.34991916638027476
1163,73.517915973828550591,-8.8817841970012523234e-16,73.517915973828550591
1164,73.517915973828550591,-0,73.517915973828550591
1165,72.653650045937141044,0.86426592789141043482,73.517915973828550591
1166,64.705653238566867458,0.86426592789141043482,65.569919166458277004
1167,73.517915973828550591,-0,73.517915973828550591
1168,73.517915973828550591,-0,73.517915973828550591
1169,73.517915973828550591,-0,73.517915973828550591
1170,-0,0.77999999992199864352,0.77999999992199864352
1171,0.864265927891411323,-8.8817841970012523234e-16,0.86426592789141043482
1172,-0,-8.8817841970012523234e-16,-8.8817841970012523234e-16
1173,-0,-8.8817841970012523234e-16,-8.8817841970012523234e-16
1174,-0,0.77999999992199864352,0.77999999992199864352
1175,0.864265927891411323,-8.8817841970012523234e-16,0.86426592789141043482
1176,0,-0.14696154208827749699,-0.14696154208827749699
1177,-0,73.517915973828550591,73.517915973828550591
1178,7.9479968073702735865,66.34991916638027476,74.297915973750548346
1179,7.9479968073702735865,65.569919166458277004,73.517915973828550591
1180,-0,73.517915973828550591,73.517915973828550591
1181,0,73.517915973828550591,73.517915973828550591
1182,65.569919166458277004,0.77999999992199864352,66.34991916638027476
1183,73.517915973828550591,-0,73.517915973828550591
1184,73.517915973828550591,-1.7763568394002504647e-15,73.517915973828550591
1185,72.653650045937141044,0.86426592789141043482,73.517915973828550591
1186,65.569919166458277004,0.77999999992199864352,66.34991916638027476
1187,73.517915973828550591,-0,73.517915973828550591
1188,-1.7763568394002504647e-15,-0,-1.7763568394002504647e-15
1189,-0.86426592789141221118,0.86426592789141043482,-1.7763568394002504647e-15
1190,-8.8817841970012523234e-16,-0,-8.8817841970012523234e-16
1191,0,-0,-0
1192,-8.8817841970012523234e-16,-0,-8.8817841970012523234e-16
1193,0.86426592789141043482,-0,0.86426592789141043482
1194,0,-8.8817841970012523234e-16,-8.8817841970012523234e-16
1195,0.864265927891411323,-8.8817841970012523234e-16,0.86426592789141043482
1196,8.8817841970012523234e-16,-8.8817841970012523234e-16,-0
1197,0.86426592789141043482,-0,0.86426592789141043482
1198,-8.8817841970012523234e-16,-8.8817841970012523234e-16,-1.7763568394002504647e-15
1199,0.864265927891411323,-8.8817841970012523234e-16,0.86426592789141043482
1200,-0,-8.8817841970012523234e-16,-8.8817841970012523234e-16
1201,-8.8817841970012523234e-16,-0,-8.8817841970012523234e-16
1202,-0,-8.8817841970012523234e-16,-8.8817841970012523234e-16
1203,2.664535259100375697e-15,-0,2.664535259100375697e-15
1204,-0,65.569919166458277004,65.569919166458277004
1205,-0,73.517915973828550591,73.517915973828550591
1206,65.569919166458277004,-1.7763568394002504647e-15,65.569919166458277004
1207,73.517915973828550591,-1.7763568394002504647e-15,73.517915973828550591
1208,64.705653238566867458,0.86426592789141043482,65.569919166458277004
1209,72.653650045937141044,0.86426592789141043482,73.517915973828550591
1210,65.569919166458277004,0.77999999992199775534,66.34991916638027476
1211,73.517915973828550591,-8.8817841970012523234e-16,73.517915973828550591
1212,53.134850192268615388,-1.7763568394002504647e-15,53.134850192268615388
1213,53.134850192268622493,-8.8817841970012523234e-16,53.134850192268622493
1214,53.134850192268615388,0.77999999992199864352,53.914850192190613143
1215,53.134850192268622493,-0,53.134850192268622493
1216,52.270584264377205841,0.86426592789141043482,53.134850192268622493
1217,72.653650045937155255,0.86426592789141043482,73.517915973828564802
1218,72.653650045937141044,0.86426592789141043482,73.517915973828550591
1219,73.517915973828550591,-0,73.517915973828550591
1220,72.653650045937141044,0.86426592789141043482,73.517915973828550591
1221,72.653650045937141044,0.86426592789141043482,73.517915973828550591
1222,65.569919166458277004,-0,65.569919166458277004
1223,73.517915973828564802,-0,73.517915973828564802
1224,73.517915973828564802,-0,73.517915973828564802
1225,-0,-1.7763568394002504647e-15,-1.7763568394002504647e-15
1226,0,0.77999999992199864352,0.77999999992199864352
1227,0.86426592789141043482,-0,0.86426592789141043482
1228,-8.8817841970012523234e-16,-0,-8.8817841970012523234e-16
1229,-0,0.77999999992199864352,0.77999999992199864352
1230,-0,0.77999999992199864352,0.77999999992199864352
1231,0.864265927891411323,-8.8817841970012523234e-16,0.86426592789141043482
1232,65.569919166458277004,-0,65.569919166458277004
1233,72.653650045937141044,0.86426592789141043482,73.517915973828550591
1234,73.517915973828550591,0.77999999992199864352,74.297915973750548346
1235,73.517915973828550591,-0,73.517915973828550591
1236,73.517915973828550591,-0,73.517915973828550591
1237,72.653650045937141044,0.86426592789141043482,73.517915973828550591
1238,73.517915973828550591,-0,73.517915973828550591
1239,73.517915973828550591,-0,73.517915973828550591
1240,72.653650045937141044,0.86426592789141043482,73.517915973828550591
1241,72.653650045937141044,5.4203259270914116996,78.073975973028552744
1242,65.569919166458277004,4.5560599992000003766,70.125979165658279157
1243,73.517915973828550591,4.5560599992000003766,78.073975973028552744
1244,73.517915973828550591,4.1839999992000009854,77.701915973028548024
1245,73.517915973828550591,4.1839999992000009854,77.701915973028548024
1246,66.34991916638027476,3.4039999992780010096,69.753919165658274437
1247,74.297915973750548346,3.4039999992780010096,77.701915973028548024
1248,73.517915973828550591,4.1839999992000009854,77.701915973028548024
1249,73.517915973828550591,4.5560599992000003766,78.073975973028552744
1250,73.517915973828550591,4.5560599992000003766,78.073975973028552744
1251,73.517915973828550591,4.1839999992000009854,77.701915973028548024
1252,73.517915973828564802,4.1839999992000009854,77.701915973028562235
1253,-8.8817841970012523234e-16,4.1839999992000009854,4.1839999991999992091
1254,-0,5.0000000004000018095,5.0000000004000018095
1255,5.0482659270914123084,0.81600000120000126813,5.8642659282914131325
1256,4.6759002775379521211,-0,4.6759002775379521211
1257,4.3167870112088113643,0.35911326632914075674,4.6759002775379521211
1258,5.0000000004000018095,-0,5.0000000004000018095
1259,4.6759002775379556738,-0,4.6759002775379556738
1260,66.34991916638027476,0,66.34991916638027476
1261,73.517915973828564802,0.77999999992199953169,74.297915973750562557
1262,66.34991916638027476,0,66.34991916638027476
1263,73.517915973828564802,-0,73.517915973828564802
1264,73.517915973828550591,-0,73.517915973828550591
1265,73.517915973828550591,0,73.517915973828550591
1266,65.569919166458277004,0.77999999992199953169,66.34991916638027476
1267,73.517915973828550591,0,73.517915973828550591
1268,73.517915973828550591,0.77999999992199953169,74.297915973750548346
1269,73.517915973828550591,0.77999999992199953169,74.297915973750548346
1270,74.297915973750548346,0,74.297915973750548346
1271,73.517915973828550591,-8.8817841970012523234e-16,73.517915973828550591
1272,73.517915973828550591,-0,73.517915973828550591
1273,73.517915973828550591,-8.8817841970012523234e-16,73.517915973828550591
1274,73.517915973828550591,-8.8817841970012523234e-16,73.517915973828550591
1275,73.517915973828550591,-8.8817841970012523234e-16,73.517915973828550591
1276,73.517915973828550591,-0,73.517915973828550591
1277,73.517915973828550591,-8.8817841970012523234e-16,73.517915973828550591
1278,65.569919166458277004,-8.8817841970012523234e-16,65.569919166458277004
1279,73.517915973828550591,-8.8817841970012523234e-16,73.517915973828550591
1280,73.517915973828550591,-8.8817841970012523234e-16,73.517915973828550591
1281,-0,-8.8817841970012523234e-16,-8.8817841970012523234e-16
1282,-0,-8.8817841970012523234e-16,-8.8817841970012523234e-16
1283,0.86426592789141043482,-0,0.86426592789141043482
1284,-8.8817841970012523234e-16,-0,-8.8817841970012523234e-16
1285,-0,4.1839999992000009854,4.1839999992000009854
1286,4.5560599992000003766,-0,4.5560599992000003766
1287,5.0482659270914123084,-0,5.0482659270914123084
1288,65.569919166458277004,-8.8817841970012523234e-16,65.569919166458277004
1289,73.517915973828550591,-0,73.517915973828550591
1290,65.569919166458277004,-8.8817841970012523234e-16,65.569919166458277004
1291,73.517915973828550591,-0,73.517915973828550591
1292,73.517915973828550591,-0,73.517915973828550591
1293,72.653650045937141044,0.86426592789141043482,73.517915973828550591
1294,73.517915973828550591,-3.5527136788005009294e-15,73.517915973828550591
1295,73.517915973828550591,-3.5527136788005009294e-15,73.517915973828550591
1296,72.653650045937141044,0.86426592789140777029,73.517915973828550591
1297,72.653650045937141044,2.8646179276913725786,75.518267973628510958
1298,65.569919166458277004,2.0003519997999612556,67.570271166258237372
1299,73.517915973828550591,2.0003519997999603675,75.518267973628510958
1300,73.517915973828564802,2.0003519997999612556,75.518267973628525169
1301,73.517915973828550591,2.0003519997999612556,75.518267973628510958
1302,65.569919166458277004,2.0003519997999612556,67.570271166258237372
1303,73.517915973828550591,-3.5527136788005009294e-15,73.517915973828550591
1304,73.517915973828550591,-0,73.517915973828550591
1305,72.653650045937141044,0.86426592789140688211,73.517915973828550591
1306,65.569919166458277004,-0,65.569919166458277004
1307,73.517915973828564802,-3.5527136788005009294e-15,73.517915973828564802
1308,73.517915973828550591,-3.5527136788005009294e-15,73.517915973828550591
1309,72.653650045937141044,0.86426592789140777029,73.517915973828550591
1310,0,4.1839999992000009854,4.1839999992000009854
1311,0.864265927891411323,3.7717451515545716845,4.6360110794459830075
1312,0,3.7717451515545716845,3.7717451515545716845
1313,-0,4.1839999992000009854,4.1839999992000009854
1314,4.5560599992000003766,0,4.5560599992000003766
1315,4.1839999992000009854,-0,4.1839999992000009854
1316,73.517915973828550591,-0,73.517915973828550591
1317,72.653650045937126833,0.86426592789141309936,73.517915973828550591
1318,65.569919166458277004,-0,65.569919166458277004
1319,73.517915973828550591,-0,73.517915973828550591
1320,73.517915973828550591,-3.5527136788005009294e-15,73.517915973828550591
1321,73.517915973828550591,4.1839999992000009854,77.701915973028548024
1322,73.517915973828550591,4.1839999992000009854,77.701915973028548024
1323,73.517915973828550591,4.1839999992000009854,77.701915973028548024
1324,73.517915973828550591,4.1839999992000009854,77.701915973028548024
1325,73.517915973828550591,4.1839999992000009854,77.701915973028548024
1326,73.517915973828550591,3.7717451515545716845,77.289661125383119611
1327,73.517915973828550591,3.7717451515545716845,77.289661125383119611
1328,73.517915973828550591,3.7717451515545716845,77.289661125383119611
1329,72.653650045937126833,4.6360110794459883365,77.289661125383119611
1330,73.517915973828550591,4.1839999992000009854,77.701915973028548024
1331,73.517915973828550591,5.0000000004000018095,78.517915974228543519
1332,73.517915973828550591,5.0000000004000018095,78.517915974228543519
1333,72.653650045937126833,5.8642659282914184615,78.517915974228543519
1334,73.517915973828550591,5.2925000002830024926,78.810415974111549531
1335,73.517915973828550591,5.2925000002830024926,78.810415974111549531
1336,72.653650045937126833,5.8642659282914184615,78.517915974228543519
1337,-0.86426592789141754025,5.8642659282914184615,5.0000000004000009213
1338,0,5.2925000002830024926,5.2925000002830024926
1339,0.864265927891411323,5.0000000004000018095,5.8642659282914131325
1340,0,5.0000000004000018095,5.0000000004000018095
1341,-0.864265927891411323,8.8282659270914134453,7.9639999992000021223
1342,-0,7.9999999992000017102,7.9999999992000017102
1343,7.9999999992000017102,-0,7.9999999992000017102
1344,73.517915973828550591,4.5560599992000003766,78.073975973028552744
1345,73.517915973828550591,4.5560599992000003766,78.073975973028552744
1346,74.297915973750548346,3.776059999278001289,78.073975973028552744
1347,74.297915973750548346,3.4039999992780010096,77.701915973028548024
1348,74.297915973750548346,3.4039999992780010096,77.701915973028548024
1349,73.517915973828550591,4.1839999992000009854,77.701915973028548024
1350,74.297915973750548346,3.776059999278001289,78.073975973028552744
1351,73.517915973828550591,4.1839999992000009854,77.701915973028548024
1352,73.517915973828550591,4.1839999992000009854,77.701915973028548024
1353,73.517915973828550591,4.1839999992000009854,77.701915973028548024
1354,73.517915973828550591,4.1839999992000009854,77.701915973028548024
1355,73.517915973828550591,4.1839999992000009854,77.701915973028548024
1356,73.517915973828550591,4.1839999992000009854,77.701915973028548024
1357,73.517915973828550591,4.1839999992000009854,77.701915973028548024
1358,73.517915973828550591,4.5560599992000003766,78.073975973028552744
1359,73.517915973828550591,4.1839999992000009854,77.701915973028548024
1360,73.517915973828550591,4.1839999992000009854,77.701915973028548024
1361,73.517915973828550591,4.5560599992000003766,78.073975973028552744
1362,65.569919166458277004,4.5560599992000003766,70.125979165658279157
1363,73.517915973828550591,4.5560599992000003766,78.073975973028552744
1364,73.517915973828550591,4.1839999992000009854,77.701915973028548024
1365,0,4.5560599992000003766,4.5560599992000003766
1366,-0,4.5560599992000003766,4.5560599992000003766
1367,0.864265927891411323,4.1839999992000009854,5.0482659270914123084
1368,0,4.1839999992000009854,4.1839999992000009854
1369,-0,4.1839999992000009854,4.1839999992000009854
1370,4.1839999992000009854,-0,4.1839999992000009854
1371,5.0482659270914123084,-0,5.0482659270914123084
1372,65.569919166458277004,-8.8817841970012523234e-16,65.569919166458277004
1373,73.517915973828550591,-8.8817841970012523234e-16,73.517915973828550591
1374,65.569919166458277004,-0,65.569919166458277004
1375,73.517915973828550591,-8.8817841970012523234e-16,73.517915973828550591
1376,73.517915973828550591,-0,73.517915973828550591
1377,73.517915973828550591,-8.8817841970012523234e-16,73.517915973828550591
1378,66.34991916638027476,3.4039999992780010096,69.753919165658274437
1379,73.517915973828550591,4.1839999992000009854,77.701915973028548024
1380,73.517915973828550591,3.7717451515545716845,77.289661125383119611
1381,73.517915973828550591,5.0000000004000018095,78.517915974228543519
1382,66.34991916638027476,4.2200000004780022778,70.569919166858284143
1383,73.517915973828550591,5.0000000004000018095,78.517915974228543519
1384,73.517915973828550591,5.0000000004000018095,78.517915974228543519
1385,73.517915973828550591,5.0000000004000018095,78.517915974228543519
1386,65.569919166458277004,5.0000000004000018095,70.569919166858284143
1387,73.517915973828550591,5.0000000004000018095,78.517915974228543519
1388,73.517915973828550591,5.0000000004000018095,78.517915974228543519
1389,73.517915973828550591,5.0000000004000018095,78.517915974228543519
1390,65.569919166458277004,5.0000000004000018095,70.569919166858284143
1391,73.517915973828550591,4.6759002775379521211,78.193816251366499159
1392,73.517915973828550591,4.6759002775379521211,78.193816251366499159
1393,-8.8817841970012523234e-16,5.0000000004000018095,5.0000000004000009213
1394,-0,5.0000000004000018095,5.0000000004000018095
1395,0.864265927891411323,4.6759002775379521211,5.5401662054293634441
1396,-0,4.6759002775379521211,4.6759002775379521211
1397,-0,5.0000000004000018095,5.0000000004000018095
1398,-0,5.0000000004000018095,5.0000000004000018095
1399,0.864265927891411323,4.6759002775379521211,5.5401662054293634441
1400,73.517915973828550591,-8.8817841970012523234e-16,73.517915973828550591
1401,73.517915973828550591,0.77999999992199864352,74.297915973750548346
1402,73.517915973828550591,0.77999999992199864352,74.297915973750548346
1403,73.517915973828550591,-0,73.517915973828550591
1404,73.517915973828550591,-8.8817841970012523234e-16,73.517915973828550591
1405,73.517915973828550591,-8.8817841970012523234e-16,73.517915973828550591
1406,73.517915973828550591,0.77999999992199864352,74.297915973750548346
1407,73.517915973828550591,-8.8817841970012523234e-16,73.517915973828550591
1408,73.517915973828550591,-8.8817841970012523234e-16,73.517915973828550591
1409,73.517915973828550591,0.77999999992199953169,74.297915973750548346
1410,73.517915973828550591,0.77999999992199953169,74.297915973750548346
1411,73.517915973828550591,0.77999999992199953169,74.297915973750548346
1412,73.517915973828550591,-0,73.517915973828550591
1413,73.517915973828550591,4.1839999992000009854,77.701915973028548024
1414,74.297915973750548346,4.2200000004780022778,78.517915974228543519
1415,74.297915973750548346,4.2200000004780022778,78.517915974228543519
1416,73.517915973828550591,5.0000000004000018095,78.517915974228543519
1417,73.517915973828550591,5.0000000004000018095,78.517915974228543519
1418,73.517915973828550591,5.2925000002830024926,78.810415974111549531
1419,73.517915973828550591,5.0000000004000018095,78.517915974228543519
1420,73.517915973828550591,5.0000000004000018095,78.517915974228543519
1421,73.517915973828550591,7.9999999992000017102,81.517915973028550525
1422,65.569919166458277004,7.9999999992000017102,73.569919165658276938
1423,73.517915973828550591,7.9999999992000017102,81.517915973028550525
1424,73.517915973828550591,7.9999999992000017102,81.517915973028550525
1425,0,7.9999999992000017102,7.9999999992000017102
1426,0,7.9999999992000017102,7.9999999992000017102
1427,0.864265927891411323,7.9999999992000017102,8.8642659270914130332
1428,73.517915973828550591,5.0000000004000018095,78.517915974228543519
1429,73.517915973828550591,5.0000000004000018095,78.517915974228543519
1430,74.297915973750548346,4.2200000004780022778,78.517915974228543519
1431,74.297915973750548346,3.8959002776159525894,78.193816251366499159
1432,74.297915973750548346,4.2200000004780022778,78.517915974228543519
1433,73.517915973828550591,5.0000000004000018095,78.517915974228543519
1434,66.34991916638027476,4.2200000004780022778,70.569919166858284143
1435,74.297915973750548346,4.2200000004780022778,78.517915974228543519
1436,73.517915973828550591,5.0000000004000018095,78.517915974228543519
1437,73.517915973828550591,5.0000000004000018095,78.517915974228543519
1438,66.34991916638027476,4.2200000004780022778,70.569919166858284143
1439,73.517915973828550591,5.0000000004000018095,78.517915974228543519
1440,73.517915973828550591,5.0000000004000018095,78.517915974228543519
1441,73.517915973828550591,5.0000000004000018095,78.517915974228543519
1442,73.517915973828550591,5.0000000004000018095,78.517915974228543519
1443,73.517915973828550591,5.0000000004000018095,78.517915974228543519
1444,73.517915973828550591,4.6759002775379521211,78.193816251366499159
1445,73.517915973828550591,4.6759002775379521211,78.193816251366499159
1446,65.569919166458277004,5.0000000004000018095,70.569919166858284143
1447,73.517915973828550591,4.6759002775379521211,78.193816251366499159
1448,73.517915973828550591,4.6759002775379521211,78.193816251366499159
1449,73.517915973828550591,4.6759002775379521211,78.193816251366499159
1450,-0,5.0000000004000018095,5.0000000004000018095
1451,0.864265927891411323,5.0000000004000018095,5.8642659282914131325
1452,-0,5.0000000004000018095,5.0000000004000018095
1453,4.1839999992000009854,3.783510000000001039,7.9675099992000015803
1454,7.9675099992000015803,-0,7.9675099992000015803
1455,8.8282659270914134453,-6.9388939039072283776e-18,8.8282659270914134453
