,DolAmroth-0,DolAmroth-1,DolAmroth-2,DolAmroth-3
0,10000.0,10000.0,10000.0,10000.0
1,10000.0,10000.0,10000.0,10000.0
2,10000.0,10000.0,10000.0,10000.0
3,10000.0,10000.0,10000.0,10000.0
4,10000.0,10000.0,10000.0,10000.0
5,10000.0,10000.0,10000.0,10000.0
6,10000.0,10000.0,10000.0,10000.0
7,10000.0,10000.0,10000.0,10000.0
8,10000.0,10000.0,10000.0,10000.0
9,10000.0,10000.0,10000.0,10000.0
10,10000.0,10000.0,10000.0,10000.0
11,10000.0,10000.0,10000.0,10000.0
12,10000.0,10000.0,10000.0,10000.0
13,10000.0,10000.0,10000.0,10000.0
14,10000.0,10000.0,10000.0,10000.0
15,10000.0,10000.0,10000.0,10000.0
16,10000.0,10000.0,10000.0,10000.0
17,10000.0,10000.0,10000.0,10000.0
18,10000.0,10000.0,10000.0,10000.0
19,10000.0,10000.0,10000.0,10000.0
20,10000.0,10000.0,10000.0,10000.0
21,10000.0,10000.0,10000.0,10000.0
22,10000.0,10000.0,10000.0,10000.0
23,10000.0,10000.0,10000.0,10000.0
24,10000.0,10000.0,10000.0,10000.0
25,10000.0,10000.0,10000.0,10000.0
26,10000.0,10000.0,10000.0,10000.0
27,10000.0,10000.0,10000.0,10000.0
28,10000.0,10000.0,10000.0,10000.0
29,10000.0,10000.0,10000.0,10000.0
30,10000.0,10000.0,10000.0,10000.0
31,10000.0,10000.0,10000.0,10000.0
32,10000.0,10000.0,10000.0,10000.0
33,10000.0,10000.0,10000.0,10000.0
34,10000.0,10000.0,10000.0,10000.0
35,10000.0,10000.0,10000.0,10000.0
36,10000.0,10000.0,10000.0,10000.0
37,10000.0,10000.0,10000.0,10000.0
38,10000.0,10000.0,10000.0,10000.0
39,10000.0,10000.0,10000.0,10000.0
40,10000.0,10000.0,10000.0,10000.0
41,10000.0,10000.0,10000.0,10000.0
42,10000.0,10000.0,10000.0,10000.0
43,10000.0,10000.0,10000.0,10000.0
44,10000.0,10000.0,10000.0,10000.0
45,10000.0,10000.0,10000.0,10000.0
46,10000.0,10000.0,10000.0,10000.0
47,10000.0,10000.0,10000.0,10000.0
48,10000.0,10000.0,10000.0,10000.0
49,10000.0,10000.0,10000.0,10000.0
50,10000.0,10000.0,10000.0,10000.0
51,10000.0,10000.0,10000.0,10000.0
52,10000.0,10000.0,10000.0,10000.0
53,10000.0,10000.0,10000.0,10000.0
54,10000.0,10000.0,10000.0,10000.0
55,10000.0,10000.0,10000.0,10000.0
56,10000.0,10000.0,10000.0,10000.0
57,10000.0,10000.0,10000.0,10000.0
58,10000.0,10000.0,10000.0,10000.0
59,10000.0,10000.0,10000.0,10000.0
60,10000.0,10000.0,10000.0,10000.0
61,10000.0,10000.0,10000.0,10000.0
62,10000.0,10000.0,10000.0,10000.0
63,10000.0,10000.0,10000.0,10000.0
64,10000.0,10000.0,10000.0,10000.0
65,10000.0,10000.0,10000.0,10000.0
66,10000.0,10000.0,10000.0,10000.0
67,10000.0,10000.0,10000.0,10000.0
68,10000.0,10000.0,10000.0,10000.0
69,10000.0,10000.0,10000.0,10000.0
70,10000.0,10000.0,10000.0,10000.0
71,10000.0,10000.0,10000.0,10000.0
72,10000.0,10000.0,10000.0,10000.0
73,10000.0,10000.0,10000.0,10000.0
74,10000.0,10000.0,10000.0,10000.0
75,10000.0,10000.0,10000.0,10000.0
76,10000.0,10000.0,10000.0,10000.0
77,10000.0,10000.0,10000.0,10000.0
78,10000.0,10000.0,10000.0,10000.0
79,10000.0,10000.0,10000.0,10000.0
80,10000.0,10000.0,10000.0,10000.0
81,10000.0,10000.0,10000.0,10000.0
82,10000.0,10000.0,10000.0,10000.0
83,10000.0,10000.0,10000.0,10000.0
84,10000.0,10000.0,10000.0,10000.0
85,10000.0,10000.0,10000.0,10000.0
86,10000.0,10000.0,10000.0,10000.0
87,10000.0,10000.0,10000.0,10000.0
88,10000.0,10000.0,10000.0,10000.0
89,10000.0,10000.0,10000.0,10000.0
90,10000.0,10000.0,10000.0,10000.0
91,10000.0,10000.0,10000.0,10000.0
92,10000.0,10000.0,10000.0,10000.0
93,10000.0,10000.0,10000.0,10000.0
94,10000.0,10000.0,10000.0,10000.0
95,10000.0,10000.0,10000.0,10000.0
96,10000.0,10000.0,10000.0,10000.0
97,10000.0,10000.0,10000.0,10000.0
98,10000.0,10000.0,10000.0,10000.0
99,10000.0,10000.0,10000.0,10000.0
100,10000.0,10000.0,10000.0,10000.0
101,10000.0,10000.0,10000.0,10000.0
102,10000.0,10000.0,10000.0,10000.0
103,10000.0,10000.0,10000.0,10000.0
104,10000.0,10000.0,10000.0,10000.0
105,10000.0,10000.0,10000.0,10000.0
106,10000.0,10000.0,10000.0,10000.0
107,10000.0,10000.0,10000.0,10000.0
108,10000.0,10000.0,10000.0,10000.0
109,10000.0,10000.0,10000.0,10000.0
110,10000.0,10000.0,10000.0,10000.0
111,10000.0,10000.0,10000.0,10000.0
112,10000.0,10000.0,10000.0,10000.0
113,10000.0,10000.0,10000.0,10000.0
114,10000.0,10000.0,10000.0,10000.0
115,10000.0,10000.0,10000.0,10000.0
116,10000.0,10000.0,10000.0,10000.0
117,10000.0,10000.0,10000.0,10000.0
118,10000.0,10000.0,10000.0,10000.0
119,10000.0,10000.0,10000.0,10000.0
120,10000.0,10000.0,10000.0,10000.0
121,10000.0,10000.0,10000.0,10000.0
122,10000.0,10000.0,10000.0,10000.0
123,10000.0,10000.0,10000.0,10000.0
124,10000.0,10000.0,10000.0,10000.0
125,10000.0,10000.0,10000.0,10000.0
126,10000.0,10000.0,10000.0,10000.0
127,10000.0,10000.0,10000.0,10000.0
128,10000.0,10000.0,10000.0,10000.0
129,10000.0,10000.0,10000.0,10000.0
130,10000.0,10000.0,10000.0,10000.0
131,10000.0,10000.0,10000.0,10000.0
132,10000.0,10000.0,10000.0,10000.0
133,10000.0,10000.0,10000.0,10000.0
134,10000.0,10000.0,10000.0,10000.0
135,10000.0,10000.0,10000.0,10000.0
136,10000.0,10000.0,10000.0,10000.0
137,10000.0,10000.0,10000.0,10000.0
138,10000.0,10000.0,10000.0,10000.0
139,10000.0,10000.0,10000.0,10000.0
140,10000.0,10000.0,10000.0,10000.0
141,10000.0,10000.0,10000.0,10000.0
142,10000.0,10000.0,10000.0,10000.0
143,10000.0,10000.0,10000.0,10000.0
144,10000.0,10000.0,10000.0,10000.0
145,10000.0,10000.0,10000.0,10000.0
146,10000.0,10000.0,10000.0,10000.0
147,10000.0,10000.0,10000.0,10000.0
148,10000.0,10000.0,10000.0,10000.0
149,10000.0,10000.0,10000.0,10000.0
150,10000.0,10000.0,10000.0,10000.0
151,10000.0,10000.0,10000.0,10000.0
152,10000.0,10000.0,10000.0,10000.0
153,10000.0,10000.0,10000.0,10000.0
154,10000.0,10000.0,10000.0,10000.0
155,10000.0,10000.0,10000.0,10000.0
156,10000.0,10000.0,10000.0,10000.0
157,10000.0,10000.0,10000.0,10000.0
158,10000.0,10000.0,10000.0,10000.0
159,10000.0,10000.0,10000.0,10000.0
160,10000.0,10000.0,10000.0,10000.0
161,10000.0,10000.0,10000.0,10000.0
162,10000.0,10000.0,10000.0,10000.0
163,10000.0,10000.0,10000.0,10000.0
164,10000.0,10000.0,10000.0,10000.0
165,10000.0,10000.0,10000.0,10000.0
166,10000.0,10000.0,10000.0,10000.0
167,10000.0,10000.0,10000.0,10000.0
168,10000.0,10000.0,10000.0,10000.0
169,10000.0,10000.0,10000.0,10000.0
170,10000.0,10000.0,10000.0,10000.0
171,10000.0,10000.0,10000.0,10000.0
172,10000.0,10000.0,10000.0,10000.0
173,10000.0,10000.0,10000.0,10000.0
174,10000.0,10000.0,10000.0,10000.0
175,10000.0,10000.0,10000.0,10000.0
176,10000.0,10000.0,10000.0,10000.0
177,10000.0,10000.0,10000.0,10000.0
178,10000.0,10000.0,10000.0,10000.0
179,10000.0,10000.0,10000.0,10000.0
180,10000.0,10000.0,10000.0,10000.0
181,10000.0,10000.0,10000.0,10000.0
182,10000.0,10000.0,10000.0,10000.0
183,10000.0,10000.0,10000.0,10000.0
184,10000.0,10000.0,10000.0,10000.0
185,10000.0,10000.0,10000.0,10000.0
186,10000.0,10000.0,10000.0,10000.0
187,10000.0,10000.0,10000.0,10000.0
188,10000.0,10000.0,10000.0,10000.0
189,10000.0,10000.0,10000.0,10000.0
190,10000.0,10000.0,10000.0,10000.0
191,10000.0,10000.0,10000.0,10000.0
192,10000.0,10000.0,10000.0,10000.0
193,10000.0,10000.0,10000.0,10000.0
194,10000.0,10000.0,10000.0,10000.0
195,10000.0,10000.0,10000.0,10000.0
196,10000.0,10000.0,10000.0,10000.0
197,10000.0,10000.0,10000.0,10000.0
198,10000.0,10000.0,10000.0,10000.0
199,10000.0,10000.0,10000.0,10000.0
200,10000.0,10000.0,10000.0,10000.0
201,10000.0,10000.0,10000.0,10000.0
202,10000.0,10000.0,10000.0,10000.0
203,10000.0,10000.0,10000.0,10000.0
204,10000.0,10000.0,10000.0,10000.0
205,10000.0,10000.0,10000.0,10000.0
206,10000.0,10000.0,10000.0,10000.0
207,10000.0,10000.0,10000.0,10000.0
208,10000.0,10000.0,10000.0,10000.0
209,10000.0,10000.0,10000.0,10000.0
210,10000.0,10000.0,10000.0,10000.0
211,10000.0,10000.0,10000.0,10000.0
212,10000.0,10000.0,10000.0,10000.0
213,10000.0,10000.0,10000.0,10000.0
214,10000.0,10000.0,10000.0,10000.0
215,10000.0,10000.0,10000.0,10000.0
216,10000.0,10000.0,10000.0,10000.0
217,10000.0,10000.0,10000.0,10000.0
218,10000.0,10000.0,10000.0,10000.0
219,10000.0,10000.0,10000.0,10000.0
220,10000.0,10000.0,10000.0,10000.0
221,10000.0,10000.0,10000.0,10000.0
222,10000.0,10000.0,10000.0,10000.0
223,10000.0,10000.0,10000.0,10000.0
224,10000.0,10000.0,10000.0,10000.0
225,10000.0,10000.0,10000.0,10000.0
226,10000.0,10000.0,10000.0,10000.0
227,10000.0,10000.0,10000.0,10000.0
228,10000.0,10000.0,10000.0,10000.0
229,10000.0,10000.0,10000.0,10000.0
230,10000.0,10000.0,10000.0,10000.0
231,10000.0,10000.0,10000.0,10000.0
232,10000.0,10000.0,10000.0,10000.0
233,10000.0,10000.0,10000.0,10000.0
234,10000.0,10000.0,10000.0,10000.0
235,10000.0,10000.0,10000.0,10000.0
236,10000.0,10000.0,10000.0,10000.0
237,10000.0,10000.0,10000.0,10000.0
238,10000.0,10000.0,10000.0,10000.0
239,10000.0,10000.0,10000.0,10000.0
240,10000.0,10000.0,10000.0,10000.0
241,10000.0,10000.0,10000.0,10000.0
242,10000.0,10000.0,10000.0,10000.0
243,10000.0,10000.0,10000.0,10000.0
244,10000.0,10000.0,10000.0,10000.0
245,10000.0,10000.0,10000.0,10000.0
246,10000.0,10000.0,10000.0,10000.0
247,10000.0,10000.0,10000.0,10000.0
248,10000.0,10000.0,10000.0,10000.0
249,10000.0,10000.0,10000.0,10000.0
250,10000.0,10000.0,10000.0,10000.0
251,10000.0,10000.0,10000.0,10000.0
252,10000.0,10000.0,10000.0,10000.0
253,10000.0,10000.0,10000.0,10000.0
254,10000.0,10000.0,10000.0,10000.0
255,10000.0,10000.0,10000.0,10000.0
256,10000.0,10000.0,10000.0,10000.0
257,10000.0,10000.0,10000.0,10000.0
258,10000.0,10000.0,10000.0,10000.0
259,10000.0,10000.0,10000.0,10000.0
260,10000.0,10000.0,10000.0,10000.0
261,10000.0,10000.0,10000.0,10000.0
262,10000.0,10000.0,10000.0,10000.0
263,10000.0,10000.0,10000.0,10000.0
264,10000.0,10000.0,10000.0,10000.0
265,10000.0,10000.0,10000.0,10000.0
266,10000.0,10000.0,10000.0,10000.0
267,10000.0,10000.0,10000.0,10000.0
268,10000.0,10000.0,10000.0,10000.0
269,10000.0,10000.0,10000.0,10000.0
270,10000.0,10000.0,10000.0,10000.0
271,10000.0,10000.0,10000.0,10000.0
272,10000.0,10000.0,10000.0,10000.0
273,10000.0,10000.0,10000.0,10000.0
274,10000.0,10000.0,10000.0,10000.0
275,10000.0,10000.0,10000.0,10000.0
276,10000.0,10000.0,10000.0,10000.0
277,10000.0,10000.0,10000.0,10000.0
278,10000.0,10000.0,10000.0,10000.0
279,10000.0,10000.0,10000.0,10000.0
280,10000.0,10000.0,10000.0,10000.0
281,10000.0,10000.0,10000.0,10000.0
282,10000.0,10000.0,10000.0,10000.0
283,10000.0,10000.0,10000.0,10000.0
284,10000.0,10000.0,10000.0,10000.0
285,10000.0,10000.0,10000.0,10000.0
286,10000.0,10000.0,10000.0,10000.0
287,10000.0,10000.0,10000.0,10000.0
288,10000.0,10000.0,10000.0,10000.0
289,10000.0,10000.0,10000.0,10000.0
290,10000.0,10000.0,10000.0,10000.0
291,10000.0,10000.0,10000.0,10000.0
292,10000.0,10000.0,10000.0,10000.0
293,10000.0,10000.0,10000.0,10000.0
294,10000.0,10000.0,10000.0,10000.0
295,10000.0,10000.0,10000.0,10000.0
296,10000.0,10000.0,10000.0,10000.0
297,10000.0,10000.0,10000.0,10000.0
298,10000.0,10000.0,10000.0,10000.0
299,10000.0,10000.0,10000.0,10000.0
300,10000.0,10000.0,10000.0,10000.0
301,10000.0,10000.0,10000.0,10000.0
302,10000.0,10000.0,10000.0,10000.0
303,10000.0,10000.0,10000.0,10000.0
304,10000.0,10000.0,10000.0,10000.0
305,10000.0,10000.0,10000.0,10000.0
306,10000.0,10000.0,10000.0,10000.0
307,10000.0,10000.0,10000.0,10000.0
308,10000.0,10000.0,10000.0,10000.0
309,10000.0,10000.0,10000.0,10000.0
310,10000.0,10000.0,10000.0,10000.0
311,10000.0,10000.0,10000.0,10000.0
312,10000.0,10000.0,10000.0,10000.0
313,10000.0,10000.0,10000.0,10000.0
314,10000.0,10000.0,10000.0,10000.0
315,10000.0,10000.0,10000.0,10000.0
316,10000.0,10000.0,10000.0,10000.0
317,10000.0,10000.0,10000.0,10000.0
318,10000.0,10000.0,10000.0,10000.0
319,10000.0,10000.0,10000.0,10000.0
320,10000.0,10000.0,10000.0,10000.0
321,10000.0,10000.0,10000.0,10000.0
322,10000.0,10000.0,10000.0,10000.0
323,10000.0,10000.0,10000.0,10000.0
324,10000.0,10000.0,10000.0,10000.0
325,10000.0,10000.0,10000.0,10000.0
326,10000.0,10000.0,10000.0,10000.0
327,10000.0,10000.0,10000.0,10000.0
328,10000.0,10000.0,10000.0,10000.0
329,10000.0,10000.0,10000.0,10000.0
330,10000.0,10000.0,10000.0,10000.0
331,10000.0,10000.0,10000.0,10000.0
332,10000.0,10000.0,10000.0,10000.0
333,10000.0,10000.0,10000.0,10000.0
334,10000.0,10000.0,10000.0,10000.0
335,10000.0,10000.0,10000.0,10000.0
336,10000.0,10000.0,10000.0,10000.0
337,9025.0,10000.0,10000.0,10000.0
338,9025.0,10000.0,10000.0,10000.0
339,9025.0,10000.0,10000.0,10000.0
340,9025.0,10000.0,10000.0,10000.0
341,9025.0,10000.0,10000.0,10000.0
342,9025.0,10000.0,10000.0,10000.0
343,9025.0,10000.0,10000.0,10000.0
344,9025.0,10000.0,10000.0,10000.0
345,9025.0,10000.0,10000.0,10000.0
346,9025.0,10000.0,10000.0,10000.0
347,9025.0,10000.0,10000.0,10000.0
348,9025.0,10000.0,10000.0,10000.0
349,9025.0,10000.0,10000.0,10000.0
350,9025.0,10000.0,10000.0,10000.0
351,9025.0,10000.0,10000.0,10000.0
352,9025.0,10000.0,10000.0,10000.0
353,9025.0,10000.0,10000.0,10000.0
354,9025.0,10000.0,10000.0,10000.0
355,9025.0,10000.0,10000.0,10000.0
356,9025.0,10000.0,10000.0,10000.0
357,9025.0,10000.0,10000.0,10000.0
358,9025.0,10000.0,10000.0,10000.0
359,9025.0,10000.0,10000.0,10000.0
360,9025.0,10000.0,10000.0,10000.0
361,9025.0,10000.0,10000.0,10000.0
362,9025.0,10000.0,10000.0,10000.0
363,9025.0,10000.0,10000.0,10000.0
364,9025.0,10000.0,10000.0,10000.0
365,9025.0,10000.0,10000.0,10000.0
366,9025.0,10000.0,10000.0,10000.0
367,9025.0,10000.0,10000.0,10000.0
368,9025.0,10000.0,10000.0,10000.0
369,9025.0,10000.0,10000.0,10000.0
370,9025.0,10000.0,10000.0,10000.0
371,9025.0,9999.989121389815,10000.0,10000.0
372,9025.0,9999.989121389815,10000.0,10000.0
373,9025.0,9999.989121389815,10000.0,10000.0
374,9025.0,9025.0,10000.0,10000.0
375,9025.0,9025.0,10000.0,10000.0
376,9025.0,9025.0,10000.0,10000.0
377,9025.0,9025.0,10000.0,10000.0
378,9025.0,9025.0,10000.0,10000.0
379,9025.0,9025.0,10000.0,10000.0
380,9025.0,9025.0,10000.0,10000.0
381,9025.0,9025.0,10000.0,10000.0
382,9025.0,9025.0,10000.0,10000.0
383,9025.0,9025.0,10000.0,10000.0
384,9025.0,9025.0,10000.0,10000.0
385,9025.0,9025.0,10000.0,10000.0
386,9025.0,9025.0,10000.0,10000.0
387,9025.0,9025.0,10000.0,10000.0
388,9025.0,9025.0,10000.0,10000.0
389,9025.0,9025.0,10000.0,10000.0
390,9025.0,9025.0,10000.0,10000.0
391,9025.0,9025.0,10000.0,10000.0
392,9025.0,9025.0,10000.0,10000.0
393,9025.0,9025.0,10000.0,10000.0
394,9025.0,9025.0,10000.0,10000.0
395,9025.0,9025.0,10000.0,10000.0
396,9025.0,9025.0,10000.0,10000.0
397,9025.0,9025.0,10000.0,10000.0
398,9025.0,9025.0,10000.0,10000.0
399,9025.0,9025.0,10000.0,10000.0
400,9025.0,9025.0,10000.0,10000.0
401,9025.0,9025.0,10000.0,10000.0
402,9025.0,9025.0,10000.0,10000.0
403,9025.0,9025.0,10000.0,10000.0
404,9025.0,9025.0,10000.0,10000.0
405,9025.0,9025.0,10000.0,10000.0
406,9025.0,9025.0,10000.0,10000.0
407,9025.0,9025.0,10000.0,10000.0
408,9025.0,9025.0,10000.0,10000.0
409,9025.0,9025.0,10000.0,10000.0
410,9025.0,9025.0,10000.0,10000.0
411,9025.0,9025.0,10000.0,10000.0
412,9025.0,9025.0,10000.0,10000.0
413,9025.0,9025.0,10000.0,10000.0
414,9025.0,9025.0,10000.0,10000.0
415,9025.0,9025.0,10000.0,10000.0
416,9025.0,9025.0,10000.0,10000.0
417,9025.0,9025.0,10000.0,10000.0
418,9025.0,9025.0,10000.0,10000.0
419,9025.0,9025.0,10000.0,10000.0
420,9025.0,9025.0,10000.0,10000.0
421,9025.0,9025.0,10000.0,10000.0
422,9025.0,9025.0,10000.0,10000.0
423,9025.0,9025.0,10000.0,10000.0
424,9025.0,9025.0,10000.0,10000.0
425,9025.0,9025.0,10000.0,10000.0
426,9025.0,9025.0,10000.0,10000.0
427,9025.0,9025.0,10000.0,10000.0
428,9025.0,9025.0,10000.0,10000.0
429,9025.0,9025.0,10000.0,10000.0
430,9025.0,9024.990182054307,10000.0,10000.0
431,9025.0,9024.990182054307,10000.0,10000.0
432,9025.0,9024.990182054307,10000.0,10000.0
433,9025.0,9024.990182054307,10000.0,10000.0
434,9025.0,9024.990182054307,10000.0,10000.0
435,9025.0,9024.990182054307,10000.0,10000.0
436,9025.0,9024.990182054307,10000.0,10000.0
437,9025.0,9024.990182054307,10000.0,10000.0
438,9025.0,9024.990182054307,10000.0,10000.0
439,9025.0,9024.990182054307,10000.0,10000.0
440,9025.0,9024.990182054307,10000.0,10000.0
441,9025.0,9024.990182054307,10000.0,10000.0
442,9025.0,9024.990182054307,10000.0,10000.0
443,9025.0,9024.990182054307,10000.0,10000.0
444,9025.0,9024.990182054307,10000.0,10000.0
445,9025.0,9024.990182054307,10000.0,10000.0
446,9025.0,9024.990182054307,10000.0,10000.0
447,9025.0,9024.990182054307,10000.0,10000.0
448,9025.0,8321.596730323492,10000.0,10000.0
449,9025.0,8321.596730323492,10000.0,10000.0
450,9025.0,8309.761772853188,10000.0,10000.0
451,9025.0,8309.761772853188,10000.0,10000.0
452,9025.0,8309.761772853188,10000.0,10000.0
453,9025.0,8309.761772853188,10000.0,10000.0
454,9025.0,8309.761772853188,10000.0,10000.0
455,9025.0,8309.761772853188,10000.0,10000.0
456,9025.0,8309.761772853188,10000.0,10000.0
457,9025.0,7510.241049116954,10000.0,10000.0
458,9025.0,7510.241049116954,10000.0,10000.0
459,9025.0,7510.241049116954,10000.0,10000.0
460,9025.0,7510.241049116954,10000.0,10000.0
461,9025.0,7510.241049116954,10000.0,10000.0
462,9025.0,7510.241049116954,10000.0,10000.0
463,9025.0,7510.241049116954,10000.0,10000.0
464,9025.0,7510.241049116954,10000.0,10000.0
465,9025.0,7510.241049116954,10000.0,10000.0
466,9025.0,7510.241049116954,10000.0,10000.0
467,9025.0,7510.241049116954,10000.0,10000.0
468,9025.0,7510.241049116954,10000.0,10000.0
469,9025.0,7510.241049116954,10000.0,10000.0
470,9025.0,7510.241049116954,10000.0,10000.0
471,9025.0,7510.241049116954,10000.0,10000.0
472,9025.0,7510.241049116954,10000.0,10000.0
473,8341.78447183334,7510.241049116954,10000.0,10000.0
474,8321.596730323492,7510.241049116954,10000.0,10000.0
475,8321.596730323492,7510.241049116954,10000.0,10000.0
476,8309.761772853188,7510.241049116954,10000.0,10000.0
477,8309.761772853188,7510.241049116954,10000.0,10000.0
478,8309.761772853188,7510.241049116954,10000.0,10000.0
479,8309.761772853188,7510.241049116952,10000.0,10000.0
480,8309.761772853188,7510.241049116952,10000.0,10000.0
481,8309.761772853188,7510.241049116952,10000.0,10000.0
482,7528.460485829591,7510.241049116952,10000.0,10000.0
483,7528.460485829591,7510.241049116952,10000.0,10000.0
484,7528.460485829591,7510.241049116952,10000.0,10000.0
485,7528.460485829591,7510.241049116952,10000.0,10000.0
486,7528.460485829591,7510.241049116952,10000.0,10000.0
487,7528.460485829591,7510.241049116952,10000.0,10000.0
488,7528.460485829591,7510.241049116952,10000.0,10000.0
489,7528.460485829591,7510.241049116952,10000.0,10000.0
490,7528.460485829591,7510.241049116952,10000.0,10000.0
491,7528.460485829591,7510.241049116952,10000.0,10000.0
492,7528.460485829591,7510.241049116952,10000.0,10000.0
493,7528.460485829591,7510.241049116952,10000.0,10000.0
494,7528.460485829591,7510.241049116952,10000.0,10000.0
495,7510.241049116954,7510.241049116952,10000.0,10000.0
496,7510.241049116954,7510.241049116952,10000.0,10000.0
497,7510.241049116954,7499.560000000001,10000.0,10000.0
498,7510.241049116954,7499.560000000001,10000.0,10000.0
499,7510.241049116954,7499.560000000001,10000.0,10000.0
500,7510.241049116954,7499.560000000001,10000.0,10000.0
501,7510.241049116954,7499.560000000001,10000.0,10000.0
502,7510.241049116954,7499.560000000001,10000.0,10000.0
503,7510.241049116954,7499.560000000001,10000.0,10000.0
504,7510.241049116954,7499.560000000001,10000.0,10000.0
505,7510.241049116954,7499.560000000001,10000.0,10000.0
506,7510.241049116954,7499.560000000001,10000.0,10000.0
507,7510.241049116954,7499.560000000001,10000.0,10000.0
508,7510.241049116954,7499.560000000001,10000.0,10000.0
509,7510.241049116954,7499.560000000001,10000.0,10000.0
510,7510.241049116954,7499.560000000001,10000.0,10000.0
511,7510.241049116954,7499.560000000001,10000.0,10000.0
512,7510.241049116954,7499.560000000001,10000.0,10000.0
513,7510.241049116954,7499.560000000001,10000.0,10000.0
514,7510.241049116954,7499.560000000001,10000.0,10000.0
515,7510.241049116952,7499.560000000001,10000.0,10000.0
516,7510.241049116952,7499.560000000001,10000.0,10000.0
517,7510.241049116952,7499.560000000001,10000.0,10000.0
518,7510.241049116952,7499.560000000001,10000.0,10000.0
519,7510.241049116952,7499.560000000001,10000.0,10000.0
520,7510.241049116952,7499.560000000001,10000.0,10000.0
521,7510.241049116952,7499.560000000001,10000.0,10000.0
522,7499.560000000001,7499.560000000001,10000.0,10000.0
523,7499.560000000001,7499.560000000001,10000.0,10000.0
524,7499.560000000001,7499.560000000001,10000.0,10000.0
525,7499.560000000001,7499.560000000001,10000.0,10000.0
526,7499.560000000001,7499.560000000001,10000.0,10000.0
527,7499.560000000001,7499.560000000001,10000.0,10000.0
528,7499.560000000001,7499.560000000001,10000.0,10000.0
529,7499.560000000001,7499.560000000001,10000.0,10000.0
530,7499.560000000001,7499.560000000001,10000.0,10000.0
531,7499.560000000001,7499.560000000001,10000.0,10000.0
532,7499.560000000001,7499.560000000001,10000.0,10000.0
533,7499.560000000001,7499.560000000001,10000.0,10000.0
534,7499.560000000001,7499.560000000001,10000.0,10000.0
535,7499.560000000001,7499.560000000001,10000.0,10000.0
536,7499.560000000001,7499.560000000001,10000.0,10000.0
537,7499.560000000001,7499.560000000001,10000.0,10000.0
538,7499.560000000001,7499.560000000001,10000.0,10000.0
539,7499.560000000001,7499.560000000001,10000.0,10000.0
540,7499.560000000001,7499.560000000001,10000.0,10000.0
541,7499.560000000001,7499.560000000001,10000.0,10000.0
542,7499.560000000001,7499.560000000001,10000.0,10000.0
543,7499.560000000001,7499.560000000001,10000.0,10000.0
544,7499.560000000001,7499.560000000001,10000.0,10000.0
545,7499.560000000001,7499.560000000001,10000.0,10000.0
546,7499.560000000001,7499.560000000001,10000.0,10000.0
547,7499.560000000001,7499.560000000001,10000.0,10000.0
548,7499.560000000001,7499.560000000001,10000.0,10000.0
549,7499.560000000001,7499.56,10000.0,10000.0
550,7499.560000000001,7499.56,10000.0,10000.0
551,7499.560000000001,7499.56,10000.0,10000.0
552,7499.560000000001,7499.56,10000.0,10000.0
553,7499.560000000001,7499.56,10000.0,10000.0
554,7499.560000000001,7499.56,10000.0,10000.0
555,7499.56,7499.56,10000.0,10000.0
556,7499.56,7499.56,10000.0,10000.0
557,7499.56,7499.56,10000.0,10000.0
558,7499.56,7499.56,10000.0,10000.0
559,7499.56,7499.56,10000.0,10000.0
560,7499.56,7499.56,10000.0,10000.0
561,7499.56,7499.56,10000.0,10000.0
562,7499.56,7499.56,10000.0,10000.0
563,7499.56,7499.56,10000.0,10000.0
564,7499.56,7499.56,10000.0,10000.0
565,7499.56,7499.56,10000.0,10000.0
566,7499.56,7499.56,10000.0,10000.0
567,7499.56,7499.56,10000.0,10000.0
568,7499.56,7499.56,10000.0,10000.0
569,7499.56,7499.56,10000.0,10000.0
570,7499.559999999999,7499.56,10000.0,10000.0
571,6768.352900000001,7499.56,10000.0,10000.0
572,6768.352900000001,7499.56,10000.0,10000.0
573,6768.352900000001,7499.56,10000.0,10000.0
574,6768.352900000001,7499.56,10000.0,10000.0
575,6768.352900000001,7499.56,10000.0,10000.0
576,6768.352900000001,7499.56,10000.0,10000.0
577,6768.3529,7499.56,10000.0,10000.0
578,6768.3529,7499.56,10000.0,10000.0
579,6255.971315358246,7499.56,10000.0,10000.0
580,6255.971315358246,7499.56,10000.0,10000.0
581,5646.014112110817,7499.56,10000.0,10000.0
582,5646.014112110817,6240.831397486485,10000.0,10000.0
583,5646.014112110817,6231.955700121884,10000.0,10000.0
584,5646.014112110817,6231.955700121884,10000.0,10000.0
585,5646.014112110817,5632.350336231553,10000.0,10000.0
586,5646.014112110817,5632.350336231553,10000.0,10000.0
587,5646.014112110817,5632.350336231553,10000.0,10000.0
588,150.94929266383693,5632.350336231553,10000.0,10000.0
589,150.94929266383693,5632.350336231553,10000.0,10000.0
590,150.94929266383693,5632.350336231553,10000.0,10000.0
591,150.94929266383687,5632.350336231553,10000.0,10000.0
592,150.94929266383687,5632.350336231553,10000.0,10000.0
593,150.94929266383687,5624.340019360001,10000.0,10000.0
594,150.94929266383687,5624.340019360001,10000.0,10000.0
595,150.94929266383687,5624.340019360001,10000.0,10000.0
596,150.94929266383687,5624.340019360001,10000.0,10000.0
597,150.94929266383687,5624.340019360001,10000.0,10000.0
598,150.6596322618698,5624.340019360001,10000.0,10000.0
599,150.6596322618698,5624.340019360001,10000.0,10000.0
600,136.2317366291128,5624.340019360001,10000.0,10000.0
601,125.435266181718,5624.340019360001,10000.0,10000.0
602,119.87235145959964,5624.34001936,10000.0,10000.0
603,119.87235145959964,5624.34001936,10000.0,10000.0
604,119.87235145959964,5624.34001936,10000.0,10000.0
605,119.87235145959964,167.55840402748564,10000.0,10000.0
606,119.87235145959964,151.22145963480583,10000.0,10000.0
607,119.87235145959964,151.2214596348058,10000.0,10000.0
608,119.87235145959964,151.2214596348058,10000.0,10000.0
609,119.87235145959964,151.2214596348058,10000.0,10000.0
610,119.87235145959964,151.22145963480577,10000.0,10000.0
611,119.87235145959964,151.22145963480577,10000.0,10000.0
612,113.40944098188044,150.94929266383696,10000.0,10000.0
613,113.2053277290005,150.94929266383696,10000.0,10000.0
614,113.2053277290005,150.94929266383696,10000.0,10000.0
615,113.2053277290005,150.94929266383696,10000.0,10000.0
616,113.2053277290005,150.94929266383693,10000.0,10000.0
617,113.2053277290005,150.94929266383693,10000.0,10000.0
618,113.2053277290005,150.94929266383693,10000.0,10000.0
619,113.2053277290005,150.94929266383693,10000.0,9999.999999999998
620,113.2053277290005,150.94929266383693,10000.0,9999.999999999998
621,113.2053277290005,150.94929266383693,10000.0,9999.999999999998
622,113.2053277290005,136.47736732041224,10000.0,9999.999999999998
623,113.2053277290005,136.47736732041224,10000.0,9999.999999999998
624,113.2053277290005,136.23173662911285,10000.0,9999.999999999998
625,113.20532772900047,125.66143045083705,10000.0,9999.999999999998
626,113.20532772900047,125.435266181718,10000.0,9999.999999999998
627,113.20532772900047,113.48171513621325,10000.0,9999.999999999998
628,112.98809517258285,113.48171513621325,10000.0,9999.999999999998
629,112.98809517258285,113.48171513621325,10000.0,9999.999999999998
630,112.98809517258285,113.48171513621325,10000.0,9999.999999999998
631,112.98809517258285,113.48171513621325,10000.0,9754.468960105009
632,112.98809517258285,113.48171513621325,9753.41563359887,9754.468960105009
633,112.98809517258285,113.48171513621325,9753.41563359887,9754.468960105009
634,112.98809517258285,113.48171513621325,9753.41563359887,9754.468960105009
635,112.98809517258285,113.48171513621325,9753.41563359887,9754.468960105009
636,112.98809517258285,113.48171513621325,9753.41563359887,9753.41563359887
637,112.98809517258285,113.40944098188044,9753.41563359887,9753.41563359887
638,112.98809517258285,113.40944098188044,9753.41563359887,9753.41563359887
639,112.98809517258285,113.40944098188044,9753.41563359887,9753.41563359887
640,112.98809517258285,113.40944098188044,9367.621114744576,9753.41563359887
641,112.98809517258285,113.40944098188044,9367.621114744576,9753.41563359887
642,112.98809517258285,113.40944098188044,9367.621114744576,9753.41563359887
643,112.98809517258285,113.40944098188044,9367.621114744576,9753.41563359887
644,112.98809517258285,113.40944098188044,9367.621114744576,9753.41563359887
645,112.98809517258285,113.2053277290005,9367.621114744576,9753.41563359887
646,112.98809517258285,113.2053277290005,9367.621114744576,9753.41563359887
647,112.98809517258285,113.2053277290005,9367.621114744576,9753.41563359887
648,112.9880951725828,113.2053277290005,9367.621114744576,9753.41563359887
649,108.18479719228868,113.2053277290005,9367.621114744576,9753.41563359887
650,108.18479719228868,113.2053277290005,9367.621114744576,9753.41563359887
651,99.6110683781003,113.2053277290005,9025.0,9753.41563359887
652,94.300601835672,113.2053277290005,9025.0,9753.41563359887
653,93.89041540526264,113.2053277290005,9025.0,9753.41563359887
654,93.89041540526264,113.2053277290005,9025.0,9753.41563359887
655,90.9063648424978,113.2053277290005,9025.0,9753.41563359887
656,90.9063648424978,113.2053277290005,9025.0,9753.41563359887
657,90.9063648424978,113.2053277290005,9025.0,9367.621114744576
658,90.9063648424978,113.20532772900047,9025.0,9367.621114744576
659,90.9063648424978,109.39707698898904,9025.0,9367.621114744576
660,90.9063648424978,109.39707698898904,9025.0,9025.0
661,89.89898921123553,109.39707698898904,9025.0,9025.0
662,89.89898921123553,102.41724791043248,9025.0,9025.0
663,89.89898921123553,102.41724791043248,9025.0,9025.0
664,89.89898921123553,94.300601835672,9025.0,9025.0
665,89.89898921123553,94.30060183567198,9025.0,9025.0
666,89.89898921123553,90.9063648424978,9025.0,9025.0
667,89.89898921123553,90.9063648424978,9025.0,9025.0
668,89.89898921123553,90.9063648424978,9025.0,9025.0
669,89.89898921123553,90.9063648424978,9025.0,9025.0
670,89.89898921123553,85.10629315669398,9025.0,9025.0
671,89.89898921123553,85.10629315669398,9025.0,9025.0
672,89.89898921123553,85.10629315669398,9025.0,9025.0
673,89.89898921123553,85.10629315669398,9025.0,9025.0
674,85.10629315669398,85.10629315669398,9025.0,9025.0
675,85.10629315669398,85.10629315669398,9025.0,9025.0
676,85.10629315669398,85.10629315669398,9025.0,9025.0
677,85.10629315669398,85.10629315669398,9025.0,9025.0
678,85.10629315669398,85.10629315669398,9025.0,9025.0
679,85.10629315669398,85.10629315669395,9025.0,9025.0
680,85.10629315669398,85.10629315669395,9025.0,9025.0
681,85.10629315669398,85.10629315669395,9025.0,9025.0
682,85.10629315669395,85.10629315669395,9025.0,9025.0
683,85.10629315669395,85.10629315669395,9025.0,9025.0
684,85.10629315669395,85.10629315669395,9025.0,9025.0
685,85.10629315669395,85.10629315669395,9025.0,9025.0
686,85.10629315669395,85.10629315669395,9025.0,9025.0
687,85.10629315669395,85.10629315669395,9025.0,9025.0
688,85.10629315669395,85.10629315669395,9025.0,9025.0
689,85.10629315669395,85.10629315669395,9025.0,9025.0
690,85.10629315669395,85.10629315669395,9025.0,9025.0
691,85.10629315669395,85.10629315669395,9025.0,9025.0
692,85.10629315669395,85.10629315669395,9025.0,9025.0
693,84.73609990324954,85.10629315669395,9025.0,9025.0
694,84.73609990324954,85.10629315669395,9025.0,9025.0
695,84.73609990324952,85.10629315669395,9025.0,9025.0
696,82.04299427035427,85.10629315669395,9025.0,9025.0
697,82.04299427035427,85.10629315669395,7510.241049116954,9025.0
698,82.04299427035427,85.10629315669395,7499.560000000001,9025.0
699,82.04299427035427,85.10629315669395,7499.560000000001,8309.761772853188
700,82.04299427035427,85.10629315669395,7499.560000000001,7499.560000000001
701,82.04299427035427,85.10629315669395,7499.560000000001,7499.560000000001
702,82.04299427035427,85.10629315669395,7499.560000000001,7499.560000000001
703,82.04299427035427,82.04299427035427,7499.560000000001,7499.560000000001
704,82.04299427035427,82.04299427035427,7499.560000000001,7499.560000000001
705,82.04299427035427,82.04299427035427,7499.560000000001,7499.560000000001
706,82.04299427035427,82.04299427035427,7499.560000000001,7499.560000000001
707,82.04299427035427,82.04299427035427,7499.560000000001,7499.560000000001
708,82.04299427035427,82.04299427035427,7499.56,7499.560000000001
709,82.04299427035427,82.04299427035427,7499.56,7499.56
710,82.04299427035427,82.04299427035427,7499.56,7499.56
711,82.04299427035427,82.04299427035427,7499.56,7499.56
712,82.04299427035427,82.04299427035427,7499.56,7499.56
713,82.04299427035427,82.04299427035427,7499.56,7499.56
714,82.04299427035427,82.04299427035427,7499.56,7499.56
715,82.04299427035427,82.04299427035427,7499.56,7499.56
716,82.04299427035427,82.04299427035427,7499.56,7499.559999999999
717,82.04299427035427,82.04299427035427,113.2053277290005,7499.559999999999
718,82.04299427035427,82.04299427035427,102.16780827542296,125.435266181718
719,82.04299427035427,82.04299427035427,90.9063648424978,113.2053277290005
720,82.04299427035427,82.04299427035427,90.9063648424978,90.9063648424978
721,82.04299427035427,82.04299427035427,90.48739890871667,90.9063648424978
722,82.04299427035427,82.04299427035427,82.04299427035427,82.04299427035427
723,81.66487751511683,82.04299427035427,82.04299427035427,82.04299427035427
724,81.66487751511683,81.66487751511683,82.04299427035427,82.04299427035427
725,81.66487751511683,81.66487751511683,82.04299427035427,82.04299427035427
726,81.66487751511683,81.66487751511683,82.04299427035427,82.04299427035427
727,81.66487751511683,81.66487751511683,82.04299427035427,82.04299427035427
728,81.66487751511683,81.66487751511683,82.04299427035427,82.04299427035427
729,81.51791597302855,81.66487751511683,82.04299427035427,82.04299427035427
730,81.51791597302855,81.66487751511683,81.66487751511683,82.04299427035427
731,74.04380232899473,74.04380232899473,81.66487751511683,82.04299427035427
732,74.04380232899473,74.04380232899473,81.66487751511683,82.04299427035427
733,8.864265927091413,8.864265927091413,81.66487751511683,82.04299427035427
734,7.999999999200006,8.864265927091413,81.51791597302855,82.04299427035427
735,7.999999999200004,8.864265927091413,81.51791597302855,81.66487751511683
736,7.999999999200004,8.864265927091413,74.04380232899473,81.66487751511683
737,7.999999999200004,8.864265927091413,11.8197146593819,81.66487751511683
738,7.999999999200004,8.864265927091413,11.8197146593819,81.66487751511683
739,7.999999999200004,8.864265927091413,11.8197146593819,81.66487751511683
740,7.999999999200004,8.864265927091413,11.8197146593819,81.51791597302858
741,7.999999999200004,8.864265927091413,11.8197146593819,81.51791597302858
742,7.999999999200004,7.999999999200004,11.8197146593819,81.51791597302858
743,7.999999999200004,7.999999999200004,11.8197146593819,81.51791597302858
744,7.999999999200004,7.999999999200004,10.667292480092163,81.51791597302858
745,7.999999999200004,7.999999999200004,10.667292480092163,81.51791597302858
746,7.999999999200004,7.999999999200004,10.667292480092163,81.51791597302858
747,7.999999999200004,7.999999999200004,10.667292480092163,81.51791597302858
748,7.999999999200004,7.999999999200004,9.821901304256413,74.04380232899473
749,7.999999999200004,7.999999999200004,8.864265927091413,73.70255195739294
750,7.999999999200004,7.999999999200004,8.864265927091413,73.56991916565829
751,7.999999999200004,7.999999999200004,8.864265927091413,73.56991916565829
752,7.999999999200004,7.999999999200004,8.864265927091413,73.56991916565829
753,7.999999999200004,7.999999999200004,8.864265927091413,67.73944619553309
754,7.999999999200004,7.999999999200004,8.864265927091413,61.13485019146862
755,7.999999999200004,7.999999999200004,8.864265927091413,61.13485019146862
756,7.999999999200004,7.999999999200004,8.864265927091413,61.13485019146862
757,7.999999999200004,7.999999999200004,8.864265927091413,61.13485019146862
758,7.999999999200004,7.999999999200004,8.864265927091413,8.864265927091413
759,7.999999999200004,7.999999999200004,8.864265927091413,8.864265927091413
760,7.999999999200004,7.999999999200004,7.999999999200004,8.864265927091413
761,7.999999999200004,7.999999999200004,7.999999999200004,7.999999999200004
762,7.999999999200004,7.999999999200004,7.999999999200004,7.999999999200004
763,7.999999999200004,7.999999999200004,7.999999999200004,7.999999999200004
764,7.999999999200004,7.9999999992000035,7.999999999200004,7.999999999200004
765,7.999999999200004,7.999999999200002,7.999999999200004,7.999999999200004
766,7.999999999200002,7.999999999200002,7.999999999200004,7.999999999200004
767,7.999999999200002,7.999999999200002,7.999999999200004,7.999999999200004
768,7.999999999200002,7.999999999200002,7.999999999200004,7.999999999200004
769,7.999999999200002,7.999999999200002,7.999999999200004,7.999999999200004
770,7.999999999200002,7.999999999200002,7.999999999200004,7.999999999200004
771,7.999999999200002,7.999999999200002,7.999999999200004,7.999999999200004
772,7.999999999200002,7.999999999200002,7.999999999200004,7.999999999200004
773,7.999999999200002,7.999999999200002,7.999999999200004,7.999999999200004
774,7.999999999200002,7.999999999200002,7.999999999200004,7.999999999200004
775,7.999999999200002,7.999999999200002,7.999999999200004,7.999999999200004
776,7.999999999200002,7.999999999200002,7.999999999200004,7.999999999200004
777,7.999999999200002,7.999999999200002,7.999999999200004,7.999999999200004
778,7.999999999200002,7.999999999200002,7.999999999200004,7.999999999200004
779,7.999999999200002,7.999999999200002,7.999999999200004,7.999999999200004
780,7.999999999200002,7.999999999200002,7.999999999200004,7.999999999200004
781,7.999999999200002,7.999999999200002,7.999999999200004,7.999999999200004
782,7.999999999200002,7.999999999200002,7.999999999200004,7.999999999200004
783,7.999999999200002,7.999999999200002,7.999999999200004,7.999999999200004
784,7.999999999200002,7.999999999200002,7.999999999200004,7.999999999200004
785,7.999999999200002,7.999999999200002,7.999999999200004,7.999999999200004
786,7.999999999200002,7.999999999200002,7.999999999200004,7.999999999200004
787,7.999999999200002,7.999999999200002,7.999999999200004,7.999999999200004
788,7.999999999200002,7.999999999200002,7.999999999200004,7.999999999200004
789,7.999999999200002,7.999999999200002,7.999999999200004,7.999999999200004
790,7.999999999200002,7.999999999200002,7.999999999200004,7.999999999200004
791,7.999999999200002,7.999999999200002,7.999999999200002,7.999999999200004
792,7.999999999200002,7.999999999200002,7.999999999200002,7.999999999200004
793,7.999999999200002,7.999999999200002,7.999999999200002,7.999999999200004
794,7.999999999200002,7.999999999200002,7.999999999200002,7.999999999200004
795,7.999999999200002,7.999999999200002,7.999999999200002,7.999999999200004
796,7.999999999200002,7.999999999200002,7.999999999200002,7.999999999200004
797,7.999999999200002,7.999999999200002,7.999999999200002,7.999999999200004
798,7.999999999200002,7.999999999200002,7.999999999200002,7.999999999200002
799,7.999999999200002,7.999999999200002,7.999999999200002,7.999999999200002
800,7.999999999200002,7.999999999200002,7.999999999200002,7.999999999200002
801,7.999999999200002,7.999999999200002,7.999999999200002,7.999999999200002
802,7.999999999200002,7.999999999200002,7.999999999200002,7.999999999200002
803,7.999999999200002,7.999999999200002,7.999999999200002,7.999999999200002
804,7.999999999200002,7.999999999200002,7.999999999200002,7.999999999200002
805,7.999999999200002,7.999999999200002,7.999999999200002,7.999999999200002
806,7.999999999200002,7.999999999200002,7.999999999200002,7.999999999200002
807,7.999999999200002,7.999999999200002,7.999999999200002,7.999999999200002
808,7.999999999200002,7.999999999200002,7.999999999200002,7.999999999200002
809,7.999999999200002,7.999999999200002,7.999999999200002,7.999999999200002
810,7.999999999200002,7.999999999200002,7.999999999200002,7.999999999200002
811,7.999999999200002,7.999999999200002,7.999999999200002,7.999999999200002
812,7.999999999200002,7.999999999200002,7.999999999200002,7.999999999200002
813,7.999999999200002,7.999999999200002,7.999999999200002,7.999999999200002
814,7.999999999200002,7.999999999200002,7.999999999200002,7.999999999200002
815,7.999999999200002,7.999999999200002,7.999999999200002,7.999999999200002
816,7.999999999200002,7.999999999200002,7.999999999200002,7.999999999200002
817,7.999999999200002,7.999999999200002,7.999999999200002,7.999999999200002
818,7.999999999200002,7.999999999200002,7.999999999200002,7.999999999200002
819,7.999999999200002,7.999999999200002,7.999999999200002,7.999999999200002
820,7.999999999200002,7.999999999200002,7.999999999200002,7.999999999200002
821,7.999999999200002,7.999999999200002,7.999999999200002,7.999999999200002
822,7.999999999200002,7.999999999200002,7.999999999200002,7.999999999200002
823,7.999999999200002,7.999999999200002,7.999999999200002,7.999999999200002
824,7.999999999200002,7.999999999200002,7.999999999200002,7.999999999200002
825,7.999999999200002,7.999999999200002,7.999999999200002,7.999999999200002
826,7.999999999200002,7.999999999200002,7.999999999200002,7.999999999200002
827,7.999999999200002,7.999999999200002,7.999999999200002,7.999999999200002
828,7.999999999200002,7.999999999200002,7.999999999200002,7.999999999200002
829,7.999999999200002,7.999999999200002,7.999999999200002,7.999999999200002
830,7.999999999200002,7.999999999200002,7.999999999200002,7.999999999200002
831,7.999999999200002,7.999999999200002,7.999999999200002,7.999999999200002
832,7.999999999200002,7.999999999200002,7.999999999200002,7.999999999200002
833,7.999999999200002,7.999999999200002,7.999999999200002,7.999999999200002
834,7.999999999200002,7.999999999200002,7.999999999200002,7.999999999200002
835,7.999999999200002,7.999999999200002,7.999999999200002,7.999999999200002
836,7.999999999200002,7.999999999200002,7.999999999200002,7.999999999200002
837,7.999999999200002,7.999999999200002,7.999999999200002,7.999999999200002
838,7.999999999200002,7.999999999200002,7.999999999200002,7.999999999200002
839,7.999999999200002,7.999999999200002,7.999999999200002,7.999999999200002
840,7.999999999200002,7.999999999200002,7.999999999200002,7.999999999200002
841,7.999999999200002,7.999999999200002,7.999999999200002,7.999999999200002
842,7.999999999200002,7.999999999200002,7.999999999200002,7.999999999200002
843,7.999999999200002,7.999999999200002,7.999999999200002,7.999999999200002
844,7.999999999200002,7.999999999200002,7.999999999200002,7.999999999200002
845,7.999999999200002,7.999999999200002,7.999999999200002,7.999999999200002
846,7.999999999200002,7.999999999200002,7.999999999200002,7.999999999200002
847,7.999999999200002,7.999999999200002,7.999999999200002,7.999999999200002
848,7.999999999200002,7.999999999200002,7.999999999200002,7.999999999200002
849,7.999999999200002,7.999999999200002,7.999999999200002,7.999999999200002
850,7.999999999200002,7.999999999200002,7.999999999200002,7.999999999200002
851,7.999999999200002,7.999999999200002,7.999999999200002,7.999999999200002
852,7.999999999200002,7.999999999200002,7.999999999200002,7.999999999200002
853,7.999999999200002,7.999999999200002,7.999999999200002,7.999999999200002
854,7.999999999200002,7.999999999200002,7.999999999200002,7.999999999200002
855,7.999999999200002,7.999999999200002,7.999999999200002,7.999999999200002
856,7.999999999200002,7.999999999200002,7.999999999200002,7.999999999200002
857,7.999999999200002,7.999999999200002,7.999999999200002,7.999999999200002
858,7.999999999200002,7.999999999200002,7.999999999200002,7.999999999200002
859,7.999999999200002,7.999999999200002,7.999999999200002,7.999999999200002
860,7.999999999200002,7.999999999200002,7.999999999200002,7.999999999200002
861,7.999999999200002,7.999999999200002,7.999999999200002,7.999999999200002
862,7.999999999200002,7.999999999200002,7.999999999200002,7.999999999200002
863,7.999999999200002,7.999999999200002,7.999999999200002,7.999999999200002
864,7.999999999200002,7.999999999200002,7.999999999200002,7.999999999200002
865,7.999999999200002,7.999999999200002,7.999999999200002,7.999999999200002
866,7.999999999200002,7.999999999200002,7.999999999200002,7.999999999200002
867,7.999999999200002,7.999999999200002,7.999999999200002,7.999999999200002
868,7.999999999200002,7.999999999200002,7.999999999200002,7.999999999200002
869,7.999999999200002,7.999999999200002,7.999999999200002,7.999999999200002
870,7.999999999200002,7.999999999200002,7.999999999200002,7.999999999200002
871,7.999999999200002,7.999999999200002,7.999999999200002,7.999999999200002
872,7.999999999200002,7.999999999200002,7.999999999200002,7.999999999200002
873,7.999999999200002,7.999999999200002,7.999999999200002,7.999999999200002
874,7.999999999200002,7.999999999200002,7.999999999200002,7.999999999200002
875,7.999999999200002,7.999999999200002,7.999999999200002,7.999999999200002
876,7.999999999200002,7.999999999200002,7.999999999200002,7.999999999200002
877,7.999999999200002,7.999999999200002,7.999999999200002,7.999999999200002
878,7.999999999200002,7.999999999200002,7.999999999200002,7.999999999200002
879,7.999999999200002,7.999999999200002,7.999999999200002,7.999999999200002
880,7.999999999200002,7.999999999200002,7.999999999200002,7.999999999200002
881,7.999999999200002,7.999999999200002,7.999999999200002,7.999999999200002
882,7.999999999200002,7.999999999200002,7.999999999200002,7.999999999200002
883,7.999999999200002,7.999999999200002,7.999999999200002,7.999999999200002
884,7.999999999200002,7.999999999200002,7.999999999200002,7.999999999200002
885,7.999999999200002,7.999999999200002,7.999999999200002,7.999999999200002
886,7.999999999200002,7.999999999200002,7.999999999200002,7.999999999200002
887,7.999999999200002,7.999999999200002,7.999999999200002,7.999999999200002
888,7.999999999200002,7.999999999200002,7.999999999200002,7.999999999200002
889,7.999999999200002,7.999999999200002,7.999999999200002,7.999999999200002
890,7.999999999200002,7.999999999200002,7.999999999200002,7.999999999200002
891,7.999999999200002,7.999999999200002,7.999999999200002,7.999999999200002
892,7.999999999200002,7.999999999200002,7.999999999200002,7.999999999200002
893,7.999999999200002,7.999999999200002,7.999999999200002,7.999999999200002
894,7.999999999200002,7.999999999200002,7.999999999200002,7.999999999200002
895,7.999999999200002,7.999999999200002,7.999999999200002,7.999999999200002
896,7.999999999200002,7.999999999200002,7.999999999200002,7.999999999200002
897,7.999999999200002,7.999999999200002,7.999999999200002,7.999999999200002
898,7.999999999200002,7.999999999200002,7.999999999200002,7.999999999200002
899,7.999999999200002,7.999999999200002,7.999999999200002,7.999999999200002
900,7.999999999200002,7.999999999200002,7.999999999200002,7.999999999200002
901,7.999999999200002,7.999999999200002,7.999999999200002,7.999999999200002
902,7.999999999200002,7.999999999200002,7.999999999200002,7.999999999200002
903,7.999999999200002,7.999999999200002,7.999999999200002,7.999999999200002
904,7.999999999200002,7.999999999200002,7.999999999200002,7.999999999200002
905,7.999999999200002,7.999999999200002,7.999999999200002,7.999999999200002
906,7.999999999200002,7.999999999200002,7.999999999200002,7.999999999200002
907,7.999999999200002,7.999999999200002,7.999999999200002,7.999999999200002
908,7.999999999200002,7.999999999200002,7.999999999200002,7.999999999200002
909,7.999999999200002,7.999999999200002,7.999999999200002,7.999999999200002
910,7.999999999200002,7.999999999200002,7.999999999200002,7.999999999200002
911,7.999999999200002,7.999999999200002,7.999999999200002,7.999999999200002
912,7.999999999200002,7.999999999200002,7.999999999200002,7.999999999200002
913,7.999999999200002,7.999999999200002,7.999999999200002,7.999999999200002
914,7.999999999200002,7.999999999200002,7.999999999200002,7.999999999200002
915,7.999999999200002,7.999999999200002,7.999999999200002,7.999999999200002
916,7.999999999200002,7.999999999200002,7.999999999200002,7.999999999200002
917,7.999999999200002,7.999999999200002,7.999999999200002,7.999999999200002
918,7.999999999200002,7.999999999200002,7.999999999200002,7.999999999200002
919,7.999999999200002,7.999999999200002,7.999999999200002,7.999999999200002
920,7.999999999200002,7.999999999200002,7.999999999200002,7.999999999200002
921,7.999999999200002,7.999999999200002,7.999999999200002,7.999999999200002
922,7.999999999200002,7.999999999200002,7.999999999200002,7.999999999200002
923,7.999999999200002,7.999999999200002,7.999999999200002,7.999999999200002
924,7.999999999200002,7.999999999200002,7.999999999200002,7.999999999200002
925,7.999999999200002,7.999999999200002,7.999999999200002,7.999999999200002
926,7.999999999200002,7.999999999200002,7.999999999200002,7.999999999200002
927,7.999999999200002,7.999999999200002,7.999999999200002,7.999999999200002
928,7.999999999200002,7.999999999200002,7.999999999200002,7.999999999200002
929,7.999999999200002,7.999999999200002,7.999999999200002,7.999999999200002
930,7.999999999200002,7.999999999200002,7.999999999200002,7.999999999200002
931,7.999999999200002,7.999999999200002,7.999999999200002,7.999999999200002
932,7.999999999200002,7.999999999200002,7.999999999200002,7.999999999200002
933,7.999999999200002,7.999999999200002,7.999999999200002,7.999999999200002
934,7.999999999200002,7.999999999200002,7.999999999200002,7.999999999200002
935,7.999999999200002,7.999999999200002,7.999999999200002,7.999999999200002
936,7.999999999200002,7.999999999200002,7.999999999200002,7.999999999200002
937,7.999999999200002,7.999999999200002,7.999999999200002,7.999999999200002
938,7.999999999200002,7.999999999200002,7.999999999200002,7.999999999200002
939,7.999999999200002,7.999999999200002,7.999999999200002,7.999999999200002
940,7.999999999200002,7.999999999200002,7.999999999200002,7.999999999200002
941,7.999999999200002,7.999999999200002,7.999999999200002,7.999999999200002
942,7.999999999200002,7.999999999200002,7.999999999200002,7.999999999200002
943,7.999999999200002,7.999999999200002,7.999999999200002,7.999999999200002
944,7.999999999200002,7.999999999200002,7.999999999200002,7.999999999200002
945,7.999999999200002,7.999999999200002,7.999999999200002,7.999999999200002
946,7.999999999200002,7.999999999200002,7.999999999200002,7.999999999200002
947,7.999999999200002,7.999999999200002,7.999999999200002,7.999999999200002
948,7.999999999200002,7.999999999200002,7.999999999200002,7.999999999200002
949,7.999999999200002,7.999999999200002,7.999999999200002,7.999999999200002
950,7.999999999200002,7.999999999200002,7.999999999200002,7.999999999200002
951,7.999999999200002,7.999999999200002,7.999999999200002,7.999999999200002
952,7.999999999200002,7.999999999200002,7.999999999200002,7.999999999200002
953,7.999999999200002,7.999999999200002,7.999999999200002,7.999999999200002
954,7.999999999200002,7.999999999200002,7.999999999200002,7.999999999200002
955,7.999999999200002,7.999999999200002,7.999999999200002,7.999999999200002
956,7.999999999200002,7.999999999200002,7.999999999200002,7.999999999200002
957,7.999999999200002,7.999999999200002,7.999999999200002,7.999999999200002
958,7.999999999200002,7.999999999200002,7.999999999200002,7.999999999200002
959,7.999999999200002,7.999999999200002,7.999999999200002,7.999999999200002
960,7.999999999200002,7.999999999200002,7.999999999200002,7.999999999200002
961,7.999999999200002,7.999999999200002,7.999999999200002,7.999999999200002
962,7.999999999200002,7.999999999200002,7.999999999200002,7.999999999200002
963,7.999999999200002,7.999999999200002,7.999999999200002,7.999999999200002
964,7.999999999200002,7.999999999200002,7.999999999200002,7.999999999200002
965,7.999999999200002,7.999999999200002,7.999999999200002,7.999999999200002
966,7.999999999200002,7.999999999200002,7.999999999200002,7.999999999200002
967,7.999999999200002,7.999999999200002,7.999999999200002,7.999999999200002
968,7.999999999200002,7.999999999200002,7.999999999200002,7.999999999200002
969,7.999999999200002,7.999999999200002,7.999999999200002,7.999999999200002
970,7.999999999200002,7.999999999200002,7.999999999200002,7.999999999200002
971,7.999999999200002,7.999999999200002,7.999999999200002,7.999999999200002
972,7.999999999200002,7.999999999200002,7.999999999200002,7.999999999200002
973,7.999999999200002,7.999999999200002,7.999999999200002,7.999999999200002
974,7.999999999200002,7.999999999200002,7.999999999200002,7.999999999200002
975,7.999999999200002,7.999999999200002,7.999999999200002,7.999999999200002
976,7.999999999200002,7.999999999200002,7.999999999200002,7.999999999200002
977,7.999999999200002,7.999999999200002,7.999999999200002,7.999999999200002
978,7.999999999200002,7.999999999200002,7.999999999200002,7.999999999200002
979,7.999999999200002,7.999999999200002,7.999999999200002,7.999999999200002
980,7.999999999200002,7.999999999200002,7.999999999200002,7.999999999200002
981,7.999999999200002,7.999999999200002,7.999999999200002,7.999999999200002
982,7.999999999200002,7.999999999200002,7.999999999200002,7.999999999200002
983,7.999999999200002,7.999999999200002,7.999999999200002,7.999999999200002
984,7.999999999200002,7.999999999200002,7.999999999200002,7.999999999200002
985,7.999999999200002,7.999999999200002,7.999999999200002,7.999999999200002
986,7.999999999200002,7.999999999200002,7.999999999200002,7.999999999200002
987,7.999999999200002,7.999999999200002,7.999999999200002,7.999999999200002
988,7.999999999200002,7.999999999200002,7.999999999200002,7.999999999200002
989,7.999999999200002,7.999999999200002,7.999999999200002,7.999999999200002
990,7.999999999200002,7.999999999200002,7.999999999200002,7.999999999200002
991,7.999999999200002,7.999999999200002,7.999999999200002,7.999999999200002
992,7.999999999200002,7.999999999200002,7.999999999200002,7.999999999200002
993,7.999999999200002,7.999999999200002,7.999999999200002,7.999999999200002
994,7.999999999200002,7.999999999200002,7.999999999200002,7.999999999200002
995,7.999999999200002,7.999999999200002,7.999999999200002,7.999999999200002
996,7.999999999200002,7.999999999200002,7.999999999200002,7.999999999200002
997,7.999999999200002,7.999999999200002,7.999999999200002,7.999999999200002
998,7.999999999200002,7.999999999200002,7.999999999200002,7.999999999200002
999,7.999999999200002,7.999999999200002,7.999999999200002,7.999999999200002
1000,7.999999999200002,7.999999999200002,7.999999999200002,7.999999999200002
1001,7.999999999200002,7.999999999200002,7.999999999200002,7.999999999200002
1002,7.999999999200002,7.999999999200002,7.999999999200002,7.999999999200002
1003,7.999999999200002,7.999999999200002,7.999999999200002,7.999999999200002
1004,7.999999999200002,7.999999999200002,7.999999999200002,7.999999999200002
1005,7.999999999200002,7.999999999200002,7.999999999200002,7.999999999200002
1006,7.999999999200002,7.999999999200002,7.999999999200002,7.999999999200002
1007,7.999999999200002,7.999999999200002,7.999999999200002,7.999999999200002
1008,7.999999999200002,7.999999999200002,7.999999999200002,7.999999999200002
1009,7.999999999200002,7.999999999200002,7.999999999200002,7.999999999200002
1010,7.999999999200002,7.999999999200002,7.999999999200002,7.999999999200002
1011,7.999999999200002,7.999999999200002,7.999999999200002,7.999999999200002
1012,7.999999999200002,7.999999999200002,7.999999999200002,7.999999999200002
1013,7.999999999200002,7.999999999200002,7.999999999200002,7.999999999200002
1014,7.999999999200002,7.999999999200002,7.999999999200002,7.999999999200002
1015,7.999999999200002,7.999999999200002,7.999999999200002,7.999999999200002
1016,7.999999999200002,7.999999999200002,7.999999999200002,7.999999999200002
1017,7.999999999200002,7.999999999200002,7.999999999200002,7.999999999200002
1018,7.999999999200002,7.999999999200002,7.999999999200002,7.999999999200002
1019,7.999999999200002,7.999999999200002,7.999999999200002,7.999999999200002
1020,7.999999999200002,7.999999999200002,7.999999999200002,7.999999999200002
1021,7.999999999200002,7.999999999200002,7.999999999200002,7.999999999200002
1022,7.999999999200002,7.999999999200002,7.999999999200002,7.999999999200002
1023,7.999999999200002,7.999999999200002,7.999999999200002,7.999999999200002
1024,7.999999999200002,7.999999999200002,7.999999999200002,7.999999999200002
1025,7.999999999200002,7.999999999200002,7.999999999200002,7.999999999200002
1026,7.999999999200002,7.999999999200002,7.999999999200002,7.999999999200002
1027,7.999999999200002,7.999999999200002,7.999999999200002,7.999999999200002
1028,7.999999999200002,7.999999999200002,7.999999999200002,7.999999999200002
1029,7.999999999200002,7.999999999200002,7.999999999200002,7.999999999200002
1030,7.999999999200002,7.999999999200002,7.999999999200002,7.999999999200002
1031,7.999999999200002,7.999999999200002,7.999999999200002,7.999999999200002
1032,7.999999999200002,7.999999999200002,7.999999999200002,7.999999999200002
1033,7.999999999200002,7.999999999200002,7.999999999200002,7.999999999200002
1034,7.999999999200002,7.999999999200002,7.999999999200002,7.999999999200002
1035,7.999999999200002,7.999999999200002,7.999999999200002,7.999999999200002
1036,7.999999999200002,7.999999999200002,7.999999999200002,7.999999999200002
1037,7.999999999200002,7.999999999200002,7.999999999200002,7.999999999200002
1038,7.999999999200002,7.999999999200002,7.999999999200002,7.999999999200002
1039,7.999999999200002,7.999999999200002,7.999999999200002,7.999999999200002
1040,7.999999999200002,7.999999999200002,7.999999999200002,7.999999999200002
1041,7.999999999200002,7.999999999200002,7.999999999200002,7.999999999200002
1042,7.999999999200002,7.999999999200002,7.999999999200002,7.999999999200002
1043,7.999999999200002,7.999999999200002,7.999999999200002,7.999999999200002
1044,7.999999999200002,7.999999999200002,7.999999999200002,7.999999999200002
1045,7.999999999200002,7.999999999200002,7.999999999200002,7.999999999200002
1046,7.999999999200002,7.999999999200002,7.999999999200002,7.999999999200002
1047,7.999999999200002,7.999999999200002,7.999999999200002,7.999999999200002
1048,7.999999999200002,7.999999999200002,7.999999999200002,7.999999999200002
1049,7.999999999200002,7.999999999200002,7.999999999200002,7.999999999200002
1050,7.999999999200002,7.999999999200002,7.999999999200002,7.999999999200002
1051,7.999999999200002,7.999999999200002,7.999999999200002,7.999999999200002
1052,7.999999999200002,7.999999999200002,7.999999999200002,7.999999999200002
1053,7.999999999200002,7.999999999200002,7.999999999200002,7.999999999200002
1054,7.999999999200002,7.999999999200002,7.999999999200002,7.999999999200002
1055,7.999999999200002,7.999999999200002,7.999999999200002,7.999999999200002
1056,7.999999999200002,7.999999999200002,7.999999999200002,7.999999999200002
1057,7.999999999200002,7.999999999200002,7.999999999200002,7.999999999200002
1058,7.999999999200002,7.999999999200002,7.999999999200002,7.999999999200002
1059,7.999999999200002,7.999999999200002,7.999999999200002,7.999999999200002
1060,7.999999999200002,7.999999999200002,7.999999999200002,7.999999999200002
1061,7.999999999200002,7.999999999200002,7.999999999200002,7.999999999200002
1062,7.999999999200002,7.999999999200002,7.999999999200002,7.999999999200002
1063,7.999999999200002,7.999999999200002,7.999999999200002,7.999999999200002
1064,7.999999999200002,7.999999999200002,7.999999999200002,7.999999999200002
1065,7.999999999200002,7.999999999200002,7.999999999200002,7.999999999200002
1066,7.999999999200002,7.999999999200002,7.999999999200002,7.999999999200002
1067,7.999999999200002,7.999999999200002,7.999999999200002,7.999999999200002
1068,7.999999999200002,7.999999999200002,7.999999999200002,7.999999999200002
1069,7.999999999200002,7.999999999200002,7.999999999200002,7.999999999200002
1070,7.999999999200002,7.999999999200002,7.999999999200002,7.999999999200002
1071,7.999999999200002,7.999999999200002,7.999999999200002,7.999999999200002
1072,7.999999999200002,7.999999999200002,7.999999999200002,7.999999999200002
1073,7.999999999200002,7.999999999200002,7.999999999200002,7.999999999200002
1074,7.999999999200002,7.999999999200002,7.999999999200002,7.999999999200002
1075,7.999999999200002,7.999999999200002,7.999999999200002,7.999999999200002
1076,7.999999999200002,7.999999999200002,7.999999999200002,7.999999999200002
1077,7.999999999200002,7.999999999200002,7.999999999200002,7.999999999200002
1078,7.999999999200002,7.999999999200002,7.999999999200002,7.999999999200002
1079,7.999999999200002,7.999999999200002,7.999999999200002,7.999999999200002
1080,7.999999999200002,7.999999999200002,7.999999999200002,7.999999999200002
1081,7.999999999200002,7.999999999200002,7.999999999200002,7.999999999200002
1082,7.999999999200002,7.999999999200002,7.999999999200002,7.999999999200002
1083,7.999999999200002,7.999999999200002,7.999999999200002,7.999999999200002
1084,7.999999999200002,7.999999999200002,7.999999999200002,7.999999999200002
1085,7.999999999200002,7.999999999200002,7.999999999200002,7.999999999200002
1086,7.999999999200002,7.999999999200002,7.999999999200002,7.999999999200002
1087,7.999999999200002,7.999999999200002,7.999999999200002,7.999999999200002
1088,7.999999999200002,7.999999999200002,7.999999999200002,7.999999999200002
1089,7.999999999200002,7.999999999200002,7.999999999200002,7.999999999200002
1090,7.999999999200002,7.999999999200002,7.999999999200002,7.999999999200002
1091,7.999999999200002,7.999999999200002,7.999999999200002,7.999999999200002
1092,7.999999999200002,7.999999999200002,7.999999999200002,7.999999999200002
1093,7.999999999200002,7.999999999200002,7.999999999200002,7.999999999200002
1094,7.999999999200002,7.999999999200002,7.999999999200002,7.999999999200002
1095,7.999999999200002,7.999999999200002,7.999999999200002,7.999999999200002
1096,7.999999999200002,7.999999999200002,7.999999999200002,7.999999999200002
1097,7.999999999200002,7.999999999200002,7.999999999200002,7.999999999200002
1098,7.999999999200002,7.999999999200002,7.999999999200002,7.999999999200002
1099,7.999999999200002,7.999999999200002,7.999999999200002,7.999999999200002
1100,7.999999999200002,7.999999999200002,7.999999999200002,7.999999999200002
1101,7.999999999200002,7.999999999200002,7.999999999200002,7.999999999200002
1102,7.999999999200002,7.999999999200002,7.999999999200002,7.999999999200002
1103,7.999999999200002,7.999999999200002,7.999999999200002,7.999999999200002
1104,7.999999999200002,7.999999999200002,7.999999999200002,7.999999999200002
1105,7.999999999200002,7.999999999200002,7.999999999200002,7.999999999200002
1106,7.999999999200002,7.999999999200002,7.999999999200002,7.999999999200002
1107,7.999999999200002,7.999999999200002,7.999999999200002,7.999999999200002
1108,7.999999999200002,7.999999999200002,7.999999999200002,7.999999999200002
1109,7.999999999200002,7.999999999200002,7.999999999200002,7.999999999200002
1110,7.999999999200002,7.999999999200002,7.999999999200002,7.999999999200002
1111,7.999999999200002,7.999999999200002,7.999999999200002,7.999999999200002
1112,7.999999999200002,7.999999999200002,7.999999999200002,7.999999999200002
1113,7.999999999200002,7.999999999200002,7.999999999200002,7.999999999200002
1114,7.999999999200002,7.999999999200002,7.999999999200002,7.999999999200002
1115,7.999999999200002,7.999999999200002,7.999999999200002,7.999999999200002
1116,7.999999999200002,7.999999999200002,7.999999999200002,7.999999999200002
1117,7.999999999200002,7.999999999200002,7.999999999200002,7.999999999200002
1118,7.999999999200002,7.999999999200002,7.999999999200002,7.999999999200002
1119,7.999999999200002,7.999999999200002,7.999999999200002,7.999999999200002
1120,7.999999999200002,7.999999999200002,7.999999999200002,7.999999999200002
1121,7.999999999200002,7.999999999200002,7.999999999200002,7.999999999200002
1122,7.999999999200002,7.999999999200002,7.999999999200002,7.999999999200002
1123,7.999999999200002,7.999999999200002,7.999999999200002,7.999999999200002
1124,7.999999999200002,7.999999999200002,7.999999999200002,7.999999999200002
1125,7.999999999200002,7.999999999200002,7.999999999200002,7.999999999200002
1126,7.999999999200002,7.999999999200002,7.999999999200002,7.999999999200002
1127,7.999999999200002,7.999999999200002,7.999999999200002,7.999999999200002
1128,7.999999999200002,7.999999999200002,7.999999999200002,7.999999999200002
1129,7.999999999200002,7.999999999200002,7.999999999200002,7.999999999200002
1130,7.999999999200002,7.999999999200002,7.999999999200002,7.999999999200002
1131,7.999999999200002,7.999999999200002,7.999999999200002,7.999999999200002
1132,7.999999999200002,7.999999999200002,7.999999999200002,7.999999999200002
1133,7.999999999200002,7.999999999200002,7.999999999200002,7.999999999200002
1134,7.999999999200002,7.999999999200002,7.999999999200002,7.999999999200002
1135,7.999999999200002,7.999999999200002,7.999999999200002,7.999999999200002
1136,7.999999999200002,7.999999999200002,7.999999999200002,7.999999999200002
1137,7.999999999200002,7.999999999200002,7.999999999200002,7.999999999200002
1138,7.999999999200002,7.999999999200002,7.999999999200002,7.999999999200002
1139,7.999999999200002,7.999999999200002,7.999999999200002,7.999999999200002
1140,7.999999999200002,7.999999999200002,7.999999999200002,7.999999999200002
1141,7.999999999200002,7.999999999200002,7.999999999200002,7.999999999200002
1142,7.999999999200002,7.999999999200002,7.999999999200002,7.999999999200002
1143,7.999999999200002,7.999999999200002,7.999999999200002,7.999999999200002
1144,7.999999999200002,7.999999999200002,7.999999999200002,7.999999999200002
1145,7.999999999200002,7.999999999200002,7.999999999200002,7.999999999200002
1146,7.999999999200002,7.999999999200002,7.999999999200002,7.999999999200002
1147,7.999999999200002,7.999999999200002,7.999999999200002,7.999999999200002
1148,7.999999999200002,7.999999999200002,7.999999999200002,7.999999999200002
1149,7.999999999200002,7.999999999200002,7.999999999200002,7.999999999200002
1150,7.999999999200002,7.999999999200002,7.999999999200002,7.999999999200002
1151,7.999999999200002,7.999999999200002,7.999999999200002,7.999999999200002
1152,7.999999999200002,7.999999999200002,7.999999999200002,7.999999999200002
1153,7.999999999200002,7.999999999200002,7.999999999200002,7.999999999200002
1154,7.999999999200002,7.999999999200002,7.999999999200002,7.999999999200002
1155,7.999999999200002,7.999999999200002,7.999999999200002,7.999999999200002
1156,7.999999999200002,7.999999999200002,7.999999999200002,7.999999999200002
1157,7.999999999200002,7.9999999992,7.999999999200002,7.999999999200002
1158,7.999999999200002,7.9999999992,7.999999999200002,7.999999999200002
1159,7.999999999200002,7.9999999992,7.999999999200002,7.999999999200002
1160,7.999999999200002,7.9999999992,7.999999999200002,7.999999999200002
1161,7.999999999200002,7.9999999992,7.999999999200002,7.999999999200002
1162,7.999999999200002,7.9999999992,7.999999999200002,7.999999999200002
1163,7.999999999200002,7.9999999992,7.999999999200002,7.999999999200002
1164,7.999999999200002,7.9999999992,7.999999999200002,7.999999999200002
1165,7.999999999200002,7.9999999992,7.999999999200002,7.999999999200002
1166,7.999999999200002,7.9999999992,7.999999999200002,7.999999999200002
1167,7.999999999200002,7.9999999992,7.999999999200002,7.999999999200002
1168,7.999999999200002,7.9999999992,7.999999999200002,7.999999999200002
1169,7.999999999200002,7.9999999992,7.999999999200002,7.999999999200002
1170,7.999999999200002,7.9999999992,7.999999999200002,7.999999999200002
1171,7.999999999200002,7.9999999992,7.999999999200002,7.999999999200002
1172,7.999999999200002,7.9999999992,7.999999999200002,7.999999999200002
1173,7.999999999200002,7.9999999992,7.999999999200002,7.999999999200002
1174,7.999999999200002,7.9999999992,7.999999999200002,7.999999999200002
1175,7.999999999200002,7.9999999992,7.999999999200002,7.999999999200002
1176,7.9999999992,7.9999999992,7.999999999200002,7.999999999200002
1177,7.9999999992,7.9999999992,7.999999999200002,7.999999999200002
1178,7.9999999992,7.9999999992,7.999999999200002,7.999999999200002
1179,7.9999999992,7.9999999992,7.9999999992,7.999999999200002
1180,7.9999999992,7.9999999992,7.9999999992,7.999999999200002
1181,7.9999999992,7.9999999992,7.9999999992,7.999999999200002
1182,7.9999999992,7.9999999992,7.9999999992,7.999999999200002
1183,7.9999999992,7.9999999992,7.9999999992,7.999999999200002
1184,7.9999999992,7.9999999992,7.9999999992,7.999999999200002
1185,7.9999999992,7.9999999992,7.9999999992,7.999999999200002
1186,7.9999999992,7.9999999992,7.9999999992,7.999999999200002
1187,7.9999999992,7.9999999992,7.9999999992,7.999999999200002
1188,7.9999999992,7.9999999992,7.9999999992,7.999999999200002
1189,7.9999999992,7.9999999992,7.9999999992,7.999999999200002
1190,7.9999999992,7.9999999992,7.9999999992,7.999999999200002
1191,7.9999999992,7.9999999992,7.9999999992,7.999999999200002
1192,7.9999999992,7.9999999992,7.9999999992,7.999999999200002
1193,7.9999999992,7.9999999992,7.9999999992,7.999999999200002
1194,7.9999999992,7.9999999992,7.9999999992,7.999999999200002
1195,7.9999999992,7.9999999992,7.9999999992,7.999999999200002
1196,7.9999999992,7.9999999992,7.9999999992,7.999999999200002
1197,7.9999999992,7.9999999992,7.9999999992,7.999999999200002
1198,7.9999999992,7.9999999992,7.9999999992,7.999999999200002
1199,7.9999999992,7.9999999992,7.9999999992,7.999999999200002
1200,7.9999999992,7.9999999992,7.9999999992,7.999999999200002
1201,7.9999999992,7.9999999992,7.9999999992,7.999999999200002
1202,7.9999999992,7.9999999992,7.9999999992,7.999999999200002
1203,7.9999999992,7.9999999992,7.9999999992,7.999999999200002
1204,7.9999999992,7.9999999992,7.9999999992,7.999999999200002
1205,7.9999999992,7.9999999992,7.9999999992,7.999999999200002
1206,7.9999999992,7.9999999992,7.9999999992,7.999999999200002
1207,7.9999999992,7.9999999992,7.9999999992,7.999999999200002
1208,7.9999999992,7.9999999992,7.9999999992,7.999999999200002
1209,7.9999999992,7.9999999992,7.9999999992,7.999999999200002
1210,7.9999999992,7.9999999992,7.9999999992,7.999999999200002
1211,7.9999999992,7.9999999992,7.9999999992,7.999999999200002
1212,7.219999999278003,7.9999999992,7.9999999992,7.999999999200002
1213,7.219999999278003,7.9999999992,7.9999999992,7.999999999200002
1214,7.219999999278003,7.9999999992,7.9999999992,7.999999999200002
1215,7.219999999278003,7.9999999992,7.9999999992,7.999999999200002
1216,7.219999999278003,7.9999999992,7.9999999992,7.999999999200002
1217,7.219999999278003,7.9999999992,7.9999999992,7.999999999200002
1218,7.219999999278003,7.9999999992,7.9999999992,7.999999999200002
1219,7.219999999278003,7.9999999992,7.9999999992,7.999999999200002
1220,7.219999999278003,7.9999999992,7.9999999992,7.999999999200002
1221,7.219999999278003,7.9999999992,7.9999999992,7.999999999200002
1222,7.219999999278001,7.9999999992,7.9999999992,7.999999999200002
1223,7.219999999278001,7.9999999992,7.9999999992,7.999999999200002
1224,7.219999999278001,7.9999999992,7.9999999992,7.999999999200002
1225,7.219999999278001,7.9999999992,7.9999999992,7.999999999200002
1226,7.219999999278001,7.219999999278003,7.9999999992,7.999999999200002
1227,7.219999999278001,7.219999999278003,7.9999999992,7.999999999200002
1228,7.219999999278001,7.219999999278003,7.9999999992,7.999999999200002
1229,7.219999999278001,7.219999999278003,7.9999999992,7.999999999200002
1230,7.219999999278001,7.219999999278003,7.9999999992,7.999999999200002
1231,7.219999999278001,7.219999999278003,7.9999999992,7.999999999200002
1232,7.219999999278001,7.219999999278003,7.9999999992,7.999999999200002
1233,7.219999999278001,7.219999999278003,7.9999999992,7.999999999200002
1234,7.219999999278001,7.219999999278003,7.9999999992,7.999999999200002
1235,7.219999999278001,7.219999999278003,7.219999999278003,7.999999999200002
1236,7.219999999278001,7.219999999278001,7.219999999278003,7.999999999200002
1237,7.219999999278001,7.219999999278001,7.219999999278003,7.999999999200002
1238,7.219999999278001,7.219999999278001,7.219999999278003,7.999999999200002
1239,7.219999999278001,7.219999999278001,7.219999999278003,7.999999999200002
1240,7.219999999278001,7.219999999278001,7.219999999278003,7.999999999200002
1241,7.219999999278001,7.219999999278001,7.219999999278003,7.999999999200002
1242,7.219999999278001,7.219999999278001,7.219999999278003,7.999999999200002
1243,6.647809417617768,7.219999999278001,7.219999999278003,7.999999999200002
1244,6.647809417617768,7.219999999278001,7.219999999278003,7.999999999200002
1245,6.647809417617768,7.219999999278001,7.219999999278003,7.999999999200002
1246,6.647809417617768,7.219999999278001,7.219999999278003,7.999999999200002
1247,6.647809417617768,7.219999999278001,7.219999999278003,7.999999999200002
1248,5.99964799940004,7.219999999278001,7.219999999278001,7.999999999200002
1249,5.99964799940004,7.219999999278001,7.219999999278001,7.999999999200002
1250,5.999647999400037,7.219999999278001,7.219999999278001,7.999999999200002
1251,5.999647999400037,6.647809417617768,7.219999999278001,7.999999999200002
1252,5.999647999400037,6.647809417617768,7.219999999278001,7.999999999200002
1253,5.999647999400037,6.647809417617768,7.219999999278001,7.999999999200002
1254,5.999647999400037,6.647809417617768,7.219999999278001,7.999999999200002
1255,5.999647999400037,6.647809417617768,7.219999999278001,7.999999999200002
1256,5.999647999400037,5.999647999400037,7.219999999278001,7.999999999200002
1257,5.999647999400037,5.999647999400037,7.219999999278001,7.999999999200002
1258,5.999647999400037,5.999647999400037,7.219999999278001,7.999999999200002
1259,5.999647999400037,5.999647999400037,7.219999999278001,7.999999999200002
1260,5.999647999400037,5.999647999400037,7.219999999278001,7.999999999200002
1261,5.999647999400037,5.999647999400037,7.219999999278001,7.999999999200002
1262,5.999647999400037,5.999647999400037,7.219999999278001,7.999999999200002
1263,5.999647999400036,5.999647999400037,6.647809417617768,7.999999999200002
1264,5.999647999400036,5.999647999400037,6.647809417617768,7.9999999992
1265,5.999647999400036,5.999647999400037,6.647809417617768,7.9999999992
1266,5.999647999400036,5.999647999400037,6.647809417617768,7.9999999992
1267,5.999647999400036,5.999647999400037,6.647809417617768,7.9999999992
1268,5.999647999400036,5.999647999400037,6.647809417617768,7.9999999992
1269,5.999647999400036,5.999647999400036,5.999647999400037,7.9999999992
1270,5.999647999400036,5.999647999400036,5.999647999400037,7.9999999992
1271,5.999647999400036,5.999647999400036,5.999647999400037,7.9999999992
1272,5.999647999400036,5.999647999400036,5.999647999400037,7.9999999992
1273,5.999647999400035,5.999647999400036,5.999647999400037,7.9999999992
1274,5.999647999400035,5.999647999400036,5.999647999400037,7.9999999992
1275,5.088298513512794,5.999647999400036,5.999647999400037,7.9999999992
1276,5.088298513512793,5.999647999400036,5.999647999400037,7.9999999992
1277,5.088298513512793,5.999647999400036,5.999647999400037,7.9999999992
1278,5.088298513512793,5.999647999400036,5.999647999400037,7.9999999992
1279,5.088298513512793,5.999647999400036,5.999647999400037,7.9999999992
1280,3.8160000000000007,5.999647999400036,5.999647999400037,7.9999999992
1281,3.8160000000000007,5.999647999400036,5.999647999400037,7.9999999992
1282,3.8160000000000007,5.999647999400036,5.999647999400037,7.9999999992
1283,3.8160000000000007,5.999647999400036,5.999647999400036,7.9999999992
1284,3.8160000000000007,5.999647999400035,5.999647999400036,7.9999999992
1285,3.8160000000000007,5.999647999400035,5.999647999400036,7.9999999992
1286,3.8160000000000007,5.999647999400035,5.999647999400036,7.9999999992
1287,3.8160000000000007,5.999647999400035,5.999647999400036,7.9999999992
1288,3.8160000000000007,3.8160000000000007,5.999647999400036,7.9999999992
1289,3.8160000000000007,3.8160000000000007,5.999647999400036,7.9999999992
1290,3.8160000000000007,3.8160000000000007,5.999647999400036,7.9999999992
1291,3.8160000000000007,3.8160000000000007,5.999647999400036,7.9999999992
1292,3.8160000000000007,3.8160000000000007,5.999647999400036,7.9999999992
1293,3.8160000000000007,3.8160000000000007,5.999647999400035,7.9999999992
1294,3.324099721662049,3.8160000000000007,5.999647999400035,7.9999999992
1295,3.324099721662049,3.8160000000000007,4.000234678834491,7.9999999992
1296,3.324099721662049,3.8160000000000007,4.000234678834491,7.9999999992
1297,3.324099721662049,3.610211797648128,4.000234678834491,7.9999999992
1298,3.171005092520776,3.610211797648128,4.000234678834491,7.9999999992
1299,3.171005092520776,3.610211797648128,4.000234678834491,7.219999999278003
1300,2.9999999988,3.443940000000001,3.8160000000000007,7.219999999278003
1301,2.9999999988,3.443940000000001,3.8160000000000007,7.219999999278003
1302,2.9999999988,3.443940000000001,3.8160000000000007,7.219999999278003
1303,2.9999999988,3.324099721662049,3.8160000000000007,7.219999999278003
1304,2.9999999988,3.324099721662049,3.8160000000000007,7.219999999278003
1305,2.9999999988,3.324099721662049,3.8160000000000007,7.219999999278003
1306,2.9999999988,3.324099721662049,3.8160000000000007,7.219999999278001
1307,2.9999999988,3.324099721662049,3.8160000000000007,7.219999999278001
1308,2.9999999988,3.324099721662049,3.8160000000000007,7.219999999278001
1309,2.9999999988,3.324099721662049,3.610211797648128,7.219999999278001
1310,2.9999999988,3.324099721662049,3.610211797648128,7.219999999278001
1311,2.9999999988,3.324099721662049,3.610211797648128,7.219999999278001
1312,2.9999999988,3.324099721662049,3.610211797648128,7.219999999278001
1313,2.9999999988,2.9999999988,3.610211797648128,7.219999999278001
1314,2.9999999988,2.9999999988,3.443940000000001,7.219999999278001
1315,2.9999999988,2.9999999988,3.324099721662049,7.219999999278001
1316,2.9999999988,2.9999999988,3.324099721662049,7.219999999278001
1317,2.9999999988,2.9999999988,3.324099721662049,6.647809417617768
1318,2.9999999988,2.9999999988,3.324099721662049,6.647809417617768
1319,2.9999999988,2.9999999988,3.324099721662049,6.647809417617768
1320,2.9999999988,2.9999999988,3.324099721662049,6.647809417617768
1321,2.9999999988,2.9999999988,3.3240997216620487,6.647809417617768
1322,2.9999999988,2.9999999988,3.3240997216620487,5.999647999400037
1323,2.9999999988,2.9999999988,2.9999999988,5.999647999400037
1324,2.9999999988,2.9999999988,2.9999999988,5.999647999400037
1325,2.9999999988,2.9999999988,2.9999999988,5.999647999400037
1326,2.9999999988,2.9999999988,2.9999999988,5.999647999400037
1327,2.9999999988,2.9999999988,2.9999999988,5.999647999400037
1328,2.9999999988,2.9999999988,2.9999999988,5.999647999400037
1329,2.9999999988,2.9999999988,2.9999999988,5.999647999400037
1330,2.9999999988,2.9999999988,2.9999999988,5.999647999400037
1331,2.9999999988,2.9999999988,2.9999999988,5.999647999400037
1332,2.9999999988,2.9999999988,2.9999999988,5.999647999400037
1333,2.9999999988,2.9999999988,2.9999999988,5.999647999400037
1334,2.9999999988,2.9999999988,2.9999999988,5.999647999400037
1335,2.9999999988,2.9999999988,2.9999999988,5.999647999400037
1336,2.9999999988,2.9999999988,2.9999999988,5.999647999400037
1337,2.9999999988,2.9999999988,2.9999999988,5.999647999400037
1338,2.9999999988,2.9999999988,2.9999999988,5.999647999400037
1339,2.9999999988,2.9999999988,2.9999999988,5.999647999400037
1340,2.9999999988,2.9999999988,2.9999999988,5.999647999400037
1341,2.9999999988,2.9999999988,2.9999999988,5.999647999400037
1342,2.9999999987999995,2.9999999988,2.9999999988,5.999647999400036
1343,2.861832096000001,2.9999999988,2.9999999988,5.999647999400036
1344,2.861832096000001,2.9999999988,2.9999999988,5.999647999400036
1345,2.8618320960000005,2.9999999988,2.9999999988,5.999647999400036
1346,2.707499998917,2.9999999988,2.9999999988,5.999647999400036
1347,2.707499998917,2.9999999988,2.9999999988,5.999647999400036
1348,2.707499998917,2.9999999988,2.9999999988,5.999647999400036
1349,2.707499998917,2.707499998917,2.9999999988,5.999647999400036
1350,2.707499998917,2.707499998917,2.9999999988,5.999647999400036
1351,2.707499998917,2.707499998917,2.9999999988,5.999647999400036
1352,2.707499998917,2.707499998917,2.9999999988,5.999647999400036
1353,2.707499998917,2.707499998917,2.9999999988,5.999647999400036
1354,2.707499998917,2.707499998917,2.9999999988,5.999647999400036
1355,2.707499998917,2.707499998917,2.9999999988,5.999647999400036
1356,2.707499998917,2.707499998917,2.9999999988,5.999647999400036
1357,2.492928530858784,2.707499998917,2.9999999988,5.999647999400036
1358,2.492928530858784,2.707499998917,2.9999999987999995,5.999647999400036
1359,2.492928530858784,2.707499998917,2.9999999987999995,5.999647999400036
1360,2.492928530858784,2.707499998916999,2.9999999987999995,5.999647999400036
1361,2.492928530858784,2.707499998916999,2.9999999987999995,5.999647999400035
1362,2.249867999100053,2.249867999100053,2.707499998917,5.4146823194585325
1363,2.249867999100053,2.249867999100053,2.707499998917,5.4146823194585325
1364,2.249867999100053,2.249867999100053,2.707499998917,5.088298513512794
1365,2.249867999100053,2.249867999100053,2.707499998917,5.088298513512793
1366,2.249867999100053,2.2498679991000525,2.707499998917,5.088298513512793
1367,2.249867999100053,2.2498679991000525,2.707499998917,4.22825484764543
1368,2.2498679991000525,2.2498679991000525,2.707499998917,4.22825484764543
1369,2.2498679991000525,2.2498679991000525,2.707499998917,4.22825484764543
1370,2.2498679991000525,2.249867999100052,2.707499998917,4.22825484764543
1371,2.2498679991000525,2.249867999100052,2.707499998917,4.22825484764543
1372,2.2498679991000525,2.249867999100052,2.707499998916999,4.000234678834491
1373,2.2498679991000525,0.048002816165215,2.707499998916999,4.000234678834491
1374,2.2498679991000525,0.048002816165215,2.707499998916999,4.000234678834491
1375,2.2498679991000525,0.048002816165215,2.2498679991000525,4.000234678834491
1376,2.2498679991000525,0.048002816165215,2.2498679991000525,4.000234678834491
1377,2.2498679991000525,0.048002816165215,2.2498679991000525,3.8160000000000007
1378,2.2498679991000525,0.0433225415891065,2.2498679991000525,3.8160000000000007
1379,2.2498679991000525,0.0433225415891065,2.2498679991000525,3.8160000000000007
1380,2.2498679991000525,0.0398891966759002,2.2498679991000525,3.8160000000000007
1381,0.0,0.0398891966759002,2.2498679991000525,3.8160000000000007
1382,-0.0,0.0398891966759002,2.2498679991000525,3.8160000000000007
1383,0.0,0.0398891966759002,2.2498679991000525,3.8160000000000007
1384,-0.0,0.0398891966759002,2.249867999100052,3.8160000000000007
1385,-0.0,0.0359999999999999,2.249867999100052,3.8160000000000007
1386,0.0,0.0359999999999999,0.048002816165215,3.8160000000000007
1387,0.0,0.0359999999999999,0.048002816165215,3.8160000000000007
1388,-0.0,0.0359999999999999,0.048002816165215,3.8160000000000007
1389,-0.0,0.0359999999999999,0.048002816165215,3.8160000000000007
1390,0.0,0.0359999999999999,0.048002816165215,3.8160000000000007
1391,-0.0,0.0359999999999999,0.048002816165215,3.8160000000000007
1392,0.0,0.0359999999999999,0.048002816165215,3.8160000000000007
1393,0.0,0.0359999999999999,0.048002816165215,3.8160000000000007
1394,-0.0,0.0359999999999999,0.048002816165215,3.8160000000000007
1395,-0.0,0.0359999999999999,0.048002816165215,3.8160000000000007
1396,0.0,0.0359999999999999,0.048002816165215,3.8160000000000007
1397,-0.0,0.0359999999999999,0.048002816165215,3.8160000000000007
1398,0.0,0.0359999999999999,0.048002816165215,3.8160000000000007
1399,0.0,0.0359999999999999,0.048002816165215,3.8160000000000007
1400,-0.0,0.0359999999999999,0.048002816165215,3.6832129879911903
1401,-0.0,0.0359999999999999,0.048002816165215,3.443940000000001
1402,-0.0,0.0359999999999999,0.048002816165215,3.324099721662049
1403,-0.0,0.0359999999999999,0.048002816165215,3.324099721662049
1404,0.0,0.0359999999999999,0.048002816165215,3.324099721662049
1405,-0.0,0.0359999999999999,0.048002816165215,3.324099721662049
1406,-0.0,0.0359999999999999,0.0433225415891065,3.324099721662049
1407,0.0,0.0359999999999999,0.0433225415891065,3.324099721662049
1408,0.0,0.0359999999999999,0.0398891966759002,3.324099721662049
1409,0.0,0.0359999999999999,0.0398891966759002,3.324099721662049
1410,0.0,0.0359999999999999,0.0398891966759002,3.324099721662049
1411,0.0,0.0359999999999999,0.0398891966759002,3.324099721662049
1412,0.0,0.0359999999999999,0.0398891966759002,3.324099721662049
1413,0.0,0.0359999999999999,0.0398891966759002,3.324099721662049
1414,0.0,0.0359999999999999,0.0359999999999999,3.324099721662049
1415,0.0,0.0359999999999999,0.0359999999999999,3.324099721662049
1416,-0.0,0.0359999999999999,0.0359999999999999,3.324099721662049
1417,-0.0,0.0359999999999999,0.0359999999999999,2.9999999988
1418,0.0,0.0359999999999999,0.0359999999999999,2.9999999988
1419,-0.0,0.0359999999999999,0.0359999999999999,2.9999999988
1420,0.0,0.0324899999999999,0.0359999999999999,2.9999999988
1421,0.0,0.0324899999999999,0.0359999999999999,2.9999999988
1422,-0.0,0.0324899999999999,0.0359999999999999,2.9999999988
1423,-0.0,0.0324899999999999,0.0359999999999999,2.9999999988
1424,-0.0,0.0,0.0359999999999999,2.9999999988
1425,-0.0,0.0,0.0359999999999999,2.9999999988
1426,-0.0,0.0,0.0359999999999999,2.9999999988
1427,0.0,-0.0,0.0359999999999999,2.9999999988
1428,-0.0,-0.0,0.0359999999999999,2.9999999988
1429,0.0,0.0,0.0359999999999999,2.9999999988
1430,-0.0,0.0,0.0359999999999999,2.9999999988
1431,0.0,-0.0,0.0359999999999999,2.9999999988
1432,0.0,0.0,0.0359999999999999,2.9999999988
1433,0.0,-0.0,0.0359999999999999,2.9999999988
1434,-0.0,0.0,0.0359999999999999,2.9999999988
1435,-0.0,0.0,0.0359999999999999,2.9999999988
1436,0.0,0.0,0.0359999999999999,2.9999999988
1437,-0.0,-0.0,0.0359999999999999,2.9999999988
1438,0.0,-0.0,0.0359999999999999,2.861832096000001
1439,0.0,0.0,0.0359999999999999,2.861832096000001
1440,-0.0,0.0,0.0359999999999999,2.861832096000001
1441,-0.0,0.0,0.0359999999999999,2.8618320960000005
1442,-0.0,0.0,0.0359999999999999,2.8618320960000005
1443,0.0,0.0,0.0359999999999999,0.048002816165215
1444,0.0,-0.0,0.0359999999999999,0.048002816165215
1445,0.0,0.0,0.0359999999999999,0.0398891966759002
1446,0.0,0.0,0.0359999999999999,0.0359999999999999
1447,0.0,0.0,0.0359999999999999,0.0359999999999999
1448,0.0,0.0,0.0359999999999999,0.0359999999999999
1449,0.0,-0.0,0.0324899999999999,0.0359999999999999
1450,0.0,0.0,0.0324899999999999,0.0359999999999999
1451,0.0,-0.0,0.0324899999999999,0.0359999999999999
1452,-0.0,-0.0,-0.0,0.0359999999999999
1453,0.0,-0.0,0.0,0.0359999999999999
1454,-0.0,-0.0,-0.0,0.0324899999999999
1455,0.0,-0.0,0.0,-0.0
