,Harad-0,Harad-1,Harad-2,Harad-3
0,10000.0,10000.0,10000.0,10000.0
1,10000.0,10000.0,10000.0,10000.0
2,10000.0,10000.0,10000.0,10000.0
3,10000.0,10000.0,10000.0,10000.0
4,10000.0,10000.0,10000.0,10000.0
5,10000.0,10000.0,10000.0,10000.0
6,10000.0,10000.0,10000.0,10000.0
7,10000.0,10000.0,10000.0,10000.0
8,10000.0,10000.0,10000.0,10000.0
9,10000.0,10000.0,10000.0,10000.0
10,10000.0,10000.0,10000.0,10000.0
11,10000.0,10000.0,10000.0,10000.0
12,10000.0,10000.0,10000.0,10000.0
13,10000.0,10000.0,10000.0,10000.0
14,10000.0,10000.0,10000.0,10000.0
15,10000.0,10000.0,10000.0,10000.0
16,10000.0,10000.0,10000.0,10000.0
17,10000.0,10000.0,10000.0,10000.0
18,10000.0,10000.0,10000.0,10000.0
19,10000.0,10000.0,10000.0,10000.0
20,10000.0,10000.0,10000.0,10000.0
21,10000.0,10000.0,10000.0,10000.0
22,10000.0,10000.0,10000.0,10000.0
23,10000.0,10000.0,10000.0,10000.0
24,10000.0,10000.0,10000.0,10000.0
25,10000.0,10000.0,10000.0,10000.0
26,10000.0,10000.0,10000.0,10000.0
27,10000.0,10000.0,10000.0,10000.0
28,10000.0,10000.0,10000.0,10000.0
29,10000.0,10000.0,10000.0,10000.0
30,10000.0,10000.0,10000.0,10000.0
31,10000.0,10000.0,10000.0,10000.0
32,10000.0,10000.0,10000.0,10000.0
33,10000.0,10000.0,10000.0,10000.0
34,10000.0,10000.0,10000.0,10000.0
35,10000.0,10000.0,10000.0,10000.0
36,10000.0,10000.0,10000.0,10000.0
37,10000.0,10000.0,10000.0,10000.0
38,10000.0,10000.0,10000.0,10000.0
39,10000.0,10000.0,10000.0,10000.0
40,10000.0,10000.0,10000.0,10000.0
41,10000.0,10000.0,10000.0,10000.0
42,10000.0,10000.0,10000.0,10000.0
43,10000.0,10000.0,10000.0,10000.0
44,10000.0,10000.0,10000.0,10000.0
45,10000.0,10000.0,10000.0,10000.0
46,10000.0,10000.0,10000.0,10000.0
47,10000.0,10000.0,10000.0,10000.0
48,10000.0,10000.0,10000.0,10000.0
49,10000.0,10000.0,10000.0,10000.0
50,10000.0,10000.0,10000.0,10000.0
51,10000.0,10000.0,10000.0,10000.0
52,10000.0,10000.0,10000.0,10000.0
53,10000.0,10000.0,10000.0,10000.0
54,10000.0,10000.0,10000.0,10000.0
55,10000.0,10000.0,10000.0,10000.0
56,10000.0,10000.0,10000.0,10000.0
57,10000.0,10000.0,10000.0,10000.0
58,10000.0,10000.0,10000.0,10000.0
59,10000.0,10000.0,10000.0,10000.0
60,10000.0,10000.0,10000.0,10000.0
61,10000.0,10000.0,10000.0,10000.0
62,10000.0,10000.0,10000.0,10000.0
63,10000.0,10000.0,10000.0,10000.0
64,10000.0,10000.0,10000.0,10000.0
65,10000.0,10000.0,10000.0,10000.0
66,10000.0,10000.0,10000.0,10000.0
67,10000.0,10000.0,10000.0,10000.0
68,10000.0,10000.0,10000.0,10000.0
69,10000.0,10000.0,10000.0,10000.0
70,10000.0,10000.0,10000.0,10000.0
71,10000.0,10000.0,10000.0,10000.0
72,10000.0,10000.0,10000.0,10000.0
73,10000.0,10000.0,10000.0,10000.0
74,10000.0,10000.0,10000.0,10000.0
75,10000.0,10000.0,10000.0,10000.0
76,10000.0,10000.0,10000.0,10000.0
77,10000.0,10000.0,10000.0,10000.0
78,10000.0,10000.0,10000.0,10000.0
79,10000.0,10000.0,10000.0,10000.0
80,10000.0,10000.0,10000.0,10000.0
81,10000.0,10000.0,10000.0,10000.0
82,10000.0,10000.0,10000.0,10000.0
83,10000.0,10000.0,10000.0,10000.0
84,10000.0,10000.0,10000.0,10000.0
85,10000.0,10000.0,10000.0,10000.0
86,10000.0,10000.0,10000.0,10000.0
87,10000.0,10000.0,10000.0,10000.0
88,10000.0,10000.0,10000.0,10000.0
89,10000.0,10000.0,10000.0,10000.0
90,10000.0,10000.0,10000.0,10000.0
91,10000.0,10000.0,10000.0,10000.0
92,10000.0,10000.0,10000.0,10000.0
93,10000.0,10000.0,10000.0,10000.0
94,10000.0,10000.0,10000.0,10000.0
95,10000.0,10000.0,10000.0,10000.0
96,10000.0,10000.0,10000.0,10000.0
97,10000.0,10000.0,10000.0,10000.0
98,10000.0,10000.0,10000.0,10000.0
99,10000.0,10000.0,10000.0,10000.0
100,10000.0,10000.0,10000.0,10000.0
101,10000.0,10000.0,10000.0,10000.0
102,10000.0,10000.0,10000.0,10000.0
103,9025.0,10000.0,10000.0,10000.0
104,9025.0,10000.0,10000.0,10000.0
105,9025.0,10000.0,10000.0,10000.0
106,9025.0,10000.0,10000.0,10000.0
107,9025.0,10000.0,10000.0,10000.0
108,9025.0,10000.0,10000.0,10000.0
109,9025.0,10000.0,10000.0,10000.0
110,9025.0,10000.0,10000.0,10000.0
111,9025.0,10000.0,10000.0,10000.0
112,9025.0,10000.0,10000.0,10000.0
113,9025.0,10000.0,10000.0,10000.0
114,9025.0,10000.0,10000.0,10000.0
115,9025.0,10000.0,10000.0,10000.0
116,9025.0,10000.0,10000.0,10000.0
117,9025.0,10000.0,10000.0,10000.0
118,9025.0,10000.0,10000.0,10000.0
119,9025.0,10000.0,10000.0,10000.0
120,9025.0,10000.0,10000.0,10000.0
121,9025.0,10000.0,10000.0,10000.0
122,9025.0,9025.0,10000.0,10000.0
123,9025.0,9025.0,10000.0,10000.0
124,9025.0,9025.0,10000.0,10000.0
125,9025.0,9025.0,10000.0,10000.0
126,9025.0,9025.0,10000.0,10000.0
127,9025.0,9025.0,10000.0,10000.0
128,9025.0,9025.0,10000.0,10000.0
129,9025.0,9025.0,10000.0,10000.0
130,9025.0,9025.0,10000.0,10000.0
131,9025.0,9025.0,10000.0,10000.0
132,9025.0,9025.0,10000.0,10000.0
133,9025.0,9025.0,10000.0,10000.0
134,9025.0,9025.0,10000.0,10000.0
135,9025.0,9025.0,10000.0,10000.0
136,9025.0,9025.0,10000.0,10000.0
137,9025.0,9025.0,10000.0,10000.0
138,9025.0,9025.0,10000.0,10000.0
139,9025.0,9025.0,10000.0,10000.0
140,9025.0,9025.0,10000.0,10000.0
141,9025.0,9025.0,10000.0,10000.0
142,9025.0,9025.0,10000.0,10000.0
143,9025.0,9025.0,10000.0,10000.0
144,9025.0,9025.0,10000.0,10000.0
145,9025.0,9025.0,10000.0,10000.0
146,9025.0,9025.0,10000.0,10000.0
147,9025.0,9025.0,10000.0,10000.0
148,9025.0,9025.0,10000.0,10000.0
149,9025.0,9025.0,10000.0,10000.0
150,9025.0,9025.0,10000.0,10000.0
151,9025.0,9025.0,10000.0,10000.0
152,9025.0,9025.0,10000.0,10000.0
153,9025.0,9025.0,10000.0,10000.0
154,9025.0,9025.0,10000.0,10000.0
155,9025.0,9025.0,10000.0,10000.0
156,9025.0,9025.0,10000.0,10000.0
157,9025.0,9025.0,10000.0,10000.0
158,9025.0,9025.0,10000.0,10000.0
159,9025.0,9025.0,10000.0,10000.0
160,9025.0,9025.0,10000.0,10000.0
161,9025.0,9025.0,10000.0,10000.0
162,9025.0,9025.0,10000.0,10000.0
163,9025.0,9025.0,10000.0,10000.0
164,9025.0,9025.0,10000.0,10000.0
165,9025.0,9025.0,10000.0,10000.0
166,9025.0,9025.0,10000.0,10000.0
167,9025.0,9025.0,10000.0,10000.0
168,9025.0,9025.0,10000.0,10000.0
169,9025.0,9025.0,10000.0,10000.0
170,9025.0,9025.0,10000.0,10000.0
171,9025.0,9025.0,10000.0,10000.0
172,9025.0,9025.0,10000.0,10000.0
173,9025.0,9025.0,10000.0,10000.0
174,9025.0,9025.0,10000.0,10000.0
175,9025.0,9025.0,10000.0,10000.0
176,9025.0,9025.0,10000.0,10000.0
177,9025.0,9025.0,10000.0,10000.0
178,9025.0,9025.0,10000.0,10000.0
179,9025.0,9025.0,10000.0,10000.0
180,9025.0,9025.0,10000.0,10000.0
181,9025.0,9025.0,10000.0,10000.0
182,9025.0,9025.0,10000.0,10000.0
183,9025.0,9025.0,10000.0,10000.0
184,9025.0,9025.0,10000.0,10000.0
185,9025.0,9025.0,10000.0,10000.0
186,9025.0,9025.0,10000.0,10000.0
187,9025.0,9025.0,10000.0,10000.0
188,9025.0,9025.0,10000.0,10000.0
189,9025.0,9025.0,10000.0,10000.0
190,9025.0,9025.0,10000.0,10000.0
191,9025.0,9025.0,10000.0,10000.0
192,9025.0,9025.0,10000.0,10000.0
193,9025.0,9025.0,10000.0,10000.0
194,9025.0,9025.0,10000.0,10000.0
195,9025.0,9025.0,10000.0,10000.0
196,9025.0,9025.0,10000.0,10000.0
197,9025.0,9025.0,10000.0,10000.0
198,9025.0,9025.0,10000.0,10000.0
199,9025.0,9025.0,10000.0,10000.0
200,9025.0,9025.0,10000.0,10000.0
201,9025.0,9025.0,10000.0,10000.0
202,9025.0,9025.0,10000.0,10000.0
203,9025.0,9025.0,10000.0,10000.0
204,9025.0,9025.0,10000.0,10000.0
205,9025.0,9025.0,10000.0,10000.0
206,9025.0,9025.0,10000.0,10000.0
207,9025.0,9025.0,10000.0,10000.0
208,9025.0,9025.0,10000.0,10000.0
209,9025.0,9025.0,10000.0,10000.0
210,9025.0,9025.0,10000.0,10000.0
211,9025.0,9025.0,10000.0,10000.0
212,9025.0,9025.0,10000.0,10000.0
213,9025.0,9025.0,10000.0,10000.0
214,9025.0,9025.0,10000.0,10000.0
215,9025.0,9025.0,10000.0,10000.0
216,9025.0,9025.0,10000.0,10000.0
217,9025.0,9025.0,10000.0,10000.0
218,9025.0,9025.0,10000.0,10000.0
219,9025.0,9025.0,10000.0,10000.0
220,9025.0,9025.0,10000.0,10000.0
221,9025.0,9025.0,10000.0,10000.0
222,9025.0,9025.0,10000.0,10000.0
223,9025.0,9025.0,10000.0,10000.0
224,9025.0,9025.0,10000.0,10000.0
225,9025.0,9025.0,10000.0,10000.0
226,9025.0,9025.0,10000.0,10000.0
227,9025.0,9025.0,10000.0,10000.0
228,9025.0,9025.0,10000.0,10000.0
229,9025.0,9025.0,10000.0,10000.0
230,9025.0,9025.0,10000.0,10000.0
231,9025.0,9025.0,10000.0,10000.0
232,9025.0,9025.0,10000.0,10000.0
233,9025.0,9025.0,10000.0,10000.0
234,9025.0,9025.0,10000.0,10000.0
235,9025.0,9025.0,10000.0,10000.0
236,9025.0,9025.0,10000.0,10000.0
237,9025.0,9025.0,10000.0,10000.0
238,9025.0,9025.0,10000.0,10000.0
239,9025.0,9025.0,10000.0,10000.0
240,9025.0,9025.0,10000.0,10000.0
241,9025.0,9025.0,10000.0,10000.0
242,9025.0,9025.0,10000.0,10000.0
243,9025.0,9025.0,10000.0,10000.0
244,9025.0,9025.0,10000.0,10000.0
245,9025.0,9025.0,10000.0,10000.0
246,9025.0,9025.0,10000.0,10000.0
247,9025.0,9025.0,10000.0,10000.0
248,9025.0,9025.0,10000.0,10000.0
249,9025.0,9025.0,10000.0,10000.0
250,9025.0,9025.0,10000.0,10000.0
251,9025.0,9025.0,10000.0,10000.0
252,9025.0,9025.0,10000.0,10000.0
253,9025.0,9025.0,10000.0,10000.0
254,9025.0,9025.0,9025.0,10000.0
255,8309.761772853188,9025.0,9025.0,10000.0
256,8309.761772853188,9025.0,9025.0,10000.0
257,8309.761772853188,9025.0,9025.0,10000.0
258,8309.761772853188,9025.0,9025.0,10000.0
259,8309.761772853188,9025.0,9025.0,10000.0
260,7499.560000000001,9025.0,9025.0,10000.0
261,7499.560000000001,9025.0,9025.0,10000.0
262,7499.560000000001,9025.0,9025.0,10000.0
263,7499.560000000001,9025.0,9025.0,10000.0
264,7499.560000000001,9025.0,9025.0,10000.0
265,7499.560000000001,9025.0,9025.0,10000.0
266,7499.560000000001,9025.0,9025.0,10000.0
267,7499.560000000001,9025.0,9025.0,10000.0
268,7499.560000000001,9025.0,9025.0,10000.0
269,7499.560000000001,9025.0,9025.0,10000.0
270,7499.560000000001,9025.0,9025.0,10000.0
271,7499.560000000001,9025.0,9025.0,10000.0
272,7499.560000000001,9025.0,9025.0,10000.0
273,7499.560000000001,9025.0,9025.0,10000.0
274,7499.560000000001,9025.0,9025.0,10000.0
275,7499.560000000001,9025.0,9025.0,10000.0
276,7499.560000000001,9025.0,9025.0,10000.0
277,7499.560000000001,9025.0,9025.0,10000.0
278,7499.560000000001,9025.0,9025.0,10000.0
279,7499.560000000001,9025.0,9025.0,10000.0
280,7499.560000000001,9025.0,9025.0,10000.0
281,7499.560000000001,9025.0,9025.0,10000.0
282,7499.56,9025.0,9025.0,10000.0
283,7499.56,9025.0,9025.0,10000.0
284,7499.56,9025.0,9025.0,10000.0
285,7499.56,9025.0,9025.0,9753.41563359887
286,7499.56,9025.0,9025.0,9367.621114744576
287,7499.56,9025.0,9025.0,9025.0
288,7499.56,9025.0,9025.0,9025.0
289,7499.56,9025.0,9025.0,9025.0
290,7499.56,9025.0,9025.0,9025.0
291,7499.56,9025.0,9025.0,9025.0
292,7499.56,9025.0,9025.0,9025.0
293,7499.56,9025.0,9025.0,9025.0
294,7499.56,9025.0,9025.0,9025.0
295,7499.56,9025.0,9025.0,9025.0
296,7499.56,9025.0,9025.0,9025.0
297,7499.56,8309.76177285319,9025.0,9025.0
298,7499.56,8309.761772853188,9025.0,9025.0
299,7499.56,7510.241049116952,9025.0,9025.0
300,7499.56,7510.24104911695,9025.0,9025.0
301,7499.56,7510.24104911695,9025.0,9025.0
302,7499.56,7499.560000000003,9025.0,9025.0
303,7499.56,7499.560000000003,9025.0,9025.0
304,7499.56,7499.560000000003,9025.0,9025.0
305,7499.56,7499.560000000001,9025.0,9025.0
306,7499.56,7499.560000000001,9025.0,9025.0
307,6768.352900000002,7499.560000000001,9025.0,9025.0
308,6768.352900000002,7499.560000000001,9025.0,9025.0
309,6768.352900000002,7499.560000000001,9025.0,9025.0
310,6239.908804275224,7499.560000000001,9025.0,9025.0
311,5631.51769585839,7499.560000000001,9025.0,9025.0
312,5631.51769585839,7499.560000000001,9025.0,9025.0
313,5631.51769585839,7499.560000000001,9025.0,9025.0
314,5104.745342979725,7499.560000000001,9025.0,9025.0
315,4607.032672039203,7499.560000000001,9025.0,9025.0
316,4607.032672039201,7499.560000000001,9025.0,9025.0
317,4607.032672039201,7499.56,9025.0,9025.0
318,167.25683397655055,7499.56,9025.0,9025.0
319,167.25683397655055,7499.56,9025.0,9025.0
320,167.25683397655055,7499.56,9025.0,9025.0
321,150.94929266383693,7499.56,9025.0,9025.0
322,150.94929266383693,7499.56,9025.0,9025.0
323,150.94929266383693,7499.56,9025.0,9025.0
324,150.94929266383693,7499.56,9025.0,9025.0
325,150.94929266383693,7499.56,9025.0,9025.0
326,150.94929266383693,7499.56,9025.0,9025.0
327,150.94929266383693,7499.56,9025.0,9025.0
328,150.94929266383687,6768.352900000003,9025.0,9025.0
329,150.94929266383687,6768.352900000002,9025.0,9025.0
330,150.94929266383687,6768.352900000002,9025.0,9025.0
331,150.94929266383687,6768.352900000002,9025.0,9025.0
332,150.94929266383687,6768.352900000002,9025.0,9025.0
333,150.94929266383687,6768.352900000002,9025.0,9025.0
334,150.94929266383687,6768.352900000002,9025.0,9025.0
335,150.94929266383687,6768.352900000002,9025.0,9025.0
336,150.94929266383687,6768.352900000002,9025.0,9025.0
337,150.94929266383687,6768.352900000002,9025.0,9025.0
338,150.6596322618698,6108.438492250003,9025.0,9025.0
339,150.6596322618698,6108.438492250003,9025.0,9025.0
340,150.6596322618698,6108.438492250003,9025.0,9025.0
341,150.6596322618698,5624.340019360002,9025.0,9025.0
342,150.6596322618698,5075.966867472403,9025.0,9025.0
343,150.6596322618698,150.94929266383693,9025.0,9025.0
344,150.6596322618698,150.94929266383693,9025.0,9025.0
345,136.2317366291128,150.94929266383693,9025.0,9025.0
346,136.2317366291128,150.94929266383693,9025.0,9025.0
347,136.2317366291128,150.94929266383693,9025.0,9025.0
348,135.97031811633747,150.94929266383693,9025.0,9025.0
349,135.97031811633747,150.94929266383693,9025.0,9025.0
350,125.435266181718,150.94929266383693,9025.0,9025.0
351,125.435266181718,150.94929266383687,9025.0,9025.0
352,125.435266181718,150.94929266383687,9025.0,9025.0
353,125.435266181718,150.94929266383687,9025.0,9025.0
354,125.435266181718,125.6866429966284,9025.0,9025.0
355,125.435266181718,125.435266181718,9025.0,9025.0
356,125.435266181718,125.435266181718,9025.0,9025.0
357,125.435266181718,125.435266181718,9025.0,9025.0
358,125.435266181718,125.435266181718,9025.0,9025.0
359,125.435266181718,125.435266181718,9025.0,9025.0
360,125.435266181718,125.435266181718,9025.0,9025.0
361,125.435266181718,125.435266181718,9025.0,9025.0
362,125.435266181718,125.435266181718,9025.0,9025.0
363,125.435266181718,125.435266181718,9025.0,9025.0
364,125.435266181718,125.435266181718,9025.0,9025.0
365,125.435266181718,125.435266181718,9025.0,9025.0
366,125.435266181718,125.435266181718,9025.0,9025.0
367,125.435266181718,125.435266181718,9025.0,9025.0
368,125.435266181718,125.435266181718,9025.0,9025.0
369,125.435266181718,125.435266181718,9025.0,9025.0
370,125.435266181718,125.435266181718,9025.0,9025.0
371,125.435266181718,125.435266181718,9025.0,9025.0
372,125.435266181718,125.435266181718,9025.0,9025.0
373,125.435266181718,125.435266181718,9025.0,9025.0
374,125.435266181718,125.435266181718,9025.0,9025.0
375,125.435266181718,125.435266181718,9025.0,9025.0
376,125.435266181718,125.435266181718,9025.0,9025.0
377,125.435266181718,125.435266181718,9025.0,9025.0
378,125.435266181718,125.435266181718,9025.0,9025.0
379,125.435266181718,125.435266181718,9025.0,9025.0
380,125.435266181718,125.435266181718,9025.0,9025.0
381,125.435266181718,125.435266181718,9025.0,9025.0
382,125.435266181718,125.435266181718,9025.0,9025.0
383,125.435266181718,125.435266181718,9025.0,9025.0
384,125.435266181718,125.435266181718,9025.0,9025.0
385,125.435266181718,125.435266181718,9025.0,9025.0
386,125.435266181718,125.435266181718,9025.0,9025.0
387,125.435266181718,125.435266181718,9025.0,9025.0
388,125.435266181718,125.435266181718,9025.0,9025.0
389,125.435266181718,125.435266181718,9025.0,9025.0
390,125.435266181718,125.435266181718,9025.0,9025.0
391,125.435266181718,125.435266181718,9025.0,9025.0
392,125.435266181718,125.435266181718,9025.0,9025.0
393,125.435266181718,125.435266181718,9025.0,9025.0
394,125.435266181718,125.435266181718,9025.0,9025.0
395,125.435266181718,125.435266181718,9025.0,9025.0
396,125.435266181718,125.435266181718,9025.0,9025.0
397,125.435266181718,125.435266181718,9025.0,9025.0
398,125.435266181718,125.435266181718,9025.0,9025.0
399,125.435266181718,125.435266181718,9025.0,9025.0
400,125.435266181718,125.435266181718,9025.0,9025.0
401,125.435266181718,125.435266181718,9025.0,9025.0
402,125.435266181718,125.435266181718,9025.0,9025.0
403,125.435266181718,125.435266181718,9025.0,9025.0
404,125.43526618171796,125.435266181718,9025.0,9025.0
405,113.2053277290005,125.435266181718,9025.0,9025.0
406,113.2053277290005,125.435266181718,9025.0,9025.0
407,113.2053277290005,125.435266181718,9025.0,9025.0
408,113.2053277290005,125.435266181718,9025.0,9025.0
409,113.2053277290005,125.435266181718,9025.0,9025.0
410,113.2053277290005,125.435266181718,9025.0,9025.0
411,113.2053277290005,125.435266181718,9025.0,9025.0
412,113.2053277290005,125.435266181718,9025.0,9025.0
413,113.2053277290005,125.435266181718,8309.761772853188,9025.0
414,113.2053277290005,125.435266181718,7499.560000000001,9025.0
415,113.2053277290005,125.435266181718,7499.560000000001,9025.0
416,113.2053277290005,113.43219530445715,7499.560000000001,9025.0
417,113.2053277290005,113.43219530445715,7499.560000000001,9025.0
418,113.2053277290005,113.43219530445712,7499.560000000001,9025.0
419,113.2053277290005,113.2053277290005,7499.560000000001,9025.0
420,113.2053277290005,113.2053277290005,7499.560000000001,9025.0
421,113.2053277290005,113.2053277290005,7499.560000000001,9025.0
422,113.2053277290005,113.2053277290005,7499.560000000001,9025.0
423,113.2053277290005,113.2053277290005,7499.560000000001,9025.0
424,113.2053277290005,113.2053277290005,7499.560000000001,9025.0
425,113.2053277290005,113.2053277290005,7499.560000000001,9025.0
426,113.2053277290005,113.2053277290005,7499.560000000001,9025.0
427,113.2053277290005,113.2053277290005,7499.560000000001,9025.0
428,113.2053277290005,113.2053277290005,7499.560000000001,9025.0
429,113.2053277290005,113.2053277290005,7499.56,9025.0
430,113.2053277290005,113.2053277290005,7499.56,9025.0
431,113.2053277290005,113.2053277290005,7499.56,9025.0
432,113.2053277290005,113.2053277290005,7499.56,9025.0
433,113.2053277290005,113.2053277290005,7499.56,9025.0
434,113.2053277290005,113.2053277290005,7499.56,9025.0
435,113.2053277290005,113.2053277290005,7499.56,9025.0
436,113.2053277290005,113.2053277290005,7499.56,9025.0
437,113.2053277290005,113.2053277290005,7499.56,9025.0
438,113.2053277290005,113.2053277290005,7499.56,9025.0
439,113.2053277290005,113.2053277290005,7499.56,9025.0
440,113.2053277290005,113.2053277290005,6768.352900000002,9025.0
441,113.2053277290005,113.2053277290005,6768.352900000002,9025.0
442,113.2053277290005,113.2053277290005,6768.352900000002,9025.0
443,113.2053277290005,113.2053277290005,6768.352900000002,9025.0
444,113.2053277290005,113.2053277290005,6768.352900000002,9025.0
445,113.2053277290005,113.2053277290005,150.94929266383693,9025.0
446,113.2053277290005,113.2053277290005,150.94929266383693,9025.0
447,113.2053277290005,113.2053277290005,150.94929266383693,9025.0
448,113.2053277290005,113.2053277290005,150.94929266383693,9025.0
449,113.2053277290005,113.2053277290005,150.94929266383693,9025.0
450,113.2053277290005,113.2053277290005,150.94929266383693,9025.0
451,113.2053277290005,113.2053277290005,150.94929266383687,9025.0
452,113.2053277290005,113.2053277290005,150.94929266383687,9025.0
453,113.2053277290005,113.2053277290005,125.435266181718,9025.0
454,113.2053277290005,113.2053277290005,125.435266181718,9025.0
455,113.2053277290005,113.2053277290005,125.435266181718,9025.0
456,113.2053277290005,113.2053277290005,125.435266181718,9025.0
457,113.2053277290005,113.2053277290005,125.435266181718,8145.0625
458,113.2053277290005,113.2053277290005,125.435266181718,8145.0625
459,113.2053277290005,113.2053277290005,125.435266181718,8145.0625
460,113.2053277290005,113.2053277290005,125.435266181718,8145.0625
461,113.2053277290005,113.2053277290005,125.435266181718,8145.0625
462,113.2053277290005,113.2053277290005,125.435266181718,8145.0625
463,113.2053277290005,113.2053277290005,125.435266181718,8145.0625
464,113.2053277290005,113.2053277290005,125.435266181718,8145.0625
465,113.2053277290005,113.2053277290005,125.435266181718,7499.560000000001
466,113.2053277290005,113.2053277290005,125.435266181718,7499.560000000001
467,113.2053277290005,113.2053277290005,125.435266181718,7499.560000000001
468,113.2053277290005,113.2053277290005,125.435266181718,7499.560000000001
469,113.2053277290005,113.2053277290005,125.435266181718,7499.560000000001
470,113.2053277290005,113.2053277290005,125.435266181718,7499.560000000001
471,113.2053277290005,113.2053277290005,125.435266181718,7499.560000000001
472,113.2053277290005,113.2053277290005,125.435266181718,7499.560000000001
473,113.2053277290005,113.2053277290005,125.435266181718,7499.560000000001
474,113.2053277290005,113.2053277290005,125.435266181718,7499.56
475,113.2053277290005,113.2053277290005,125.435266181718,7499.56
476,113.2053277290005,113.2053277290005,125.435266181718,7499.56
477,113.2053277290005,113.2053277290005,125.435266181718,7499.56
478,113.2053277290005,113.2053277290005,125.435266181718,7499.56
479,113.2053277290005,113.2053277290005,125.435266181718,7499.56
480,113.2053277290005,113.2053277290005,125.435266181718,7499.56
481,113.2053277290005,113.2053277290005,125.435266181718,7499.56
482,113.2053277290005,113.2053277290005,125.435266181718,6768.352900000002
483,113.2053277290005,113.2053277290005,125.435266181718,6768.352900000002
484,113.2053277290005,113.2053277290005,125.435266181718,6768.352900000002
485,113.2053277290005,113.2053277290005,125.435266181718,6768.352900000002
486,113.2053277290005,113.2053277290005,125.435266181718,150.94929266383693
487,113.2053277290005,113.2053277290005,125.435266181718,150.94929266383693
488,113.2053277290005,113.2053277290005,125.435266181718,150.94929266383693
489,113.2053277290005,113.2053277290005,125.435266181718,150.94929266383693
490,113.2053277290005,113.2053277290005,125.435266181718,150.94929266383693
491,113.2053277290005,113.2053277290005,125.435266181718,150.94929266383693
492,113.2053277290005,113.2053277290005,125.435266181718,150.94929266383693
493,113.2053277290005,113.2053277290005,125.435266181718,150.94929266383687
494,113.2053277290005,113.2053277290005,125.435266181718,150.94929266383687
495,113.2053277290005,113.2053277290005,125.435266181718,150.94929266383687
496,113.2053277290005,113.2053277290005,113.2053277290005,150.94929266383687
497,113.2053277290005,113.2053277290005,113.2053277290005,150.94929266383687
498,113.2053277290005,113.2053277290005,113.2053277290005,125.435266181718
499,113.2053277290005,113.2053277290005,113.2053277290005,125.435266181718
500,113.2053277290005,113.2053277290005,113.2053277290005,125.435266181718
501,113.2053277290005,113.2053277290005,113.2053277290005,125.435266181718
502,113.2053277290005,113.2053277290005,113.2053277290005,125.435266181718
503,113.2053277290005,113.2053277290005,113.2053277290005,125.435266181718
504,113.2053277290005,113.2053277290005,113.2053277290005,125.435266181718
505,113.2053277290005,113.2053277290005,113.2053277290005,125.435266181718
506,113.2053277290005,113.2053277290005,113.2053277290005,125.435266181718
507,113.2053277290005,113.2053277290005,113.2053277290005,125.435266181718
508,113.2053277290005,113.2053277290005,113.2053277290005,125.435266181718
509,113.2053277290005,113.2053277290005,113.2053277290005,125.435266181718
510,113.2053277290005,113.2053277290005,113.2053277290005,125.435266181718
511,113.2053277290005,113.2053277290005,113.2053277290005,125.435266181718
512,113.2053277290005,113.2053277290005,113.2053277290005,125.435266181718
513,113.2053277290005,113.2053277290005,113.2053277290005,125.435266181718
514,113.2053277290005,113.2053277290005,113.2053277290005,125.435266181718
515,113.2053277290005,113.2053277290005,113.2053277290005,125.435266181718
516,113.2053277290005,113.2053277290005,113.2053277290005,125.435266181718
517,113.2053277290005,113.2053277290005,113.2053277290005,125.435266181718
518,113.2053277290005,113.2053277290005,113.2053277290005,125.435266181718
519,113.2053277290005,113.2053277290005,113.2053277290005,125.435266181718
520,113.2053277290005,113.2053277290005,113.2053277290005,125.435266181718
521,113.2053277290005,113.2053277290005,113.2053277290005,125.435266181718
522,113.2053277290005,113.2053277290005,113.2053277290005,125.435266181718
523,113.2053277290005,113.2053277290005,113.2053277290005,125.435266181718
524,113.2053277290005,113.2053277290005,113.2053277290005,125.435266181718
525,113.2053277290005,113.2053277290005,113.2053277290005,125.435266181718
526,113.2053277290005,113.2053277290005,113.2053277290005,125.435266181718
527,113.2053277290005,113.2053277290005,113.2053277290005,125.435266181718
528,113.2053277290005,113.2053277290005,113.2053277290005,125.435266181718
529,113.2053277290005,113.2053277290005,113.2053277290005,125.435266181718
530,113.2053277290005,113.2053277290005,113.2053277290005,125.435266181718
531,113.2053277290005,113.2053277290005,113.2053277290005,113.2053277290005
532,113.2053277290005,113.2053277290005,113.2053277290005,113.2053277290005
533,113.2053277290005,113.2053277290005,113.2053277290005,113.2053277290005
534,113.2053277290005,113.2053277290005,113.2053277290005,113.2053277290005
535,113.2053277290005,113.2053277290005,113.2053277290005,113.2053277290005
536,113.2053277290005,113.2053277290005,113.2053277290005,113.2053277290005
537,113.2053277290005,113.2053277290005,113.2053277290005,113.2053277290005
538,113.2053277290005,113.2053277290005,113.2053277290005,113.2053277290005
539,113.2053277290005,113.2053277290005,113.2053277290005,113.2053277290005
540,113.2053277290005,113.2053277290005,113.2053277290005,113.2053277290005
541,113.2053277290005,113.2053277290005,113.2053277290005,113.2053277290005
542,113.2053277290005,113.2053277290005,113.2053277290005,113.2053277290005
543,113.2053277290005,113.2053277290005,113.2053277290005,113.2053277290005
544,113.2053277290005,113.2053277290005,113.2053277290005,113.2053277290005
545,113.2053277290005,113.2053277290005,113.2053277290005,113.2053277290005
546,113.2053277290005,113.2053277290005,113.2053277290005,113.2053277290005
547,113.2053277290005,113.2053277290005,113.2053277290005,113.2053277290005
548,113.2053277290005,113.2053277290005,113.2053277290005,113.2053277290005
549,113.2053277290005,113.2053277290005,113.2053277290005,113.2053277290005
550,113.2053277290005,113.2053277290005,113.2053277290005,113.2053277290005
551,113.2053277290005,113.2053277290005,113.2053277290005,113.2053277290005
552,113.2053277290005,113.2053277290005,113.2053277290005,113.2053277290005
553,113.2053277290005,113.2053277290005,113.2053277290005,113.2053277290005
554,113.2053277290005,113.2053277290005,113.2053277290005,113.2053277290005
555,113.2053277290005,113.2053277290005,113.2053277290005,113.2053277290005
556,113.2053277290005,113.2053277290005,113.2053277290005,113.2053277290005
557,113.2053277290005,113.2053277290005,113.2053277290005,113.2053277290005
558,113.2053277290005,113.2053277290005,113.2053277290005,113.2053277290005
559,113.2053277290005,113.2053277290005,113.2053277290005,113.2053277290005
560,113.2053277290005,113.2053277290005,113.2053277290005,113.2053277290005
561,113.2053277290005,113.2053277290005,113.2053277290005,113.2053277290005
562,113.2053277290005,113.2053277290005,113.2053277290005,113.2053277290005
563,113.2053277290005,113.2053277290005,113.2053277290005,113.2053277290005
564,113.2053277290005,113.2053277290005,113.2053277290005,113.2053277290005
565,113.2053277290005,113.2053277290005,113.2053277290005,113.2053277290005
566,113.2053277290005,113.2053277290005,113.2053277290005,113.2053277290005
567,113.2053277290005,113.2053277290005,113.2053277290005,113.2053277290005
568,113.2053277290005,113.2053277290005,113.2053277290005,113.2053277290005
569,113.2053277290005,113.2053277290005,113.2053277290005,113.2053277290005
570,113.2053277290005,113.2053277290005,113.2053277290005,113.2053277290005
571,113.2053277290005,113.2053277290005,113.2053277290005,113.2053277290005
572,113.2053277290005,113.2053277290005,113.2053277290005,113.2053277290005
573,113.2053277290005,113.2053277290005,113.2053277290005,113.2053277290005
574,113.2053277290005,113.2053277290005,113.2053277290005,113.2053277290005
575,113.2053277290005,113.2053277290005,113.2053277290005,113.2053277290005
576,113.2053277290005,113.2053277290005,113.2053277290005,113.2053277290005
577,113.2053277290005,113.2053277290005,113.2053277290005,113.2053277290005
578,113.2053277290005,113.2053277290005,113.2053277290005,113.2053277290005
579,113.2053277290005,113.2053277290005,113.2053277290005,113.2053277290005
580,113.2053277290005,113.2053277290005,113.2053277290005,113.2053277290005
581,113.2053277290005,113.2053277290005,113.2053277290005,113.2053277290005
582,113.2053277290005,113.2053277290005,113.2053277290005,113.2053277290005
583,113.2053277290005,113.2053277290005,113.2053277290005,113.2053277290005
584,113.2053277290005,113.2053277290005,113.2053277290005,113.2053277290005
585,113.2053277290005,113.2053277290005,113.2053277290005,113.2053277290005
586,113.2053277290005,113.2053277290005,113.2053277290005,113.2053277290005
587,113.2053277290005,113.2053277290005,113.2053277290005,113.2053277290005
588,113.2053277290005,113.2053277290005,113.2053277290005,113.2053277290005
589,113.2053277290005,113.2053277290005,113.2053277290005,113.2053277290005
590,113.2053277290005,113.2053277290005,113.2053277290005,113.2053277290005
591,113.2053277290005,113.2053277290005,113.2053277290005,113.2053277290005
592,113.2053277290005,113.2053277290005,113.2053277290005,113.2053277290005
593,113.2053277290005,113.2053277290005,113.2053277290005,113.2053277290005
594,113.2053277290005,113.2053277290005,113.2053277290005,113.2053277290005
595,113.2053277290005,113.2053277290005,113.2053277290005,113.2053277290005
596,113.2053277290005,113.2053277290005,113.2053277290005,113.2053277290005
597,113.2053277290005,113.2053277290005,113.2053277290005,113.2053277290005
598,113.2053277290005,113.2053277290005,113.2053277290005,113.2053277290005
599,113.2053277290005,113.2053277290005,113.2053277290005,113.2053277290005
600,113.2053277290005,113.2053277290005,113.2053277290005,113.2053277290005
601,113.2053277290005,113.2053277290005,113.2053277290005,113.2053277290005
602,113.2053277290005,113.2053277290005,113.2053277290005,113.2053277290005
603,113.2053277290005,113.2053277290005,113.2053277290005,113.2053277290005
604,113.2053277290005,113.2053277290005,113.2053277290005,113.2053277290005
605,113.2053277290005,113.2053277290005,113.2053277290005,113.2053277290005
606,113.2053277290005,113.2053277290005,113.2053277290005,113.2053277290005
607,113.2053277290005,113.2053277290005,113.2053277290005,113.2053277290005
608,113.2053277290005,113.2053277290005,113.2053277290005,113.2053277290005
609,113.2053277290005,113.2053277290005,113.2053277290005,113.2053277290005
610,113.2053277290005,113.2053277290005,113.2053277290005,113.2053277290005
611,113.2053277290005,113.2053277290005,113.2053277290005,113.2053277290005
612,113.2053277290005,113.2053277290005,113.2053277290005,113.2053277290005
613,113.2053277290005,113.2053277290005,113.2053277290005,113.2053277290005
614,113.2053277290005,113.2053277290005,113.2053277290005,113.2053277290005
615,113.2053277290005,113.2053277290005,113.2053277290005,113.2053277290005
616,113.2053277290005,113.2053277290005,113.2053277290005,113.2053277290005
617,113.2053277290005,113.2053277290005,113.2053277290005,113.2053277290005
618,113.2053277290005,113.2053277290005,113.2053277290005,113.2053277290005
619,113.2053277290005,113.2053277290005,113.2053277290005,113.2053277290005
620,113.2053277290005,113.2053277290005,113.2053277290005,113.2053277290005
621,113.2053277290005,113.2053277290005,113.2053277290005,113.2053277290005
622,113.2053277290005,113.2053277290005,113.2053277290005,113.2053277290005
623,113.2053277290005,113.2053277290005,113.2053277290005,113.2053277290005
624,113.2053277290005,113.2053277290005,113.2053277290005,113.2053277290005
625,113.2053277290005,113.2053277290005,113.2053277290005,113.2053277290005
626,113.2053277290005,113.2053277290005,113.2053277290005,113.2053277290005
627,113.2053277290005,113.2053277290005,113.2053277290005,113.2053277290005
628,113.2053277290005,113.2053277290005,113.2053277290005,113.2053277290005
629,113.2053277290005,113.2053277290005,113.2053277290005,113.2053277290005
630,113.2053277290005,113.2053277290005,113.2053277290005,113.2053277290005
631,113.2053277290005,113.2053277290005,113.2053277290005,113.2053277290005
632,113.2053277290005,113.2053277290005,113.2053277290005,113.2053277290005
633,113.2053277290005,113.2053277290005,113.2053277290005,113.2053277290005
634,113.2053277290005,113.2053277290005,113.2053277290005,113.2053277290005
635,113.2053277290005,113.2053277290005,113.2053277290005,113.2053277290005
636,113.2053277290005,113.2053277290005,113.2053277290005,113.2053277290005
637,113.2053277290005,113.2053277290005,113.2053277290005,113.2053277290005
638,113.2053277290005,113.2053277290005,113.2053277290005,113.2053277290005
639,113.2053277290005,113.2053277290005,113.2053277290005,113.2053277290005
640,113.2053277290005,113.2053277290005,113.2053277290005,113.2053277290005
641,113.2053277290005,113.2053277290005,113.2053277290005,113.2053277290005
642,113.2053277290005,113.2053277290005,113.2053277290005,113.2053277290005
643,113.2053277290005,113.2053277290005,113.2053277290005,113.2053277290005
644,113.2053277290005,113.2053277290005,113.2053277290005,113.2053277290005
645,113.2053277290005,113.2053277290005,113.2053277290005,113.2053277290005
646,113.2053277290005,113.2053277290005,113.2053277290005,113.2053277290005
647,113.2053277290005,113.2053277290005,113.2053277290005,113.2053277290005
648,113.2053277290005,113.2053277290005,113.2053277290005,113.2053277290005
649,113.2053277290005,113.2053277290005,113.2053277290005,113.2053277290005
650,113.2053277290005,113.2053277290005,113.2053277290005,113.2053277290005
651,113.2053277290005,113.2053277290005,113.2053277290005,113.2053277290005
652,113.2053277290005,113.2053277290005,113.2053277290005,113.2053277290005
653,113.2053277290005,113.2053277290005,113.2053277290005,113.2053277290005
654,113.2053277290005,113.2053277290005,113.2053277290005,113.2053277290005
655,113.2053277290005,113.2053277290005,113.2053277290005,113.2053277290005
656,113.2053277290005,113.2053277290005,113.2053277290005,113.2053277290005
657,113.2053277290005,113.2053277290005,113.2053277290005,113.2053277290005
658,113.2053277290005,113.2053277290005,113.2053277290005,113.2053277290005
659,113.2053277290005,113.2053277290005,113.2053277290005,113.2053277290005
660,113.2053277290005,113.2053277290005,113.2053277290005,113.2053277290005
661,113.2053277290005,113.2053277290005,113.2053277290005,113.2053277290005
662,113.2053277290005,113.2053277290005,113.2053277290005,113.2053277290005
663,113.2053277290005,113.2053277290005,113.2053277290005,113.2053277290005
664,113.2053277290005,113.2053277290005,113.2053277290005,113.2053277290005
665,113.2053277290005,113.2053277290005,113.2053277290005,113.2053277290005
666,113.2053277290005,113.2053277290005,113.2053277290005,113.2053277290005
667,113.2053277290005,113.2053277290005,113.2053277290005,113.2053277290005
668,113.2053277290005,113.20532772900047,113.2053277290005,113.2053277290005
669,113.2053277290005,113.20532772900047,113.2053277290005,113.2053277290005
670,113.2053277290005,113.20532772900047,113.2053277290005,113.2053277290005
671,113.2053277290005,113.20532772900047,113.2053277290005,113.2053277290005
672,113.2053277290005,113.20532772900047,113.2053277290005,113.2053277290005
673,113.2053277290005,113.20532772900047,113.2053277290005,113.2053277290005
674,113.2053277290005,113.20532772900047,113.2053277290005,113.2053277290005
675,113.2053277290005,113.20532772900047,113.2053277290005,113.2053277290005
676,113.20532772900047,113.20532772900047,113.2053277290005,113.2053277290005
677,113.20532772900047,113.20532772900047,113.2053277290005,113.2053277290005
678,113.20532772900047,113.20532772900047,113.2053277290005,113.2053277290005
679,113.20532772900047,113.20532772900047,113.20532772900047,113.2053277290005
680,113.20532772900047,113.20532772900047,113.20532772900047,113.20532772900047
681,113.20532772900047,113.20532772900047,113.20532772900047,113.20532772900047
682,113.20532772900047,113.20532772900047,113.20532772900047,113.20532772900047
683,113.20532772900047,113.20532772900047,113.20532772900047,113.20532772900047
684,113.20532772900047,113.20532772900047,113.20532772900047,113.20532772900047
685,113.20532772900047,113.20532772900047,113.20532772900047,113.20532772900047
686,113.20532772900047,113.20532772900047,113.20532772900047,113.20532772900047
687,113.20532772900047,113.20532772900047,113.20532772900047,113.20532772900047
688,113.20532772900047,113.20532772900047,113.20532772900047,113.20532772900047
689,113.20532772900047,113.20532772900047,113.20532772900047,113.20532772900047
690,113.20532772900047,113.20532772900047,113.20532772900047,113.20532772900047
691,113.20532772900047,113.20532772900047,113.20532772900047,113.20532772900047
692,113.20532772900047,113.20532772900047,113.20532772900047,113.20532772900047
693,113.20532772900047,113.20532772900047,113.20532772900047,113.20532772900047
694,113.20532772900047,113.20532772900047,113.20532772900047,113.20532772900047
695,113.20532772900047,113.20532772900047,113.20532772900047,113.20532772900047
696,113.20532772900047,113.20532772900047,113.20532772900047,113.20532772900047
697,113.20532772900047,113.20532772900047,113.20532772900047,113.20532772900047
698,113.20532772900047,113.20532772900047,113.20532772900047,113.20532772900047
699,113.20532772900047,113.20532772900047,113.20532772900047,113.20532772900047
700,113.20532772900047,113.20532772900047,113.20532772900047,113.20532772900047
701,113.20532772900047,113.20532772900047,113.20532772900047,113.20532772900047
702,113.20532772900047,113.20532772900047,113.20532772900047,113.20532772900047
703,113.20532772900047,113.20532772900047,113.20532772900047,113.20532772900047
704,113.20532772900047,113.20532772900047,113.20532772900047,113.20532772900047
705,113.20532772900047,113.20532772900047,113.20532772900047,113.20532772900047
706,113.20532772900047,113.20532772900047,113.20532772900047,113.20532772900047
707,113.20532772900047,113.20532772900047,113.20532772900047,113.20532772900047
708,113.20532772900047,113.20532772900047,113.20532772900047,113.20532772900047
709,113.20532772900047,113.20532772900047,113.20532772900047,113.20532772900047
710,113.20532772900047,113.20532772900047,113.20532772900047,113.20532772900047
711,113.20532772900047,113.20532772900047,113.20532772900047,113.20532772900047
712,113.20532772900047,113.20532772900047,113.20532772900047,113.20532772900047
713,113.20532772900047,113.20532772900047,113.20532772900047,113.20532772900047
714,113.20532772900047,113.20532772900047,113.20532772900047,113.20532772900047
715,113.20532772900047,113.20532772900047,113.20532772900047,113.20532772900047
716,113.20532772900044,113.20532772900047,113.20532772900047,113.20532772900047
717,102.16780827542296,113.20532772900047,113.20532772900047,113.20532772900047
718,102.16780827542296,113.20532772900047,113.20532772900047,113.20532772900047
719,102.16780827542296,113.20532772900047,113.20532772900047,113.20532772900047
720,102.16780827542296,113.20532772900047,113.20532772900047,113.20532772900047
721,102.16780827542296,113.20532772900047,113.20532772900047,113.20532772900047
722,102.16780827542296,113.20532772900047,113.20532772900047,113.20532772900047
723,102.16780827542296,113.20532772900047,113.20532772900047,113.20532772900047
724,102.16780827542296,102.16780827542296,113.20532772900047,113.20532772900047
725,102.16780827542296,102.16780827542296,113.20532772900047,113.20532772900047
726,102.16780827542296,102.16780827542296,102.16780827542296,113.20532772900047
727,102.16780827542296,102.16780827542296,102.16780827542296,113.20532772900047
728,102.16780827542296,102.16780827542296,102.16780827542296,113.20532772900047
729,90.32456063493468,90.32456063493468,90.32456063493468,113.20532772900047
730,90.32456063493468,90.32456063493468,90.32456063493468,102.16780827542296
731,90.32456063493468,90.32456063493468,90.32456063493468,102.16780827542296
732,90.32456063493468,90.32456063493468,90.32456063493468,90.48739890871667
733,90.32456063493468,90.32456063493468,90.32456063493468,90.48739890871667
734,90.32456063493468,90.32456063493468,90.32456063493468,90.48739890871667
735,90.32456063493468,90.32456063493468,90.32456063493468,90.48739890871667
736,90.32456063493468,90.32456063493468,90.32456063493468,90.32456063493468
737,90.32456063493468,90.32456063493468,90.32456063493468,90.32456063493468
738,90.32456063493468,90.32456063493468,90.32456063493468,90.32456063493468
739,90.32456063493468,90.32456063493468,90.32456063493468,90.32456063493468
740,90.32456063493468,90.32456063493468,90.32456063493468,90.32456063493468
741,90.32456063493468,90.32456063493468,90.32456063493468,90.32456063493468
742,90.32456063493468,90.32456063493468,90.32456063493468,90.32456063493468
743,90.32456063493468,90.32456063493468,90.32456063493468,90.32456063493468
744,90.32456063493468,90.32456063493468,90.32456063493468,90.32456063493468
745,90.32456063493468,90.32456063493468,90.32456063493468,90.32456063493468
746,90.32456063493468,90.32456063493468,90.32456063493468,90.32456063493468
747,90.32456063493468,90.32456063493468,90.32456063493468,90.32456063493468
748,90.32456063493468,90.32456063493468,90.32456063493468,90.32456063493468
749,90.32456063493468,90.32456063493468,90.32456063493468,90.32456063493468
750,90.32456063493468,90.32456063493468,90.32456063493468,90.32456063493468
751,90.32456063493468,90.32456063493468,90.32456063493468,90.32456063493468
752,90.32456063493468,90.32456063493468,90.32456063493468,90.32456063493468
753,90.32456063493468,90.32456063493468,90.32456063493468,90.32456063493468
754,90.32456063493468,90.32456063493468,90.32456063493468,90.32456063493468
755,90.32456063493468,90.32456063493468,90.32456063493468,90.32456063493468
756,90.32456063493468,90.32456063493468,90.32456063493468,90.32456063493468
757,90.32456063493468,90.32456063493468,90.32456063493468,90.32456063493468
758,90.32456063493468,90.32456063493468,90.32456063493468,90.32456063493468
759,90.32456063493468,90.32456063493468,90.32456063493468,90.32456063493468
760,90.32456063493468,90.32456063493468,90.32456063493468,90.32456063493468
761,90.32456063493468,90.32456063493468,90.32456063493468,90.32456063493468
762,90.32456063493468,90.32456063493468,90.32456063493468,90.32456063493468
763,90.32456063493468,90.32456063493468,90.32456063493468,90.32456063493468
764,90.32456063493468,90.32456063493468,90.32456063493468,90.32456063493468
765,90.32456063493468,90.32456063493468,90.32456063493468,90.32456063493468
766,81.51791597302858,90.32456063493468,90.32456063493468,90.32456063493468
767,81.51791597302856,90.32456063493468,90.32456063493468,90.32456063493468
768,81.51791597302856,90.32456063493468,90.32456063493468,90.32456063493468
769,81.51791597302856,90.32456063493468,90.32456063493468,90.32456063493468
770,81.51791597302856,90.32456063493468,90.32456063493468,90.32456063493468
771,81.51791597302856,90.32456063493468,90.32456063493468,90.32456063493468
772,81.51791597302856,81.51791597302856,90.32456063493468,90.32456063493468
773,81.51791597302856,81.51791597302856,90.32456063493468,90.32456063493468
774,81.51791597302856,81.51791597302856,90.32456063493468,90.32456063493468
775,81.51791597302856,81.51791597302856,90.32456063493468,90.32456063493468
776,81.51791597302856,81.51791597302856,81.51791597302856,90.32456063493468
777,81.51791597302856,81.51791597302856,81.51791597302856,90.32456063493468
778,81.51791597302856,81.51791597302856,81.51791597302856,90.32456063493468
779,81.51791597302856,81.51791597302856,81.51791597302856,90.32456063493468
780,81.51791597302856,81.51791597302856,81.51791597302856,90.32456063493468
781,81.51791597302856,81.51791597302856,81.51791597302856,90.32456063493468
782,81.51791597302856,81.51791597302856,81.51791597302856,90.32456063493468
783,81.51791597302856,81.51791597302856,81.51791597302856,90.32456063493468
784,81.51791597302856,81.51791597302856,81.51791597302856,90.32456063493468
785,81.51791597302856,81.51791597302856,81.51791597302856,90.32456063493468
786,81.51791597302856,81.51791597302856,81.51791597302856,90.32456063493468
787,81.51791597302856,81.51791597302856,81.51791597302856,90.32456063493468
788,81.51791597302856,81.51791597302856,81.51791597302856,90.32456063493468
789,81.51791597302856,81.51791597302856,81.51791597302856,90.32456063493468
790,81.51791597302856,81.51791597302856,81.51791597302856,90.32456063493468
791,81.51791597302856,81.51791597302856,81.51791597302856,90.32456063493468
792,81.51791597302856,81.51791597302856,81.51791597302856,90.32456063493468
793,81.51791597302856,81.51791597302856,81.51791597302856,90.32456063493468
794,81.51791597302856,81.51791597302856,81.51791597302856,90.32456063493468
795,81.51791597302856,81.51791597302856,81.51791597302856,90.32456063493468
796,81.51791597302856,81.51791597302856,81.51791597302856,90.32456063493468
797,81.51791597302856,81.51791597302856,81.51791597302856,90.32456063493468
798,81.51791597302856,81.51791597302856,81.51791597302856,84.89901476233031
799,81.51791597302856,81.51791597302856,81.51791597302856,84.89901476233031
800,81.51791597302856,81.51791597302856,81.51791597302856,84.89901476233031
801,81.51791597302856,81.51791597302856,81.51791597302856,84.89901476233031
802,81.51791597302856,81.51791597302856,81.51791597302856,84.89901476233031
803,81.51791597302856,81.51791597302856,81.51791597302856,81.66487751511683
804,81.51791597302856,81.51791597302856,81.51791597302856,81.66487751511683
805,81.51791597302856,81.51791597302856,81.51791597302856,81.66487751511683
806,81.51791597302856,81.51791597302856,81.51791597302856,81.66487751511683
807,81.51791597302856,81.51791597302856,81.51791597302856,81.51791597302858
808,81.51791597302856,81.51791597302856,81.51791597302856,81.51791597302856
809,81.51791597302856,81.51791597302856,81.51791597302856,81.51791597302856
810,81.51791597302856,81.51791597302856,81.51791597302856,81.51791597302856
811,81.51791597302856,81.51791597302856,81.51791597302856,81.51791597302856
812,81.51791597302856,81.51791597302856,81.51791597302856,81.51791597302856
813,81.51791597302856,81.51791597302856,81.51791597302856,81.51791597302856
814,81.51791597302856,81.51791597302856,81.51791597302856,81.51791597302856
815,81.51791597302856,81.51791597302856,81.51791597302856,81.51791597302856
816,81.51791597302856,81.51791597302856,81.51791597302856,81.51791597302856
817,81.51791597302856,81.51791597302856,81.51791597302856,81.51791597302856
818,81.51791597302856,81.51791597302856,81.51791597302856,81.51791597302856
819,81.51791597302856,81.51791597302856,81.51791597302856,81.51791597302856
820,81.51791597302856,81.51791597302856,81.51791597302856,81.51791597302856
821,81.51791597302856,81.51791597302856,81.51791597302856,81.51791597302856
822,81.51791597302856,81.51791597302855,81.51791597302856,81.51791597302856
823,81.51791597302856,81.51791597302855,81.51791597302856,81.51791597302856
824,81.51791597302856,81.51791597302855,81.51791597302856,81.51791597302856
825,81.51791597302856,81.51791597302855,81.51791597302856,81.51791597302856
826,81.51791597302856,81.51791597302855,81.51791597302856,81.51791597302856
827,81.51791597302856,81.51791597302855,81.51791597302856,81.51791597302856
828,81.51791597302856,81.51791597302855,81.51791597302856,81.51791597302856
829,81.51791597302856,81.51791597302855,81.51791597302856,81.51791597302856
830,81.51791597302856,81.51791597302855,81.51791597302856,81.51791597302856
831,81.51791597302856,81.51791597302855,81.51791597302856,81.51791597302856
832,81.51791597302856,81.51791597302855,81.51791597302856,81.51791597302856
833,81.51791597302856,81.51791597302855,81.51791597302856,81.51791597302856
834,81.51791597302856,81.51791597302855,81.51791597302856,81.51791597302856
835,81.51791597302856,81.51791597302855,81.51791597302855,81.51791597302856
836,81.51791597302856,81.51791597302855,81.51791597302855,81.51791597302856
837,81.51791597302856,81.51791597302855,81.51791597302855,81.51791597302856
838,81.51791597302856,81.51791597302855,81.51791597302855,81.51791597302856
839,81.51791597302856,81.51791597302855,81.51791597302855,81.51791597302856
840,81.51791597302856,81.51791597302855,81.51791597302855,81.51791597302856
841,81.51791597302856,81.51791597302855,81.51791597302855,81.51791597302856
842,81.51791597302855,81.51791597302855,81.51791597302855,81.51791597302856
843,81.51791597302855,81.51791597302855,81.51791597302855,81.51791597302856
844,81.51791597302855,81.51791597302855,81.51791597302855,81.51791597302856
845,81.51791597302855,81.51791597302855,81.51791597302855,81.51791597302856
846,81.51791597302855,81.51791597302855,81.51791597302855,81.51791597302856
847,81.51791597302855,81.51791597302855,81.51791597302855,81.51791597302856
848,81.51791597302855,81.51791597302855,81.51791597302855,81.51791597302856
849,81.51791597302855,81.51791597302855,81.51791597302855,81.51791597302856
850,81.51791597302855,81.51791597302855,81.51791597302855,81.51791597302856
851,81.51791597302855,81.51791597302855,81.51791597302855,81.51791597302856
852,81.51791597302855,81.51791597302855,81.51791597302855,81.51791597302856
853,81.51791597302855,81.51791597302855,81.51791597302855,81.51791597302856
854,81.51791597302855,81.51791597302855,81.51791597302855,81.51791597302856
855,81.51791597302855,81.51791597302855,81.51791597302855,81.51791597302856
856,81.51791597302855,81.51791597302855,81.51791597302855,81.51791597302855
857,81.51791597302855,81.51791597302855,81.51791597302855,81.51791597302855
858,81.51791597302855,81.51791597302855,81.51791597302855,81.51791597302855
859,81.51791597302855,81.51791597302855,81.51791597302855,81.51791597302855
860,81.51791597302855,81.51791597302855,81.51791597302855,81.51791597302855
861,81.51791597302855,81.51791597302855,81.51791597302855,81.51791597302855
862,81.51791597302855,81.51791597302855,81.51791597302855,81.51791597302855
863,81.51791597302855,81.51791597302855,81.51791597302855,81.51791597302855
864,81.51791597302855,81.51791597302855,81.51791597302855,81.51791597302855
865,81.51791597302855,81.51791597302855,81.51791597302855,81.51791597302855
866,81.51791597302855,81.51791597302855,81.51791597302855,81.51791597302855
867,81.51791597302855,81.51791597302855,81.51791597302855,81.51791597302855
868,81.51791597302855,81.51791597302855,81.51791597302855,81.51791597302855
869,81.51791597302855,81.51791597302855,81.51791597302855,81.51791597302855
870,81.51791597302855,81.51791597302855,81.51791597302855,81.51791597302855
871,81.51791597302855,81.51791597302855,81.51791597302855,81.51791597302855
872,81.51791597302855,81.51791597302855,81.51791597302855,81.51791597302855
873,81.51791597302855,81.51791597302855,81.51791597302855,81.51791597302855
874,81.51791597302855,81.51791597302855,81.51791597302855,81.51791597302855
875,81.51791597302855,81.51791597302855,81.51791597302855,81.51791597302855
876,81.51791597302855,81.51791597302855,81.51791597302855,81.51791597302855
877,81.51791597302855,81.51791597302855,81.51791597302855,81.51791597302855
878,81.51791597302855,81.51791597302855,81.51791597302855,81.51791597302855
879,81.51791597302855,81.51791597302855,81.51791597302855,81.51791597302855
880,81.51791597302855,81.51791597302855,81.51791597302855,81.51791597302855
881,81.51791597302855,81.51791597302855,81.51791597302855,81.51791597302855
882,81.51791597302855,81.51791597302855,81.51791597302855,81.51791597302855
883,81.51791597302855,81.51791597302855,81.51791597302855,81.51791597302855
884,81.51791597302855,81.51791597302855,81.51791597302855,81.51791597302855
885,81.51791597302855,81.51791597302855,81.51791597302855,81.51791597302855
886,81.51791597302855,81.51791597302855,81.51791597302855,81.51791597302855
887,81.51791597302855,81.51791597302855,81.51791597302855,81.51791597302855
888,81.51791597302855,81.51791597302855,81.51791597302855,81.51791597302855
889,81.51791597302855,81.51791597302855,81.51791597302855,81.51791597302855
890,81.51791597302855,81.51791597302855,81.51791597302855,81.51791597302855
891,81.51791597302855,81.51791597302855,81.51791597302855,81.51791597302855
892,81.51791597302855,81.51791597302855,81.51791597302855,81.51791597302855
893,81.51791597302855,81.51791597302855,81.51791597302855,81.51791597302855
894,81.51791597302855,81.51791597302855,81.51791597302855,81.51791597302855
895,81.51791597302855,81.51791597302855,81.51791597302855,81.51791597302855
896,81.51791597302855,81.51791597302855,81.51791597302855,81.51791597302855
897,81.51791597302855,81.51791597302855,81.51791597302855,81.51791597302855
898,81.51791597302855,81.51791597302855,81.51791597302855,81.51791597302855
899,81.51791597302855,81.51791597302855,81.51791597302855,81.51791597302855
900,81.51791597302855,81.51791597302855,81.51791597302855,81.51791597302855
901,81.51791597302855,81.51791597302855,81.51791597302855,81.51791597302855
902,81.51791597302855,81.51791597302855,81.51791597302855,81.51791597302855
903,81.51791597302855,81.51791597302855,81.51791597302855,81.51791597302855
904,81.51791597302855,81.51791597302855,81.51791597302855,81.51791597302855
905,81.51791597302855,81.51791597302855,81.51791597302855,81.51791597302855
906,81.51791597302855,81.51791597302855,81.51791597302855,81.51791597302855
907,81.51791597302855,81.51791597302855,81.51791597302855,81.51791597302855
908,81.51791597302855,81.51791597302855,81.51791597302855,81.51791597302855
909,81.51791597302855,81.51791597302855,81.51791597302855,81.51791597302855
910,81.51791597302855,81.51791597302855,81.51791597302855,81.51791597302855
911,81.51791597302855,81.51791597302855,81.51791597302855,81.51791597302855
912,81.51791597302855,81.51791597302855,81.51791597302855,81.51791597302855
913,81.51791597302855,81.51791597302855,81.51791597302855,81.51791597302855
914,81.51791597302855,81.51791597302855,81.51791597302855,81.51791597302855
915,81.51791597302855,81.51791597302855,81.51791597302855,81.51791597302855
916,81.51791597302855,81.51791597302855,81.51791597302855,81.51791597302855
917,81.51791597302855,81.51791597302855,81.51791597302855,81.51791597302855
918,81.51791597302855,81.51791597302855,81.51791597302855,81.51791597302855
919,81.51791597302855,81.51791597302855,81.51791597302855,81.51791597302855
920,81.51791597302855,81.51791597302855,81.51791597302855,81.51791597302855
921,81.51791597302855,81.51791597302855,81.51791597302855,81.51791597302855
922,81.51791597302855,81.51791597302855,81.51791597302855,81.51791597302855
923,81.51791597302855,81.51791597302855,81.51791597302855,81.51791597302855
924,81.51791597302855,81.51791597302855,81.51791597302855,81.51791597302855
925,81.51791597302855,81.51791597302855,81.51791597302855,81.51791597302855
926,81.51791597302855,81.51791597302855,81.51791597302855,81.51791597302855
927,81.51791597302855,81.51791597302855,81.51791597302855,81.51791597302855
928,81.51791597302855,81.51791597302855,81.51791597302855,81.51791597302855
929,81.51791597302855,81.51791597302855,81.51791597302855,81.51791597302855
930,81.51791597302855,81.51791597302855,81.51791597302855,81.51791597302855
931,81.51791597302855,81.51791597302855,81.51791597302855,81.51791597302855
932,81.51791597302855,81.51791597302855,81.51791597302855,81.51791597302855
933,81.51791597302855,81.51791597302855,81.51791597302855,81.51791597302855
934,81.51791597302855,81.51791597302855,81.51791597302855,81.51791597302855
935,81.51791597302855,81.51791597302855,81.51791597302855,81.51791597302855
936,81.51791597302855,81.51791597302855,81.51791597302855,81.51791597302855
937,81.51791597302855,81.51791597302855,81.51791597302855,81.51791597302855
938,81.51791597302855,81.51791597302855,81.51791597302855,81.51791597302855
939,81.51791597302855,81.51791597302855,81.51791597302855,81.51791597302855
940,81.51791597302855,81.51791597302855,81.51791597302855,81.51791597302855
941,81.51791597302855,81.51791597302855,81.51791597302855,81.51791597302855
942,81.51791597302855,81.51791597302855,81.51791597302855,81.51791597302855
943,81.51791597302855,81.51791597302855,81.51791597302855,81.51791597302855
944,81.51791597302855,81.51791597302855,81.51791597302855,81.51791597302855
945,81.51791597302855,81.51791597302855,81.51791597302855,81.51791597302855
946,81.51791597302855,81.51791597302855,81.51791597302855,81.51791597302855
947,81.51791597302855,81.51791597302855,81.51791597302855,81.51791597302855
948,81.51791597302855,81.51791597302855,81.51791597302855,81.51791597302855
949,81.51791597302855,81.51791597302855,81.51791597302855,81.51791597302855
950,81.51791597302855,81.51791597302855,81.51791597302855,81.51791597302855
951,81.51791597302855,81.51791597302855,81.51791597302855,81.51791597302855
952,81.51791597302855,81.51791597302855,81.51791597302855,81.51791597302855
953,81.51791597302855,81.51791597302855,81.51791597302855,81.51791597302855
954,81.51791597302855,81.51791597302855,81.51791597302855,81.51791597302855
955,81.51791597302855,81.51791597302855,81.51791597302855,81.51791597302855
956,81.51791597302855,81.51791597302855,81.51791597302855,81.51791597302855
957,81.51791597302855,81.51791597302855,81.51791597302855,81.51791597302855
958,81.51791597302855,81.51791597302855,81.51791597302855,81.51791597302855
959,81.51791597302855,81.51791597302855,81.51791597302855,81.51791597302855
960,81.51791597302855,81.51791597302855,81.51791597302855,81.51791597302855
961,81.51791597302855,81.51791597302855,81.51791597302855,81.51791597302855
962,81.51791597302855,81.51791597302855,81.51791597302855,81.51791597302855
963,81.51791597302855,81.51791597302855,81.51791597302855,81.51791597302855
964,81.51791597302855,81.51791597302855,81.51791597302855,81.51791597302855
965,81.51791597302855,81.51791597302855,81.51791597302855,81.51791597302855
966,81.51791597302855,81.51791597302855,81.51791597302855,81.51791597302855
967,81.51791597302855,81.51791597302855,81.51791597302855,81.51791597302855
968,81.51791597302855,81.51791597302855,81.51791597302855,81.51791597302855
969,81.51791597302855,81.51791597302855,81.51791597302855,81.51791597302855
970,81.51791597302855,81.51791597302855,81.51791597302855,81.51791597302855
971,81.51791597302855,81.51791597302855,81.51791597302855,81.51791597302855
972,81.51791597302855,81.51791597302855,81.51791597302855,81.51791597302855
973,81.51791597302855,81.51791597302855,81.51791597302855,81.51791597302855
974,81.51791597302855,81.51791597302855,81.51791597302855,81.51791597302855
975,81.51791597302855,81.51791597302855,81.51791597302855,81.51791597302855
976,81.51791597302855,81.51791597302855,81.51791597302855,81.51791597302855
977,81.51791597302855,81.51791597302855,81.51791597302855,81.51791597302855
978,81.51791597302855,81.51791597302855,81.51791597302855,81.51791597302855
979,81.51791597302855,81.51791597302855,81.51791597302855,81.51791597302855
980,81.51791597302855,81.51791597302855,81.51791597302855,81.51791597302855
981,81.51791597302855,81.51791597302855,81.51791597302855,81.51791597302855
982,81.51791597302855,81.51791597302855,81.51791597302855,81.51791597302855
983,81.51791597302855,81.51791597302855,81.51791597302855,81.51791597302855
984,81.51791597302855,81.51791597302855,81.51791597302855,81.51791597302855
985,81.51791597302855,81.51791597302855,81.51791597302855,81.51791597302855
986,81.51791597302855,81.51791597302855,81.51791597302855,81.51791597302855
987,81.51791597302855,81.51791597302855,81.51791597302855,81.51791597302855
988,81.51791597302855,81.51791597302855,81.51791597302855,81.51791597302855
989,81.51791597302855,81.51791597302855,81.51791597302855,81.51791597302855
990,81.51791597302855,81.51791597302855,81.51791597302855,81.51791597302855
991,81.51791597302855,81.51791597302855,81.51791597302855,81.51791597302855
992,81.51791597302855,81.51791597302855,81.51791597302855,81.51791597302855
993,81.51791597302855,81.51791597302855,81.51791597302855,81.51791597302855
994,81.51791597302855,81.51791597302855,81.51791597302855,81.51791597302855
995,81.51791597302855,81.51791597302855,81.51791597302855,81.51791597302855
996,81.51791597302855,81.51791597302855,81.51791597302855,81.51791597302855
997,81.51791597302855,81.51791597302855,81.51791597302855,81.51791597302855
998,81.51791597302855,81.51791597302855,81.51791597302855,81.51791597302855
999,81.51791597302855,81.51791597302855,81.51791597302855,81.51791597302855
1000,81.51791597302855,81.51791597302855,81.51791597302855,81.51791597302855
1001,81.51791597302855,81.51791597302855,81.51791597302855,81.51791597302855
1002,81.51791597302855,81.51791597302855,81.51791597302855,81.51791597302855
1003,81.51791597302855,81.51791597302855,81.51791597302855,81.51791597302855
1004,81.51791597302855,81.51791597302855,81.51791597302855,81.51791597302855
1005,81.51791597302855,81.51791597302855,81.51791597302855,81.51791597302855
1006,81.51791597302855,81.51791597302855,81.51791597302855,81.51791597302855
1007,81.51791597302855,81.51791597302855,81.51791597302855,81.51791597302855
1008,81.51791597302855,81.51791597302855,81.51791597302855,81.51791597302855
1009,81.51791597302855,81.51791597302855,81.51791597302855,81.51791597302855
1010,81.51791597302855,81.51791597302855,81.51791597302855,81.51791597302855
1011,81.51791597302855,81.51791597302855,81.51791597302855,81.51791597302855
1012,81.51791597302855,81.51791597302855,81.51791597302855,81.51791597302855
1013,81.51791597302855,81.51791597302855,81.51791597302855,81.51791597302855
1014,81.51791597302855,81.51791597302855,81.51791597302855,81.51791597302855
1015,81.51791597302855,81.51791597302855,81.51791597302855,81.51791597302855
1016,81.51791597302855,81.51791597302855,81.51791597302855,81.51791597302855
1017,81.51791597302855,81.51791597302855,81.51791597302855,81.51791597302855
1018,81.51791597302855,81.51791597302855,81.51791597302855,81.51791597302855
1019,81.51791597302855,81.51791597302855,81.51791597302855,81.51791597302855
1020,81.51791597302855,81.51791597302855,81.51791597302855,81.51791597302855
1021,81.51791597302855,81.51791597302855,81.51791597302855,81.51791597302855
1022,81.51791597302855,81.51791597302855,81.51791597302855,81.51791597302855
1023,81.51791597302855,81.51791597302855,81.51791597302855,81.51791597302855
1024,81.51791597302855,81.51791597302855,81.51791597302855,81.51791597302855
1025,81.51791597302855,81.51791597302855,81.51791597302855,81.51791597302855
1026,81.51791597302855,81.51791597302855,81.51791597302855,81.51791597302855
1027,81.51791597302855,81.51791597302855,81.51791597302855,81.51791597302855
1028,81.51791597302855,81.51791597302855,81.51791597302855,81.51791597302855
1029,81.51791597302855,81.51791597302855,81.51791597302855,81.51791597302855
1030,81.51791597302855,81.51791597302855,81.51791597302855,81.51791597302855
1031,81.51791597302855,81.51791597302855,81.51791597302855,81.51791597302855
1032,81.51791597302855,81.51791597302855,81.51791597302855,81.51791597302855
1033,81.51791597302855,81.51791597302855,81.51791597302855,81.51791597302855
1034,81.51791597302855,81.51791597302855,81.51791597302855,81.51791597302855
1035,81.51791597302855,81.51791597302855,81.51791597302855,81.51791597302855
1036,81.51791597302855,81.51791597302855,81.51791597302855,81.51791597302855
1037,81.51791597302855,81.51791597302855,81.51791597302855,81.51791597302855
1038,81.51791597302855,81.51791597302855,81.51791597302855,81.51791597302855
1039,81.51791597302855,81.51791597302855,81.51791597302855,81.51791597302855
1040,81.51791597302855,81.51791597302855,81.51791597302855,81.51791597302855
1041,81.51791597302855,81.51791597302855,81.51791597302855,81.51791597302855
1042,81.51791597302855,81.51791597302855,81.51791597302855,81.51791597302855
1043,81.51791597302855,81.51791597302855,81.51791597302855,81.51791597302855
1044,81.51791597302855,81.51791597302855,81.51791597302855,81.51791597302855
1045,81.51791597302855,81.51791597302855,81.51791597302855,81.51791597302855
1046,81.51791597302855,81.51791597302855,81.51791597302855,81.51791597302855
1047,81.51791597302855,81.51791597302855,81.51791597302855,81.51791597302855
1048,81.51791597302855,81.51791597302855,81.51791597302855,81.51791597302855
1049,81.51791597302855,81.51791597302855,81.51791597302855,81.51791597302855
1050,81.51791597302855,81.51791597302855,81.51791597302855,81.51791597302855
1051,81.51791597302855,81.51791597302855,81.51791597302855,81.51791597302855
1052,81.51791597302855,81.51791597302855,81.51791597302855,81.51791597302855
1053,81.51791597302855,81.51791597302855,81.51791597302855,81.51791597302855
1054,81.51791597302855,81.51791597302855,81.51791597302855,81.51791597302855
1055,81.51791597302855,81.51791597302855,81.51791597302855,81.51791597302855
1056,81.51791597302855,81.51791597302855,81.51791597302855,81.51791597302855
1057,81.51791597302855,81.51791597302855,81.51791597302855,81.51791597302855
1058,81.51791597302855,81.51791597302855,81.51791597302855,81.51791597302855
1059,81.51791597302855,81.51791597302855,81.51791597302855,81.51791597302855
1060,81.51791597302855,81.51791597302855,81.51791597302855,81.51791597302855
1061,81.51791597302855,81.51791597302855,81.51791597302855,81.51791597302855
1062,81.51791597302855,81.51791597302855,81.51791597302855,81.51791597302855
1063,81.51791597302855,81.51791597302855,81.51791597302855,81.51791597302855
1064,81.51791597302855,81.51791597302855,81.51791597302855,81.51791597302855
1065,81.51791597302855,81.51791597302855,81.51791597302855,81.51791597302855
1066,81.51791597302855,81.51791597302855,81.51791597302855,81.51791597302855
1067,81.51791597302855,81.51791597302855,81.51791597302855,81.51791597302855
1068,81.51791597302855,81.51791597302855,81.51791597302855,81.51791597302855
1069,81.51791597302855,81.51791597302855,81.51791597302855,81.51791597302855
1070,81.51791597302855,81.51791597302855,81.51791597302855,81.51791597302855
1071,81.51791597302855,81.51791597302855,81.51791597302855,81.51791597302855
1072,81.51791597302855,81.51791597302855,81.51791597302855,81.51791597302855
1073,81.51791597302855,81.51791597302855,81.51791597302855,81.51791597302855
1074,81.51791597302855,81.51791597302855,81.51791597302855,81.51791597302855
1075,81.51791597302855,81.51791597302855,81.51791597302855,81.51791597302855
1076,81.51791597302855,81.51791597302855,81.51791597302855,81.51791597302855
1077,81.51791597302855,81.51791597302855,81.51791597302855,81.51791597302855
1078,81.51791597302855,81.51791597302855,81.51791597302855,81.51791597302855
1079,81.51791597302855,81.51791597302855,81.51791597302855,81.51791597302855
1080,81.51791597302855,81.51791597302855,81.51791597302855,81.51791597302855
1081,81.51791597302855,81.51791597302855,81.51791597302855,81.51791597302855
1082,81.51791597302855,81.51791597302855,81.51791597302855,81.51791597302855
1083,81.51791597302855,81.51791597302855,81.51791597302855,81.51791597302855
1084,81.51791597302855,81.51791597302855,81.51791597302855,81.51791597302855
1085,81.51791597302855,81.51791597302855,81.51791597302855,81.51791597302855
1086,81.51791597302855,81.51791597302855,81.51791597302855,81.51791597302855
1087,81.51791597302855,81.51791597302855,81.51791597302855,81.51791597302855
1088,81.51791597302855,81.51791597302855,81.51791597302855,81.51791597302855
1089,81.51791597302855,81.51791597302855,81.51791597302855,81.51791597302855
1090,81.51791597302855,81.51791597302855,81.51791597302855,81.51791597302855
1091,81.51791597302855,81.51791597302855,81.51791597302855,81.51791597302855
1092,81.51791597302855,81.51791597302855,81.51791597302855,81.51791597302855
1093,81.51791597302855,81.51791597302855,81.51791597302855,81.51791597302855
1094,81.51791597302855,81.51791597302855,81.51791597302855,81.51791597302855
1095,81.51791597302855,81.51791597302855,81.51791597302855,81.51791597302855
1096,81.51791597302855,81.51791597302855,81.51791597302855,81.51791597302855
1097,81.51791597302855,81.51791597302855,81.51791597302855,81.51791597302855
1098,81.51791597302855,81.51791597302855,81.51791597302855,81.51791597302855
1099,81.51791597302855,81.51791597302855,81.51791597302855,81.51791597302855
1100,81.51791597302855,81.51791597302855,81.51791597302855,81.51791597302855
1101,81.51791597302855,81.51791597302855,81.51791597302855,81.51791597302855
1102,81.51791597302855,81.51791597302855,81.51791597302855,81.51791597302855
1103,81.51791597302855,81.51791597302855,81.51791597302855,81.51791597302855
1104,81.51791597302855,81.51791597302855,81.51791597302855,81.51791597302855
1105,81.51791597302855,81.51791597302855,81.51791597302855,81.51791597302855
1106,81.51791597302855,81.51791597302855,81.51791597302855,81.51791597302855
1107,81.51791597302855,81.51791597302855,81.51791597302855,81.51791597302855
1108,81.51791597302855,81.51791597302855,81.51791597302855,81.51791597302855
1109,81.51791597302855,81.51791597302855,81.51791597302855,81.51791597302855
1110,81.51791597302855,81.51791597302855,81.51791597302855,81.51791597302855
1111,81.51791597302855,81.51791597302855,81.51791597302855,81.51791597302855
1112,81.51791597302855,81.51791597302855,81.51791597302855,81.51791597302855
1113,81.51791597302855,81.51791597302855,81.51791597302855,81.51791597302855
1114,81.51791597302855,81.51791597302855,81.51791597302855,81.51791597302855
1115,81.51791597302855,81.51791597302855,81.51791597302855,81.51791597302855
1116,81.51791597302855,81.51791597302855,81.51791597302855,81.51791597302855
1117,81.51791597302855,81.51791597302855,81.51791597302855,81.51791597302855
1118,81.51791597302855,81.51791597302855,81.51791597302855,81.51791597302855
1119,81.51791597302855,81.51791597302855,81.51791597302855,81.51791597302855
1120,81.51791597302855,81.51791597302855,81.51791597302855,81.51791597302855
1121,81.51791597302855,81.51791597302855,81.51791597302855,81.51791597302855
1122,81.51791597302855,81.51791597302855,81.51791597302855,81.51791597302855
1123,81.51791597302855,81.51791597302855,81.51791597302855,81.51791597302855
1124,81.51791597302855,81.51791597302855,81.51791597302855,81.51791597302855
1125,81.51791597302855,81.51791597302855,81.51791597302855,81.51791597302855
1126,81.51791597302855,81.51791597302855,81.51791597302855,81.51791597302855
1127,81.51791597302855,81.51791597302855,81.51791597302855,81.51791597302855
1128,81.51791597302855,81.51791597302855,81.51791597302855,81.51791597302855
1129,81.51791597302855,81.51791597302855,81.51791597302855,81.51791597302855
1130,81.51791597302855,81.51791597302855,81.51791597302855,81.51791597302855
1131,81.51791597302855,81.51791597302855,81.51791597302855,81.51791597302855
1132,81.51791597302855,81.51791597302855,81.51791597302855,81.51791597302855
1133,81.51791597302855,81.51791597302855,81.51791597302855,81.51791597302855
1134,81.51791597302855,81.51791597302855,81.51791597302855,81.51791597302855
1135,81.51791597302855,81.51791597302855,81.51791597302855,81.51791597302855
1136,81.51791597302855,81.51791597302855,81.51791597302855,81.51791597302855
1137,81.51791597302855,81.51791597302855,81.51791597302855,81.51791597302855
1138,81.51791597302855,81.51791597302855,81.51791597302855,81.51791597302855
1139,81.51791597302855,81.51791597302855,81.51791597302855,81.51791597302855
1140,81.51791597302855,81.51791597302855,81.51791597302855,81.51791597302855
1141,81.51791597302855,81.51791597302855,81.51791597302855,81.51791597302855
1142,81.51791597302855,81.51791597302855,81.51791597302855,81.51791597302855
1143,81.51791597302855,81.51791597302855,81.51791597302855,81.51791597302855
1144,81.51791597302855,81.51791597302855,81.51791597302855,81.51791597302855
1145,81.51791597302855,81.51791597302855,81.51791597302855,81.51791597302855
1146,81.51791597302855,81.51791597302855,81.51791597302855,81.51791597302855
1147,81.51791597302855,81.51791597302855,81.51791597302855,81.51791597302855
1148,81.51791597302855,81.51791597302855,81.51791597302855,81.51791597302855
1149,81.51791597302855,81.51791597302855,81.51791597302855,81.51791597302855
1150,81.51791597302855,81.51791597302855,81.51791597302855,81.51791597302855
1151,81.51791597302855,81.51791597302855,81.51791597302855,81.51791597302855
1152,81.51791597302855,81.51791597302855,81.51791597302855,81.51791597302855
1153,81.51791597302855,81.51791597302855,81.51791597302855,81.51791597302855
1154,81.51791597302855,81.51791597302855,81.51791597302855,81.51791597302855
1155,81.51791597302855,81.51791597302855,81.51791597302855,81.51791597302855
1156,81.51791597302855,81.51791597302855,81.51791597302855,81.51791597302855
1157,81.51791597302855,81.51791597302855,81.51791597302855,81.51791597302855
1158,81.51791597302855,81.51791597302855,81.51791597302855,81.51791597302855
1159,81.51791597302855,81.51791597302855,81.51791597302855,81.51791597302855
1160,81.51791597302855,81.51791597302855,81.51791597302855,81.51791597302855
1161,81.51791597302855,81.51791597302855,81.51791597302855,81.51791597302855
1162,81.51791597302855,81.51791597302855,81.51791597302855,81.51791597302855
1163,81.51791597302855,81.51791597302855,81.51791597302855,81.51791597302855
1164,81.51791597302855,81.51791597302855,81.51791597302855,81.51791597302855
1165,81.51791597302855,81.51791597302855,81.51791597302855,81.51791597302855
1166,81.51791597302855,81.51791597302855,81.51791597302855,81.51791597302855
1167,81.51791597302855,81.51791597302855,81.51791597302855,81.51791597302855
1168,81.51791597302855,81.51791597302855,81.51791597302855,81.51791597302855
1169,81.51791597302855,81.51791597302855,81.51791597302855,81.51791597302855
1170,81.51791597302855,81.51791597302855,81.51791597302855,81.51791597302855
1171,81.51791597302855,81.51791597302855,81.51791597302855,81.51791597302855
1172,81.51791597302855,81.51791597302855,81.51791597302855,81.51791597302855
1173,81.51791597302855,81.51791597302855,81.51791597302855,81.51791597302855
1174,81.51791597302855,81.51791597302855,81.51791597302855,81.51791597302855
1175,81.51791597302855,81.51791597302855,81.51791597302855,81.51791597302855
1176,81.51791597302855,81.51791597302855,81.51791597302855,81.51791597302855
1177,81.51791597302855,81.51791597302855,81.51791597302855,81.51791597302855
1178,81.51791597302855,81.51791597302855,81.51791597302855,81.51791597302855
1179,81.51791597302855,81.51791597302855,81.51791597302855,81.51791597302855
1180,81.51791597302855,81.51791597302855,81.51791597302855,81.51791597302855
1181,81.51791597302855,81.51791597302855,81.51791597302855,81.51791597302855
1182,81.51791597302855,81.51791597302855,81.51791597302855,81.51791597302855
1183,81.51791597302855,81.51791597302855,81.51791597302855,81.51791597302855
1184,81.51791597302855,81.51791597302855,81.51791597302855,81.51791597302855
1185,81.51791597302855,81.51791597302855,81.51791597302855,81.51791597302855
1186,81.51791597302855,81.51791597302855,81.51791597302855,81.51791597302855
1187,81.51791597302855,81.51791597302855,81.51791597302855,81.51791597302855
1188,81.51791597302855,81.51791597302855,81.51791597302855,81.51791597302855
1189,81.51791597302855,81.51791597302855,81.51791597302855,81.51791597302855
1190,81.51791597302855,81.51791597302855,81.51791597302855,81.51791597302855
1191,81.51791597302855,81.51791597302855,81.51791597302855,81.51791597302855
1192,81.51791597302855,81.51791597302855,81.51791597302855,81.51791597302855
1193,81.51791597302855,81.51791597302855,81.51791597302855,81.51791597302855
1194,81.51791597302855,81.51791597302855,81.51791597302855,81.51791597302855
1195,81.51791597302855,81.51791597302855,81.51791597302855,81.51791597302855
1196,81.51791597302855,81.51791597302855,81.51791597302855,81.51791597302855
1197,81.51791597302855,81.51791597302855,81.51791597302855,81.51791597302855
1198,81.51791597302855,81.51791597302855,81.51791597302855,81.51791597302855
1199,73.56991916565828,81.51791597302855,81.51791597302855,81.51791597302855
1200,73.56991916565828,81.51791597302855,81.51791597302855,81.51791597302855
1201,73.56991916565828,81.51791597302855,81.51791597302855,81.51791597302855
1202,73.56991916565828,81.51791597302855,81.51791597302855,81.51791597302855
1203,73.56991916565828,81.51791597302855,81.51791597302855,81.51791597302855
1204,73.56991916565828,81.51791597302855,81.51791597302855,81.51791597302855
1205,73.56991916565828,81.51791597302855,81.51791597302855,81.51791597302855
1206,73.56991916565828,81.51791597302855,81.51791597302855,81.51791597302855
1207,73.56991916565828,81.51791597302855,81.51791597302855,81.51791597302855
1208,73.56991916565828,81.51791597302855,81.51791597302855,81.51791597302855
1209,73.56991916565828,81.51791597302855,81.51791597302855,81.51791597302855
1210,73.56991916565828,81.51791597302855,81.51791597302855,81.51791597302855
1211,73.56991916565828,81.51791597302855,81.51791597302855,81.51791597302855
1212,73.56991916565828,81.51791597302855,81.51791597302855,81.51791597302855
1213,73.56991916565828,81.51791597302855,81.51791597302855,81.51791597302855
1214,73.56991916565828,81.51791597302855,81.51791597302855,81.51791597302855
1215,73.56991916565828,81.51791597302855,81.51791597302855,81.51791597302855
1216,73.56991916565828,81.51791597302855,81.51791597302855,81.51791597302855
1217,73.56991916565828,81.51791597302855,81.51791597302855,81.51791597302855
1218,73.56991916565828,81.51791597302855,81.51791597302855,81.51791597302855
1219,73.56991916565828,81.51791597302855,81.51791597302855,81.51791597302855
1220,73.56991916565828,81.51791597302855,81.51791597302855,81.51791597302855
1221,73.56991916565828,81.51791597302855,81.51791597302855,81.51791597302855
1222,73.56991916565828,81.51791597302855,81.51791597302855,81.51791597302855
1223,73.56991916565828,81.51791597302855,81.51791597302855,81.51791597302855
1224,73.56991916565828,81.51791597302855,81.51791597302855,81.51791597302855
1225,73.56991916565828,81.51791597302855,81.51791597302855,81.51791597302855
1226,73.56991916565828,81.51791597302855,81.51791597302855,81.51791597302855
1227,73.56991916565828,81.51791597302855,81.51791597302855,81.51791597302855
1228,73.56991916565828,81.51791597302855,81.51791597302855,81.51791597302855
1229,73.56991916565828,81.51791597302855,81.51791597302855,81.51791597302855
1230,73.56991916565828,81.51791597302855,81.51791597302855,81.51791597302855
1231,73.56991916565828,81.51791597302855,81.51791597302855,81.51791597302855
1232,73.56991916565828,81.51791597302855,81.51791597302855,81.51791597302855
1233,73.56991916565828,81.51791597302855,81.51791597302855,81.51791597302855
1234,73.56991916565828,81.51791597302855,73.56991916565828,81.51791597302855
1235,73.56991916565828,81.51791597302855,73.56991916565828,81.51791597302855
1236,73.56991916565828,81.51791597302855,73.56991916565828,81.51791597302855
1237,73.56991916565828,81.51791597302855,73.56991916565828,81.51791597302855
1238,73.56991916565828,81.51791597302855,73.56991916565828,81.51791597302855
1239,73.56991916565828,81.51791597302855,73.56991916565828,81.51791597302855
1240,73.56991916565828,81.51791597302855,73.56991916565828,81.51791597302855
1241,73.56991916565828,81.51791597302855,73.56991916565828,81.51791597302855
1242,73.56991916565828,81.51791597302855,73.56991916565828,81.51791597302855
1243,73.56991916565828,81.51791597302855,73.56991916565828,81.51791597302855
1244,73.56991916565828,81.51791597302855,73.56991916565828,81.51791597302855
1245,73.56991916565828,81.51791597302855,73.56991916565828,81.51791597302855
1246,73.56991916565828,81.51791597302855,73.56991916565828,81.51791597302855
1247,73.56991916565828,81.51791597302855,73.56991916565828,81.51791597302855
1248,73.56991916565828,81.51791597302855,73.56991916565828,81.51791597302855
1249,73.56991916565828,81.51791597302855,73.56991916565828,81.51791597302855
1250,73.56991916565828,81.51791597302855,73.56991916565828,81.51791597302855
1251,73.56991916565828,81.51791597302855,73.56991916565828,81.51791597302855
1252,73.56991916565828,81.51791597302855,73.56991916565828,81.51791597302855
1253,73.56991916565828,81.51791597302855,73.56991916565828,81.51791597302855
1254,73.56991916565828,81.51791597302855,73.56991916565828,81.51791597302855
1255,73.56991916565828,73.56991916565828,73.56991916565828,81.51791597302855
1256,73.56991916565828,73.56991916565828,73.56991916565828,81.51791597302855
1257,73.56991916565828,73.56991916565828,73.56991916565828,81.51791597302855
1258,73.56991916565828,73.56991916565828,73.56991916565828,81.51791597302855
1259,73.56991916565828,73.56991916565828,73.56991916565828,81.51791597302855
1260,73.56991916565828,73.56991916565828,73.56991916565828,81.51791597302855
1261,73.56991916565828,73.56991916565828,73.56991916565828,81.51791597302855
1262,73.56991916565828,73.56991916565828,73.56991916565828,81.51791597302855
1263,73.56991916565828,73.56991916565828,73.56991916565828,81.51791597302855
1264,73.56991916565828,73.56991916565828,73.56991916565828,81.51791597302855
1265,73.56991916565828,73.56991916565828,73.56991916565828,81.51791597302855
1266,73.56991916565828,73.56991916565828,73.56991916565828,81.51791597302855
1267,73.56991916565828,73.56991916565828,73.56991916565828,81.51791597302855
1268,73.56991916565828,73.56991916565828,73.56991916565828,81.51791597302855
1269,73.56991916565828,73.56991916565828,73.56991916565828,81.51791597302855
1270,73.56991916565828,73.56991916565828,73.56991916565828,81.51791597302855
1271,73.56991916565828,73.56991916565828,73.56991916565828,81.51791597302855
1272,73.56991916565828,73.56991916565828,73.56991916565828,81.51791597302855
1273,73.56991916565828,73.56991916565828,73.56991916565828,81.51791597302855
1274,73.56991916565828,73.56991916565828,73.56991916565828,81.51791597302855
1275,73.56991916565828,73.56991916565828,73.56991916565828,81.51791597302855
1276,73.56991916565828,73.56991916565828,73.56991916565828,81.51791597302855
1277,73.56991916565828,73.56991916565828,73.56991916565828,81.51791597302855
1278,73.56991916565828,73.56991916565828,73.56991916565828,81.51791597302855
1279,73.56991916565828,73.56991916565828,73.56991916565828,81.51791597302855
1280,73.56991916565828,73.56991916565828,73.56991916565828,81.51791597302855
1281,73.56991916565828,73.56991916565828,73.56991916565828,81.51791597302855
1282,73.56991916565828,73.56991916565828,73.56991916565828,81.51791597302855
1283,73.56991916565828,73.56991916565828,73.56991916565828,81.51791597302855
1284,73.56991916565828,73.56991916565828,73.56991916565828,81.51791597302855
1285,67.73944619553309,73.56991916565828,73.56991916565828,81.51791597302855
1286,67.73944619553309,73.56991916565828,73.56991916565828,81.51791597302855
1287,67.73944619553308,73.56991916565828,73.56991916565828,81.51791597302855
1288,61.13485019146862,73.56991916565828,73.56991916565828,81.51791597302855
1289,61.13485019146862,73.56991916565828,73.56991916565828,81.51791597302855
1290,61.13485019146862,73.56991916565828,73.56991916565828,81.51791597302855
1291,61.13485019146862,73.56991916565828,73.56991916565828,81.51791597302855
1292,61.134850191468615,73.56991916565828,73.56991916565828,81.51791597302855
1293,61.134850191468615,73.56991916565828,73.56991916565828,81.51791597302855
1294,61.134850191468615,73.56991916565828,73.56991916565828,81.51791597302855
1295,61.134850191468615,73.56991916565828,73.56991916565828,81.51791597302855
1296,61.134850191468615,73.56991916565828,73.56991916565828,81.51791597302855
1297,61.134850191468615,73.56991916565828,73.56991916565828,81.51791597302855
1298,61.13485019146861,73.56991916565828,73.56991916565828,76.6213608230031
1299,61.13485019146861,73.56991916565828,73.56991916565828,76.6213608230031
1300,61.13485019146861,73.56991916565828,73.56991916565828,73.56991916565828
1301,61.1348501914686,73.56991916565828,73.56991916565828,73.56991916565828
1302,61.1348501914686,73.56991916565828,73.56991916565828,73.56991916565828
1303,61.1348501914686,73.56991916565828,73.56991916565828,73.56991916565828
1304,61.1348501914686,73.56991916565828,73.56991916565828,73.56991916565828
1305,61.1348501914686,73.56991916565828,73.56991916565828,73.56991916565828
1306,10.667292480092168,73.56991916565828,73.56991916565828,73.56991916565828
1307,10.667292480092167,73.56991916565828,73.56991916565828,73.56991916565828
1308,10.667292480092167,73.56991916565828,73.56991916565828,73.56991916565828
1309,10.667292480092163,73.56991916565828,73.56991916565828,73.56991916565828
1310,10.667292480092163,73.56991916565828,73.56991916565828,73.56991916565828
1311,10.667292480092163,73.56991916565828,73.56991916565828,73.56991916565828
1312,9.62723146328318,73.56991916565828,73.56991916565828,73.56991916565828
1313,9.62723146328318,73.56991916565828,73.56991916565828,73.56991916565828
1314,9.62723146328318,73.56991916565828,73.56991916565828,73.56991916565828
1315,9.62723146328318,73.56991916565828,73.56991916565828,73.56991916565828
1316,8.864265927091413,73.56991916565828,73.56991916565828,73.56991916565828
1317,8.864265927091413,73.56991916565828,73.56991916565828,73.56991916565828
1318,8.864265927091413,73.56991916565828,73.56991916565828,73.56991916565828
1319,8.864265927091413,73.56991916565828,73.56991916565826,73.56991916565828
1320,8.864265927091413,73.56991916565828,67.73944619553308,73.56991916565828
1321,8.864265927091413,73.56991916565828,61.13485019146861,73.56991916565828
1322,8.864265927091413,73.56991916565828,61.13485019146861,73.56991916565828
1323,8.864265927091413,73.56991916565828,61.13485019146861,73.56991916565828
1324,8.864265927091413,73.56991916565828,61.13485019146861,73.56991916565828
1325,8.864265927091413,73.56991916565828,61.13485019146861,73.56991916565828
1326,8.864265927091413,73.56991916565828,61.13485019146861,73.56991916565828
1327,8.864265927091413,73.56991916565828,61.13485019146861,73.56991916565828
1328,8.864265927091413,73.56991916565828,61.1348501914686,73.56991916565828
1329,8.864265927091413,73.56991916565828,61.1348501914686,73.56991916565828
1330,8.864265927091413,67.73944619553308,61.1348501914686,73.56991916565828
1331,8.864265927091413,67.73944619553308,61.1348501914686,73.56991916565828
1332,8.864265927091413,61.13485019146862,61.1348501914686,73.56991916565828
1333,8.864265927091413,61.13485019146862,61.1348501914686,73.56991916565828
1334,8.864265927091413,61.13485019146862,61.1348501914686,73.56991916565828
1335,8.864265927091413,61.13485019146862,61.1348501914686,73.56991916565828
1336,8.864265927091413,61.13485019146862,61.1348501914686,73.56991916565828
1337,8.864265927091413,61.134850191468615,61.1348501914686,73.56991916565828
1338,8.864265927091413,61.134850191468615,10.667292480092167,73.56991916565828
1339,8.864265927091413,61.134850191468615,10.667292480092163,73.56991916565828
1340,8.864265927091413,61.134850191468615,10.667292480092163,73.56991916565828
1341,8.864265927091413,61.134850191468615,10.667292480092163,73.56991916565828
1342,8.864265927091413,61.13485019146861,10.667292480092163,73.56991916565828
1343,8.864265927091413,61.13485019146861,9.62723146328318,73.56991916565828
1344,8.864265927091413,61.13485019146861,9.62723146328318,73.56991916565828
1345,8.864265927091413,61.13485019146861,9.62723146328318,73.56991916565828
1346,8.864265927091413,61.13485019146861,9.62723146328318,73.56991916565828
1347,8.864265927091413,61.1348501914686,9.62723146328318,73.56991916565828
1348,8.864265927091413,61.1348501914686,8.864265927091413,73.56991916565828
1349,8.864265927091413,61.1348501914686,8.864265927091413,73.56991916565828
1350,8.864265927091413,61.1348501914686,8.864265927091413,73.56991916565828
1351,8.864265927091413,61.1348501914686,8.864265927091413,73.56991916565828
1352,8.864265927091413,61.1348501914686,8.864265927091413,73.56991916565828
1353,8.864265927091413,61.1348501914686,8.864265927091413,73.56991916565828
1354,8.864265927091413,10.667292480092167,8.864265927091413,73.56991916565828
1355,8.864265927091413,10.667292480092163,8.864265927091413,73.56991916565828
1356,8.864265927091413,10.667292480092163,8.864265927091413,73.56991916565828
1357,8.864265927091413,9.62723146328318,8.864265927091413,73.56991916565828
1358,7.999999999200002,9.62723146328318,8.864265927091413,73.56991916565828
1359,7.999999999200002,8.864265927091413,8.864265927091413,73.56991916565828
1360,7.999999999200002,8.864265927091413,8.864265927091413,73.56991916565828
1361,7.999999999200002,8.864265927091413,8.864265927091413,73.56991916565828
1362,7.999999999200002,8.864265927091413,8.864265927091413,73.56991916565828
1363,7.999999999200002,8.864265927091413,8.864265927091413,61.13485019146862
1364,7.999999999200002,8.864265927091413,8.864265927091413,61.13485019146862
1365,7.999999999200002,8.864265927091413,8.864265927091413,61.13485019146862
1366,7.999999999200002,8.864265927091413,8.864265927091413,61.13485019146862
1367,7.999999999200002,8.864265927091413,8.864265927091413,61.13485019146862
1368,7.999999999200002,8.864265927091413,8.864265927091413,61.13485019146862
1369,7.999999999200002,8.864265927091413,8.864265927091413,61.134850191468615
1370,7.999999999200002,8.864265927091413,8.864265927091413,61.134850191468615
1371,7.999999999200002,8.864265927091413,8.864265927091413,61.134850191468615
1372,7.999999999200002,8.864265927091413,8.864265927091413,61.134850191468615
1373,7.999999999200002,8.864265927091413,8.864265927091413,61.13485019146861
1374,7.999999999200002,8.864265927091413,8.864265927091413,61.13485019146861
1375,7.999999999200002,8.864265927091413,8.864265927091413,61.1348501914686
1376,7.999999999200002,8.864265927091413,8.864265927091413,10.667292480092168
1377,7.999999999200002,8.864265927091413,8.864265927091413,10.667292480092168
1378,7.999999999200002,8.864265927091413,8.864265927091413,10.667292480092167
1379,7.999999999200002,8.864265927091413,8.864265927091413,9.62723146328318
1380,7.999999999200002,8.864265927091413,8.864265927091413,9.62723146328318
1381,7.999999999200002,8.864265927091413,7.999999999200002,8.864265927091413
1382,7.999999999200002,8.864265927091413,7.999999999200002,8.864265927091413
1383,7.999999999200002,8.864265927091413,7.999999999200002,8.864265927091413
1384,7.999999999200002,8.864265927091413,7.999999999200002,8.864265927091413
1385,7.999999999200002,8.864265927091413,7.999999999200002,8.864265927091413
1386,7.999999999200002,8.864265927091413,7.999999999200002,8.864265927091413
1387,7.999999999200002,8.864265927091413,7.999999999200002,8.864265927091413
1388,7.999999999200002,8.864265927091413,7.999999999200002,8.864265927091413
1389,7.999999999200002,8.864265927091413,7.999999999200002,8.864265927091413
1390,7.999999999200002,7.999999999200004,7.999999999200002,8.864265927091413
1391,7.999999999200002,7.999999999200002,7.999999999200002,8.864265927091413
1392,7.999999999200002,7.999999999200002,7.999999999200002,8.864265927091413
1393,7.999999999200002,7.999999999200002,7.999999999200002,8.864265927091413
1394,7.999999999200002,7.999999999200002,7.999999999200002,8.864265927091413
1395,7.999999999200002,7.999999999200002,7.999999999200002,8.864265927091413
1396,7.999999999200002,7.999999999200002,7.999999999200002,8.864265927091413
1397,7.999999999200002,7.999999999200002,7.999999999200002,8.864265927091413
1398,7.999999999200002,7.999999999200002,7.999999999200002,8.864265927091413
1399,7.999999999200002,7.999999999200002,7.999999999200002,8.864265927091413
1400,7.999999999200002,7.999999999200002,7.999999999200002,8.864265927091413
1401,7.999999999200002,7.999999999200002,7.999999999200002,8.864265927091413
1402,7.999999999200002,7.999999999200002,7.999999999200002,8.864265927091413
1403,7.999999999200002,7.999999999200002,7.999999999200002,8.864265927091413
1404,7.999999999200002,7.999999999200002,7.999999999200002,7.999999999200002
1405,7.999999999200002,7.999999999200002,7.999999999200002,7.999999999200002
1406,7.999999999200002,7.999999999200002,7.999999999200002,7.999999999200002
1407,7.999999999200002,7.999999999200002,7.999999999200002,7.999999999200002
1408,7.999999999200002,7.999999999200002,7.999999999200002,7.999999999200002
1409,7.999999999200002,7.999999999200002,7.999999999200002,7.999999999200002
1410,7.999999999200002,7.999999999200002,7.999999999200002,7.999999999200002
1411,7.999999999200002,7.999999999200002,7.999999999200002,7.999999999200002
1412,7.999999999200002,7.999999999200002,7.999999999200002,7.999999999200002
1413,7.999999999200002,7.999999999200002,7.999999999200002,7.999999999200002
1414,7.999999999200002,7.999999999200002,7.999999999200002,7.999999999200002
1415,7.999999999200002,7.999999999200002,7.999999999200002,7.999999999200002
1416,7.999999999200002,7.999999999200002,7.999999999200002,7.999999999200002
1417,7.999999999200002,7.999999999200002,7.999999999200002,7.999999999200002
1418,7.999999999200002,7.999999999200002,7.999999999200002,7.999999999200002
1419,7.999999999200002,7.999999999200002,7.999999999200002,7.999999999200002
1420,7.999999999200002,7.999999999200002,7.999999999200002,7.999999999200002
1421,7.999999999200002,7.999999999200002,7.999999999200002,7.999999999200002
1422,7.999999999200002,7.999999999200002,7.999999999200002,7.999999999200002
1423,7.999999999200002,7.999999999200002,7.999999999200002,7.999999999200002
1424,7.999999999200002,7.999999999200002,7.999999999200002,7.999999999200002
1425,7.999999999200002,7.999999999200002,7.999999999200002,7.999999999200002
1426,7.999999999200002,7.999999999200002,7.999999999200002,7.999999999200002
1427,7.999999999200002,7.999999999200002,7.999999999200002,7.999999999200002
1428,7.9999999992,7.999999999200002,7.9999999992,7.999999999200002
1429,7.9999999992,7.999999999200002,7.9999999992,7.999999999200002
1430,7.9999999992,7.999999999200002,7.9999999992,7.999999999200002
1431,7.9999999992,7.999999999200002,7.9999999992,7.999999999200002
1432,7.9999999992,7.999999999200002,7.9999999992,7.999999999200002
1433,7.9999999992,7.999999999200002,7.9999999992,7.999999999200002
1434,7.9999999992,7.999999999200002,7.9999999992,7.999999999200002
1435,7.9999999992,7.999999999200002,7.9999999992,7.999999999200002
1436,7.9999999992,7.999999999200002,7.9999999992,7.999999999200002
1437,7.9999999992,7.999999999200002,7.9999999992,7.999999999200002
1438,7.9999999992,7.999999999200002,7.9999999992,7.999999999200002
1439,7.9999999992,7.9999999992,7.9999999992,7.999999999200002
1440,7.9999999992,7.9999999992,7.9999999992,7.999999999200002
1441,7.9999999992,7.9999999992,7.9999999992,7.999999999200002
1442,7.9999999992,7.9999999992,7.9999999992,7.999999999200002
1443,7.9999999992,7.9999999992,7.9999999992,7.9999999992
1444,7.9999999992,7.9999999992,7.9999999992,7.9999999992
1445,7.9999999992,7.9999999992,7.9999999992,7.9999999992
1446,7.9999999992,7.9999999992,7.9999999992,7.9999999992
1447,7.9999999992,7.9999999992,7.9999999992,7.9999999992
1448,7.9999999992,7.9999999992,7.9999999992,7.9999999992
1449,7.9999999992,7.9999999992,7.9999999992,7.9999999992
1450,7.9999999992,7.9999999992,7.9999999992,7.9999999992
1451,7.9999999992,7.9999999992,7.9999999992,7.9999999992
1452,7.9999999992,7.9999999992,7.9999999992,7.9999999992
1453,7.9999999992,7.9999999992,7.9999999992,7.9999999992
1454,7.9999999992,7.9999999992,7.9999999992,7.9999999992
1455,7.9999999992,7.9999999992,7.9999999992,7.9999999992
