Timestep,RoGonDor,DolAmroth,Harad
0,7.9999999992000025983,7.9999999992000017102,81.517915973028550525
1,7.9999999992000017102,7.9999999992000017102,81.517915973028550525
2,2.9999999987999999007,7.9999999992000017102,81.517915973028550525
3,3.3240997216620495891,7.9999999992000017102,90.324560634934684344
4,2.9999999987999999007,7.2199999992780021785,81.517915973028550525
5,2.9999999987999999007,7.9999999992000017102,81.517915973028550525
6,2.9999999987999999007,7.2199999992780021785,81.517915973028550525
7,3.3240997216620495891,7.9999999992000017102,90.324560634934684344
8,3.3240997216620495891,7.9999999992000017102,81.517915973028550525
9,2.9999999987999999007,7.9999999992000017102,81.517915973028550525
10,2.9999999987999999007,7.9999999992000017102,81.517915973028550525
11,3.3240997216620495891,3.3240997216620495891,90.324560634934684344
12,3.3240997216620495891,3.3240997216620495891,81.517915973028550525
13,2.9999999987999999007,2.9999999987999999007,81.517915973028550525
14,2.9999999987999999007,2.9999999987999999007,81.517915973028550525
15,3.3240997216620495891,3.3240997216620495891,90.324560634934684344
16,2.9999999987999999007,2.9999999987999999007,81.517915973028550525
17,2.9999999987999999007,2.9999999987999999007,73.569919165658276938
18,2.9999999987999999007,2.9999999987999999007,73.569919165658276938
19,3.3240997216620495891,3.3240997216620495891,81.517915973028550525
20,2.9999999987999999007,2.9999999987999999007,81.517915973028550525
21,2.9999999987999999007,2.9999999987999999007,73.569919165658276938
22,2.9999999987999999007,2.9999999987999999007,73.569919165658276938
23,3.3240997216620495891,3.3240997216620495891,81.517915973028564736
24,3.3240997216620495891,3.3240997216620495891,81.517915973028550525
25,2.9999999987999999007,3.3240997216620495891,81.517915973028550525
26,2.9999999987999999007,3.3240997216620495891,81.517915973028550525
27,3.3240997216620495891,3.3240997216620495891,81.517915973028564736
28,7.9999999992000025983,7.9999999992000017102,81.517915973028550525
29,2.9999999987999999007,7.9999999992000017102,81.517915973028550525
30,2.9999999987999999007,7.9999999992000017102,90.324560634934684344
31,2.9999999987999999007,7.9999999992000017102,90.324560634934684344
32,2.9999999987999999007,7.9999999992000017102,81.517915973028550525
33,2.7074999989169996617,7.9999999992000017102,81.517915973028550525
34,2.7074999989169996617,7.9999999992000017102,90.324560634934684344
35,2.9999999987999999007,7.9999999992000017102,90.324560634934684344
36,2.9999999987999999007,7.9999999992000017102,81.517915973028550525
37,2.7074999989169996617,7.9999999992000017102,81.517915973028550525
38,2.7074999989169996617,2.8618320960000009912,90.324560634934684344
39,2.9999999987999999007,2.9999999987999999007,90.324560634934684344
40,2.9999999987999999007,2.9999999987999999007,81.517915973028550525
41,2.9999999987999999007,2.9999999987999999007,81.517915973028550525
42,2.7074999989169996617,2.8618320960000005471,81.517915973028550525
43,2.9999999987999999007,3.8160000000000011688,90.324560634934684344
44,2.9999999987999999007,3.8160000000000011688,81.517915973028550525
45,2.9999999987999999007,3.8160000000000011688,73.569919165658276938
46,2.9999999987999999007,2.9999999987999999007,81.517915973028550525
47,2.9999999987999999007,3.3240997216620495891,81.517915973028550525
48,2.7074999989169996617,2.8618320960000009912,81.517915973028550525
49,2.7074999989169996617,2.8618320960000005471,61.134850191468622427
50,2.7074999989169996617,2.8618320960000009912,61.134850191468615321
51,2.9999999987999999007,3.8160000000000011688,81.517915973028564736
52,2.9999999987999999007,3.8160000000000011688,81.517915973028564736
53,2.9999999987999999007,3.8160000000000011688,81.517915973028564736
54,2.9999999987999999007,2.9999999987999999007,81.517915973028564736
55,2.9999999987999999007,2.9999999987999999007,81.517915973028550525
56,7.9999999992000025983,7.9999999992000017102,81.517915973028550525
57,7.9999999992000025983,7.9999999992000025983,81.517915973028550525
58,7.9999999992000025983,7.9999999992000017102,81.517915973028550525
59,7.9999999992000025983,7.9999999992000017102,90.324560634934684344
60,7.9999999992000025983,7.9999999992000017102,81.517915973028550525
61,7.9999999992000025983,7.9999999992000017102,81.517915973028550525
62,7.2199999992780030666,7.9999999992000017102,81.517915973028550525
63,7.9999999992000025983,7.9999999992000017102,90.324560634934684344
64,7.9999999992000025983,7.9999999992000017102,81.517915973028550525
65,2.9999999987999999007,7.9999999992000017102,81.517915973028550525
66,2.9999999987999999007,7.9999999992000017102,81.517915973028550525
67,2.9999999987999999007,7.9999999992000017102,90.324560634934684344
68,2.9999999987999999007,7.9999999992000017102,81.517915973028550525
69,2.9999999987999999007,7.9999999992000017102,81.517915973028550525
70,2.9999999987999999007,7.9999999992000017102,81.517915973028550525
71,2.9999999987999999007,7.9999999992000017102,90.324560634934684344
72,2.9999999987999999007,5.9996479994000369018,81.517915973028550525
73,2.9999999987999999007,5.9996479994000369018,81.517915973028550525
74,2.9999999987999999007,5.9996479994000369018,81.517915973028550525
75,3.3240997216620495891,5.9996479994000369018,81.517915973028550525
76,3.3240997216620495891,6.647809417617768446,81.517915973028550525
77,2.9999999987999999007,5.9996479994000369018,73.569919165658276938
78,2.9999999987999999007,5.9996479994000360136,73.569919165658276938
79,4.0002346788344906869,7.9999999992000017102,81.517915973028564736
80,4.0002346788344906869,7.9999999992000017102,81.517915973028550525
81,4.0002346788344906869,7.9999999992000017102,81.517915973028564736
82,4.0002346788344906869,7.9999999992000017102,81.517915973028550525
83,4.0002346788344906869,7.9999999992000017102,81.517915973028564736
84,7.9999999992000025983,7.9999999992000025983,81.517915973028550525
85,7.2199999992780030666,7.9999999992000017102,81.517915973028550525
86,7.9999999992000017102,7.9999999992000017102,81.517915973028550525
87,7.9999999992000025983,7.9999999992000025983,90.324560634934684344
88,7.9999999992000025983,7.9999999992000025983,81.517915973028550525
89,7.9999999992000025983,7.9999999992000025983,81.517915973028550525
90,7.9999999992000025983,7.9999999992000025983,81.517915973028550525
91,7.9999999992000025983,7.9999999992000017102,90.324560634934684344
92,7.9999999992000025983,7.9999999992000017102,81.517915973028550525
93,7.9999999992000025983,7.9999999992000025983,81.517915973028550525
94,7.9999999992000025983,7.9999999992000017102,81.517915973028550525
95,7.9999999992000025983,7.9999999992000017102,90.324560634934684344
96,7.2199999992780030666,7.9999999992000017102,81.517915973028550525
97,7.2199999992780030666,7.9999999992000017102,81.517915973028550525
98,7.9999999992000025983,7.9999999992000017102,81.517915973028550525
99,7.9999999992000025983,7.9999999992000017102,90.324560634934684344
100,2.9999999987999999007,7.9999999992000017102,81.517915973028550525
101,2.9999999987999999007,7.9999999992000017102,81.517915973028550525
102,2.9999999987999999007,7.9999999992000017102,81.517915973028550525
103,2.9999999987999999007,2.9999999987999999007,90.324560634934684344
104,0.03599999999999999728,0.03599999999999999728,81.517915973028550525
105,0.03599999999999999728,0.03599999999999999728,73.569919165658276938
106,0.03599999999999999728,0.03599999999999999728,73.569919165658276938
107,0.03599999999999999728,0.03599999999999999728,81.517915973028550525
108,0.03599999999999999728,0.03599999999999999728,81.517915973028564736
109,0.039889196675900268074,0.048002816165215018984,81.517915973028550525
110,0.039889196675900268074,0.048002816165215025923,81.517915973028550525
111,0.039889196675900268074,0.039889196675900268074,81.517915973028564736
112,0.03599999999999999728,5.9996479994000360136,81.517915973028550525
113,0.03599999999999999728,5.9996479994000360136,81.517915973028550525
114,0.03599999999999999728,5.9996479994000360136,81.517915973028550525
115,0.03599999999999999728,6.647809417617768446,90.324560634934684344
116,0.039889196675900268074,5.9996479994000369018,81.517915973028550525
117,0.03599999999999999728,6.647809417617768446,81.517915973028550525
118,0.039889196675900268074,5.9996479994000360136,81.517915973028550525
119,0.039889196675900268074,5.9996479994000360136,90.324560634934684344
120,0.039889196675900268074,7.9999999992000017102,81.517915973028550525
121,0.03599999999999999728,7.9999999992000017102,81.517915973028550525
122,0.039889196675900268074,7.9999999992000017102,81.517915973028550525
123,0.039889196675900268074,7.9999999992000017102,90.324560634934684344
124,0.039889196675900268074,7.9999999992000017102,81.517915973028550525
125,0.03599999999999999728,7.9999999992000017102,81.517915973028550525
126,0.03599999999999999728,7.9999999992000017102,81.517915973028550525
127,0.039889196675900268074,7.9999999992000017102,90.324560634934684344
128,0.039889196675900268074,7.9999999992000017102,81.517915973028550525
129,0.03599999999999999728,7.9999999992000017102,73.569919165658276938
130,0.03599999999999999728,7.9999999992000017102,73.569919165658276938
131,0.039889196675900268074,7.9999999992000017102,81.517915973028550525
132,0.039889196675900268074,7.9999999992000017102,81.517915973028550525
133,0.03599999999999999728,7.9999999992000017102,61.134850191468615321
134,0.03599999999999999728,7.9999999992000017102,61.134850191468622427
135,0.039889196675900268074,7.9999999992000017102,81.517915973028564736
136,0.039889196675900268074,7.9999999992000017102,81.517915973028550525
137,0.03599999999999999728,7.9999999992000017102,81.517915973028550525
138,0.03599999999999999728,7.9999999992000017102,81.517915973028564736
139,0.039889196675900268074,7.9999999992000017102,81.517915973028550525
140,7.2199999992780030666,7.9999999992000017102,81.517915973028550525
141,7.2199999992780030666,7.9999999992000017102,81.517915973028550525
142,7.2199999992780030666,7.9999999992000017102,81.517915973028550525
143,7.9999999992000025983,7.9999999992000017102,90.324560634934684344
144,7.2199999992780030666,7.9999999992000017102,81.517915973028550525
145,7.2199999992780030666,7.9999999992000017102,81.517915973028550525
146,7.9999999992000017102,7.9999999992000017102,81.517915973028550525
147,7.9999999992000025983,7.9999999992000017102,90.324560634934684344
148,7.9999999992000025983,7.9999999992000017102,81.517915973028550525
149,7.9999999992000025983,7.9999999992000017102,81.517915973028550525
150,7.9999999992000025983,7.9999999992000017102,81.517915973028550525
151,7.9999999992000025983,7.9999999992000017102,90.324560634934684344
152,7.9999999992000025983,7.9999999992000017102,81.517915973028550525
153,2.9999999987999999007,7.9999999992000017102,81.517915973028550525
154,2.9999999987999999007,7.9999999992000017102,81.517915973028550525
155,2.9999999987999999007,2.9999999987999999007,81.517915973028550525
156,2.9999999987999999007,2.9999999987999999007,7.9999999992000017102
157,2.9999999987999999007,2.9999999987999999007,7.9999999992000017102
158,2.9999999987999999007,2.9999999987999999007,7.999999999200000822
159,3.3240997216620495891,3.8160000000000011688,8.8642659270914130332
160,3.3240997216620495891,3.8160000000000011688,7.999999999200000822
161,2.9999999987999999007,3.8160000000000011688,7.9999999992000017102
162,2.9999999987999999007,3.4439400000000008895,7.9999999992000017102
163,3.3240997216620495891,4.0002346788344906869,8.8642659270914130332
164,3.3240997216620495891,4.0002346788344906869,7.9999999992000017102
165,2.9999999987999999007,4.0002346788344906869,7.9999999992000017102
166,2.7074999989169996617,4.0002346788344906869,7.9999999992000017102
167,2.9999999987999999007,4.0002346788344906869,8.8642659270914130332
168,2.9999999987999999007,7.9999999992000017102,7.999999999200000822
169,2.9999999987999999007,7.9999999992000017102,7.999999999200000822
170,2.9999999987999999007,7.9999999992000017102,7.999999999200000822
171,2.9999999987999999007,7.2199999992780021785,8.8642659270914130332
172,2.7074999989169996617,7.9999999992000017102,7.999999999200000822
173,2.7074999989169996617,7.9999999992000017102,7.9999999992000017102
174,2.7074999989169996617,7.9999999992000017102,7.999999999200000822
175,2.9999999987999999007,7.9999999992000017102,8.8642659270914130332
176,2.9999999987999999007,7.9999999992000017102,7.9999999992000017102
177,2.9999999987999999007,7.9999999992000017102,7.9999999992000017102
178,2.9999999987999999007,7.2199999992780021785,7.9999999992000017102
179,2.9999999987999999007,7.9999999992000017102,8.8642659270914130332
180,2.9999999987999999007,7.9999999992000017102,7.999999999200000822
181,2.9999999987999999007,7.9999999992000017102,7.9999999992000017102
182,2.7074999989169996617,7.9999999992000017102,7.9999999992000017102
183,2.9999999987999999007,7.9999999992000017102,8.8642659270914130332
184,2.9999999987999999007,7.9999999992000017102,7.999999999200000822
185,2.7074999989169996617,7.9999999992000017102,7.9999999992000017102
186,2.7074999989169996617,7.9999999992000017102,7.9999999992000017102
187,2.9999999987999999007,7.9999999992000017102,8.8642659270914130332
188,2.7074999989169996617,7.9999999992000017102,7.9999999992000017102
189,2.7074999989169996617,7.9999999992000017102,7.9999999992000017102
190,2.7074999989169996617,7.9999999992000017102,7.9999999992000017102
191,2.9999999987999999007,7.9999999992000017102,10.667292480092166684
192,2.9999999987999999007,7.9999999992000017102,9.6272314632831808012
193,2.9999999987999999007,7.9999999992000017102,9.6272314632831808012
194,2.9999999987999999007,7.9999999992000017102,10.667292480092168461
195,2.9999999987999999007,7.9999999992000017102,10.667292480092168461
196,2.7074999989169996617,5.9996479994000360136,81.517915973028550525
197,2.7074999989169996617,5.9996479994000369018,73.569919165658276938
198,2.7074999989169996617,5.9996479994000369018,81.517915973028550525
199,2.9999999987999999007,5.9996479994000369018,81.517915973028550525
200,2.9999999987999999007,5.9996479994000369018,73.569919165658276938
201,2.9999999987999999007,5.9996479994000369018,73.569919165658276938
202,2.9999999987999999007,5.9996479994000360136,73.569919165658276938
203,2.9999999987999999007,7.9999999992000017102,81.517915973028564736
204,2.9999999987999999007,7.9999999992000017102,73.569919165658276938
205,2.9999999987999999007,7.9999999992000017102,73.569919165658276938
206,2.9999999987999999007,7.9999999992000017102,73.569919165658276938
207,2.9999999987999999007,7.9999999992000017102,81.517915973028564736
208,2.9999999987999999007,7.9999999992000017102,81.517915973028550525
209,0.03599999999999999728,7.9999999992000017102,73.569919165658276938
210,0.03599999999999999728,7.9999999992000017102,81.517915973028550525
211,0.03599999999999999728,7.9999999992000017102,81.517915973028550525
212,0.03599999999999999728,7.9999999992000017102,81.517915973028550525
213,0.032489999999999998048,7.9999999992000017102,73.569919165658276938
214,0.032489999999999998048,7.9999999992000017102,73.569919165658276938
215,0.032489999999999998048,7.9999999992000017102,81.517915973028550525
216,0.03599999999999999728,7.9999999992000017102,61.134850191468608216
217,0.03599999999999999728,7.9999999992000017102,61.134850191468601111
218,0.03599999999999999728,7.9999999992000017102,61.134850191468608216
219,0.03599999999999999728,7.9999999992000017102,81.517915973028564736
220,0.03599999999999999728,7.9999999992000017102,73.569919165658276938
221,0.03599999999999999728,7.9999999992000017102,73.569919165658276938
222,0.03599999999999999728,7.9999999992000017102,81.517915973028550525
223,0.03599999999999999728,7.9999999992000017102,81.517915973028550525
224,2.9999999987999999007,7.9999999992000017102,81.517915973028550525
225,2.9999999987999999007,7.9999999992000017102,81.517915973028550525
226,2.9999999987999999007,7.9999999992000017102,81.517915973028550525
227,2.9999999987999999007,7.9999999992000017102,81.517915973028550525
228,2.9999999987999999007,7.9999999992000017102,81.517915973028550525
229,2.9999999987999999007,7.9999999992000017102,81.517915973028550525
230,3.3240997216620495891,7.9999999992000017102,81.517915973028550525
231,3.3240997216620495891,5.9996479994000360136,81.517915973028550525
232,2.9999999987999999007,5.9996479994000369018,81.517915973028550525
233,2.9999999987999999007,6.647809417617768446,81.517915973028550525
234,2.9999999987999999007,5.9996479994000360136,81.517915973028550525
235,2.9999999987999999007,7.9999999992000017102,81.517915973028550525
236,0.03599999999999999728,7.9999999992000017102,81.517915973028550525
237,0.03599999999999999728,7.9999999992000017102,81.517915973028550525
238,0.03599999999999999728,7.9999999992000017102,81.517915973028550525
239,0.03599999999999999728,7.9999999992000017102,81.517915973028550525
240,0.03599999999999999728,7.9999999992000017102,81.517915973028550525
241,0.03599999999999999728,7.9999999992000017102,73.569919165658276938
242,0.03599999999999999728,7.9999999992000017102,73.569919165658276938
243,0.03599999999999999728,7.9999999992000017102,81.517915973028550525
244,0.03599999999999999728,7.2199999992780021785,61.134850191468622427
245,0.032489999999999998048,7.9999999992000017102,61.134850191468622427
246,0.032489999999999998048,3.8160000000000011688,61.134850191468615321
247,0.03599999999999999728,4.2282548476454300257,81.517915973028564736
248,0.03599999999999999728,4.2282548476454300257,81.517915973028564736
249,0.03599999999999999728,4.2282548476454300257,81.517915973028550525
250,0.03599999999999999728,0.03599999999999999728,81.517915973028550525
251,0.03599999999999999728,0.03599999999999999728,81.517915973028564736
252,0.032489999999999998048,5.4146823194585333994,81.517915973028550525
253,0.032489999999999998048,5.9996479994000369018,81.517915973028550525
254,0.032489999999999998048,5.4146823194585333994,81.517915973028550525
255,0.035999999999999990341,5.9996479994000369018,90.324560634934684344
256,0.03599999999999999728,7.9999999992000017102,81.517915973028550525
257,0.032489999999999998048,7.9999999992000017102,81.517915973028550525
258,0.032489999999999998048,7.9999999992000017102,81.517915973028550525
259,0.03599999999999999728,7.9999999992000017102,90.324560634934684344
260,0.032489999999999998048,7.9999999992000017102,81.517915973028550525
261,0.032489999999999998048,7.9999999992000017102,81.517915973028550525
262,0.032489999999999998048,7.9999999992000017102,81.517915973028550525
263,0.032489999999999998048,7.9999999992000017102,90.324560634934684344
264,0.032489999999999998048,7.9999999992000017102,81.517915973028550525
265,0.032489999999999998048,7.9999999992000017102,81.517915973028550525
266,0.032489999999999998048,7.9999999992000017102,81.517915973028550525
267,0.03599999999999999728,7.9999999992000017102,90.324560634934684344
268,0.03599999999999999728,7.9999999992000017102,81.517915973028550525
269,0.03599999999999999728,7.9999999992000017102,73.569919165658276938
270,0.03599999999999999728,7.9999999992000017102,73.569919165658276938
271,0.03599999999999999728,7.9999999992000017102,81.517915973028550525
272,0.03599999999999999728,3.8160000000000011688,81.517915973028550525
273,0.03599999999999999728,3.8160000000000011688,73.569919165658276938
274,0.03599999999999999728,3.8160000000000007248,81.517915973028564736
275,0.03599999999999999728,3.8160000000000011688,81.517915973028550525
276,0.03599999999999999728,3.8160000000000011688,81.517915973028564736
277,0.03599999999999999728,5.0882985135127940524,81.517915973028550525
278,0.03599999999999999728,5.0882985135127940524,81.517915973028550525
279,0.03599999999999999728,5.0882985135127949405,81.517915973028550525
280,2.7074999989169996617,7.9999999992000017102,81.517915973028550525
281,2.7074999989169996617,7.9999999992000017102,81.517915973028550525
282,2.7074999989169996617,7.9999999992000017102,90.324560634934684344
283,2.7074999989169996617,7.9999999992000017102,81.517915973028550525
284,2.7074999989169996617,7.9999999992000017102,81.517915973028550525
285,2.7074999989169996617,7.9999999992000017102,81.517915973028550525
286,2.9999999987999999007,7.9999999992000017102,81.517915973028550525
287,2.7074999989169996617,7.9999999992000017102,90.324560634934684344
288,2.7074999989169996617,7.9999999992000017102,81.517915973028550525
289,2.7074999989169996617,7.9999999992000017102,81.517915973028550525
290,2.9999999987999999007,7.9999999992000017102,81.517915973028550525
291,2.9999999987999999007,7.9999999992000017102,81.517915973028550525
292,2.9999999987999999007,7.9999999992000017102,81.517915973028550525
293,2.9999999987999999007,7.9999999992000017102,81.517915973028550525
294,2.9999999987999999007,7.9999999992000017102,81.517915973028550525
295,2.7074999989169996617,7.9999999992000017102,81.517915973028550525
296,2.4435187490225924734,5.9996479994000369018,81.517915973028550525
297,2.7074999989169996617,5.9996479994000360136,73.569919165658276938
298,2.7074999989169996617,5.9996479994000369018,73.569919165658276938
299,2.4435187490225924734,7.9999999992000017102,81.517915973028564736
300,2.7074999989169996617,7.9999999992000017102,73.569919165658276938
301,2.7074999989169996617,7.9999999992000017102,73.569919165658276938
302,0,7.9999999992000017102,81.517915973028550525
303,0,7.9999999992000017102,81.517915973028564736
304,0,7.9999999992000017102,73.569919165658276938
305,0,7.9999999992000017102,81.517915973028564736
306,0,7.9999999992000017102,81.517915973028564736
307,0,7.9999999992000017102,81.517915973028550525
308,2.9999999987999999007,7.9999999992000017102,81.517915973028550525
309,2.9999999987999999007,5.9996479994000360136,81.517915973028550525
310,2.9999999987999999007,5.9996479994000369018,81.517915973028550525
311,2.9999999987999999007,5.9996479994000360136,81.517915973028550525
312,2.9999999987999999007,7.9999999992000017102,81.517915973028550525
313,2.9999999987999999007,7.9999999992000017102,81.517915973028550525
314,2.9999999987999999007,5.9996479994000369018,81.517915973028550525
315,2.9999999987999999007,5.9996479994000369018,81.517915973028550525
316,2.9999999987999999007,5.9996479994000369018,81.517915973028550525
317,3.3240997216620495891,5.9996479994000360136,81.517915973028550525
318,3.3240997216620495891,5.9996479994000360136,81.517915973028550525
319,3.3240997216620495891,7.9999999992000017102,81.517915973028550525
320,3.3240997216620495891,7.9999999992000017102,81.517915973028550525
321,3.3240997216620495891,7.9999999992000017102,81.517915973028550525
322,3.3240997216620495891,7.9999999992000017102,81.517915973028550525
323,3.3240997216620495891,7.9999999992000017102,81.517915973028550525
324,3.3240997216620495891,3.8160000000000007248,81.517915973028550525
325,3.3240997216620495891,3.8160000000000011688,73.569919165658276938
326,2.9999999987999999007,3.8160000000000007248,73.569919165658276938
327,3.3240997216620495891,3.8160000000000007248,81.517915973028550525
328,3.3240997216620495891,3.8160000000000007248,61.134850191468622427
329,3.3240997216620495891,4.2282548476454300257,61.134850191468615321
330,2.9999999987999999007,3.8160000000000011688,61.134850191468622427
331,3.3240997216620495891,4.2282548476454300257,81.517915973028564736
332,3.3240997216620495891,3.3240997216620495891,73.569919165658276938
333,3.3240997216620495891,3.3240997216620495891,81.517915973028578946
334,2.9999999987999999007,2.9999999987999999007,81.517915973028564736
335,3.3240997216620495891,3.3240997216620495891,81.517915973028550525
336,7.9999999992000025983,7.9999999992000017102,81.517915973028550525
337,7.9999999992000025983,7.9999999992000025983,81.517915973028550525
338,7.9999999992000025983,7.999999999200000822,81.517915973028550525
339,7.9999999992000025983,7.9999999992000025983,84.899014762330310191
340,7.9999999992000025983,7.9999999992000025983,81.517915973028550525
341,7.9999999992000025983,7.9999999992000025983,81.517915973028550525
342,7.9999999992000025983,7.9999999992000025983,81.517915973028550525
343,7.9999999992000025983,7.9999999992000025983,90.324560634934684344
344,7.9999999992000025983,7.9999999992000017102,81.517915973028550525
345,7.9999999992000025983,7.9999999992000017102,81.517915973028550525
346,7.9999999992000025983,7.9999999992000025983,81.517915973028550525
347,7.9999999992000025983,7.9999999992000025983,90.324560634934684344
348,7.9999999992000025983,7.9999999992000025983,81.517915973028550525
349,7.9999999992000025983,8.8642659270914130332,81.517915973028550525
350,7.9999999992000025983,8.8642659270914130332,81.517915973028550525
351,7.9999999992000025983,7.9999999992000025983,84.899014762330310191
352,7.9999999992000017102,7.9999999992000017102,81.517915973028550525
353,7.9999999992000017102,7.9999999992000017102,81.517915973028550525
354,7.9999999992000025983,7.9999999992000025983,81.517915973028550525
355,7.9999999992000025983,7.9999999992000025983,81.517915973028550525
356,7.9999999992000017102,7.9999999992000017102,76.621360823003101359
357,7.9999999992000017102,7.9999999992000017102,81.517915973028550525
358,7.2199999992780021785,7.9999999992000017102,81.517915973028550525
359,7.9999999992000017102,7.9999999992000017102,81.517915973028550525
360,7.9999999992000017102,7.9999999992000017102,76.621360823003101359
361,7.9999999992000025983,7.9999999992000025983,84.899014762330310191
362,7.9999999992000025983,7.9999999992000025983,84.899014762330310191
363,7.9999999992000025983,7.9999999992000017102,84.899014762330310191
364,7.9999999992000025983,82.042994270354270725,113.20532772900048712
365,7.9999999992000025983,82.042994270354270725,113.20532772900048712
366,7.9999999992000034865,82.042994270354270725,113.20532772900047291
367,7.9999999992000034865,10000,113.20532772900050134
368,7.9999999992000034865,10000,113.20532772900050134
369,7.9999999992000034865,10000,125.43526618171799214
370,7.9999999992000034865,10000,113.20532772900050134
371,7.9999999992000025983,10000,113.20532772900048712
372,7.9999999992000034865,10000,113.20532772900048712
373,7.9999999992000034865,10000,125.43526618171799214
374,7.9999999992000025983,10000,113.20532772900050134
375,7.9999999992000025983,10000,113.20532772900048712
376,7.9999999992000025983,10000,113.20532772900048712
377,7.9999999992000025983,10000,125.43526618171799214
378,7.9999999992000025983,10000.000000000001819,113.20532772900048712
379,7.9999999992000025983,10000.000000000001819,113.20532772900050134
380,7.9999999992000025983,10000,113.20532772900050134
381,10.667292480092170237,10000.000000000001819,125.43526618171799214
382,10.667292480092168461,10000.000000000001819,113.20532772900050134
383,10.667292480092168461,10000,113.20532772900050134
384,10.667292480092170237,10000,113.20532772900050134
385,10.667292480092170237,10000,125.43526618171799214
386,10.667292480092168461,10000,113.20532772900048712
387,10.667292480092170237,10000,113.20532772900050134
388,10.667292480092168461,10000,113.20532772900050134
389,10.667292480092170237,10000,150.94929266383689992
390,10.667292480092168461,10000,113.20532772900050134
391,10.667292480092170237,10000,113.20532772900050134
392,73.702551957392941517,10000,9025
393,81.664877515116828022,10000,10000
394,81.664877515116828022,10000,113.20532772900048712
395,81.664877515116828022,10000,113.20532772900050134
396,81.664877515116828022,10000,113.20532772900048712
397,81.664877515116828022,10000,150.94929266383692834
398,73.702551957392941517,10000,113.20532772900050134
399,73.702551957392941517,10000,113.20532772900048712
400,73.702551957392941517,10000,113.20532772900048712
401,81.664877515116828022,10000,150.94929266383689992
402,73.702551957392941517,10000,113.20532772900050134
403,73.702551957392941517,10000,113.20532772900050134
404,73.702551957392941517,10000,113.20532772900048712
405,81.664877515116828022,10000,125.43526618171799214
406,73.702551957392941517,10000,113.20532772900050134
407,73.702551957392941517,10000,113.20532772900050134
408,81.664877515116828022,10000,113.20532772900050134
409,81.664877515116828022,10000,125.43526618171799214
410,81.664877515116828022,10000,113.20532772900048712
411,81.664877515116828022,10000,113.20532772900050134
412,81.664877515116828022,10000,113.20532772900050134
413,81.664877515116828022,10000,113.20532772900050134
414,73.702551957392941517,10000,113.20532772900050134
415,73.702551957392941517,10000,113.20532772900050134
416,81.664877515116828022,10000,113.20532772900050134
417,81.664877515116828022,10000,150.94929266383692834
418,73.702551957392941517,10000,113.20532772900050134
419,81.664877515116828022,10000,113.20532772900050134
420,81.664877515116828022,10000,9025
421,81.664877515116828022,10000,10000
422,81.664877515116828022,10000,113.20532772900048712
423,81.664877515116828022,10000,113.20532772900050134
424,81.664877515116828022,10000,113.20532772900050134
425,81.664877515116828022,10000,125.43526618171799214
426,73.702551957392941517,7499.5600000000004002,113.20532772900050134
427,73.702551957392941517,7499.5600000000013097,113.20532772900050134
428,73.702551957392941517,10000,113.20532772900050134
429,81.664877515116828022,10000,125.43526618171799214
430,73.702551957392941517,10000,113.20532772900050134
431,81.664877515116828022,10000,113.20532772900050134
432,81.664877515116828022,10000,113.20532772900050134
433,81.664877515116828022,10000,125.43526618171799214
434,81.664877515116828022,10000,113.20532772900050134
435,81.664877515116828022,10000,113.20532772900050134
436,73.702551957392941517,10000,113.20532772900050134
437,81.664877515116828022,10000,125.43526618171799214
438,73.702551957392941517,9025,113.20532772900048712
439,73.702551957392941517,9025,113.20532772900050134
440,73.702551957392941517,10000,113.20532772900050134
441,81.664877515116828022,10000,125.43526618171799214
442,81.664877515116828022,10000,113.20532772900048712
443,81.664877515116828022,10000,113.20532772900050134
444,81.664877515116828022,10000,113.20532772900050134
445,81.664877515116828022,10000,150.94929266383692834
446,81.664877515116828022,10000,113.20532772900050134
447,81.664877515116828022,10000,113.20532772900050134
448,73.702551957392941517,10000,9025
449,81.664877515116828022,10000,10000
450,73.702551957392941517,10000,7499.5600000000004002
451,73.702551957392941517,10000,7499.5600000000013097
452,73.702551957392941517,10000,7499.5600000000004002
453,81.664877515116828022,10000,10000
454,81.664877515116828022,10000,7499.5600000000004002
455,81.664877515116828022,10000,7499.5600000000004002
456,81.664877515116828022,10000,7499.5600000000013097
457,81.664877515116828022,10000,10000
458,81.664877515116828022,10000,113.20532772900048712
459,81.664877515116828022,10000,113.20532772900048712
460,7.9999999992000025983,10000,113.20532772900050134
461,8.8642659270914130332,10000,150.94929266383692834
462,7.9999999992000025983,10000,113.20532772900050134
463,7.9999999992000025983,10000,113.20532772900050134
464,7.9999999992000025983,10000,113.20532772900050134
465,8.8642659270914130332,10000,125.43526618171799214
466,7.9999999992000025983,10000,113.20532772900048712
467,7.9999999992000025983,10000,113.20532772900050134
468,7.9999999992000025983,10000,113.20532772900050134
469,7.9999999992000025983,10000,113.20532772900050134
470,7.9999999992000025983,10000,113.20532772900048712
471,7.9999999992000025983,9025,113.20532772900050134
472,2.9999999987999999007,10000,113.20532772900050134
473,3.3240997216620495891,10000,125.43526618171799214
474,2.9999999987999999007,9025,113.20532772900050134
475,3.3240997216620495891,10000,113.20532772900050134
476,73.702551957392941517,10000,9025
477,81.664877515116828022,10000,10000
478,73.702551957392941517,10000,7499.5600000000004002
479,73.702551957392941517,10000,7499.5600000000004002
480,73.702551957392941517,10000,7499.5600000000013097
481,81.664877515116828022,10000,10000
482,73.702551957392941517,10000,9025
483,73.702551957392941517,10000,9025
484,73.702551957392941517,10000,9025
485,73.702551957392941517,10000,10000
486,73.702551957392941517,10000,113.20532772900048712
487,73.702551957392941517,10000,113.20532772900050134
488,81.664877515116828022,10000,113.20532772900050134
489,81.664877515116828022,10000,113.20532772900050134
490,81.664877515116828022,10000,113.20532772900050134
491,81.664877515116828022,10000,113.20532772900050134
492,73.702551957392941517,10000,113.20532772900050134
493,81.664877515116828022,10000,125.43526618171799214
494,81.664877515116828022,10000,113.20532772900050134
495,73.702551957392941517,9025,113.20532772900050134
496,73.702551957392941517,10000,113.20532772900050134
497,73.702551957392941517,10000,113.20532772900050134
498,81.664877515116828022,9025,113.20532772900048712
499,66.516553141547134942,9025,113.20532772900050134
500,66.516553141547134942,10000,113.20532772900050134
501,73.702551957392941517,10000,150.94929266383692834
502,73.702551957392941517,10000,113.20532772900050134
503,73.702551957392941517,10000,113.20532772900050134
504,81.664877515116828022,10000,9025
505,81.664877515116828022,10000,10000
506,81.664877515116828022,10000,9025
507,81.664877515116828022,10000,9025
508,81.664877515116828022,10000,9025
509,81.664877515116828022,10000,10000
510,81.664877515116828022,10000,9025
511,81.664877515116828022,10000,10000
512,73.702551957392941517,10000,9025
513,81.664877515116828022,10000,10000
514,81.664877515116828022,10000,9025
515,81.664877515116828022,10000,10000
516,81.664877515116828022,10000,10000
517,81.664877515116828022,10000,10000
518,81.664877515116828022,10000,9025
519,81.664877515116828022,10000,10000
520,81.664877515116828022,10000,10000
521,81.664877515116828022,10000,10000
522,81.664877515116828022,10000,113.20532772900050134
523,81.664877515116828022,10000,113.20532772900048712
524,73.702551957392941517,10000,113.20532772900048712
525,81.664877515116828022,10000,125.43526618171799214
526,81.664877515116828022,10000,113.20532772900050134
527,81.664877515116828022,10000,113.20532772900050134
528,81.664877515116828022,9025,113.20532772900048712
529,81.664877515116828022,10000,10000
530,81.664877515116828022,113.20532772900050134,113.20532772900050134
531,81.664877515116828022,125.43526618171799214,113.20532772900050134
532,81.664877515116828022,10000,9025
533,81.664877515116828022,10000,10000
534,81.664877515116828022,10000,9025
535,81.664877515116828022,10000,9025
536,81.664877515116828022,10000,9025
537,81.664877515116828022,10000,10000
538,81.664877515116828022,10000,9025
539,81.664877515116828022,10000,9025
540,81.664877515116828022,10000,9025
541,81.664877515116828022,10000,10000
542,81.664877515116828022,10000,9025
543,81.664877515116828022,10000,9025
544,81.664877515116828022,10000,9025
545,81.664877515116828022,10000,10000
546,81.664877515116828022,10000,10000
547,81.664877515116828022,10000,9025
548,81.664877515116828022,10000,9025
549,81.664877515116828022,10000,10000
550,81.664877515116828022,10000,113.20532772900050134
551,81.664877515116828022,10000,113.20532772900048712
552,81.664877515116828022,10000,113.20532772900048712
553,81.664877515116828022,10000,125.43526618171799214
554,81.664877515116828022,10000,113.20532772900050134
555,81.664877515116828022,10000,113.20532772900050134
556,81.664877515116828022,10000,113.20532772900050134
557,81.664877515116828022,10000,10000
558,81.664877515116828022,10000,9025
559,81.664877515116828022,10000,113.20532772900050134
560,81.664877515116828022,10000,9025
561,81.664877515116828022,10000,10000
562,81.664877515116828022,10000,10000
563,81.664877515116828022,10000,9025
564,81.664877515116828022,10000,9025
565,81.664877515116828022,10000,10000
566,81.664877515116828022,10000,10000
567,81.664877515116828022,10000,10000
568,81.664877515116828022,10000,9025
569,90.487398908716698998,10000,10000
570,81.664877515116828022,10000,10000
571,81.664877515116828022,10000,10000
572,81.664877515116828022,10000,9025
573,81.664877515116828022,10000,10000
574,81.664877515116828022,10000,10000
575,81.664877515116828022,10000,9025
576,81.664877515116828022,10000,9025
577,81.664877515116828022,10000,10000
578,81.664877515116828022,10000,9025
579,81.664877515116828022,10000,9025
580,81.664877515116828022,10000,9025
581,81.664877515116828022,10000,10000
582,81.664877515116828022,10000,7499.5600000000013097
583,81.664877515116828022,82.042994270354270725,7499.5600000000004002
584,81.664877515116828022,82.042994270354270725,7499.5600000000004002
585,81.664877515116828022,90.906364842497794143,10000
586,81.664877515116828022,82.042994270354270725,113.20532772900050134
587,81.664877515116828022,82.042994270354270725,113.20532772900050134
588,81.664877515116813811,10000,9025
589,81.664877515116828022,10000,10000
590,81.664877515116828022,10000,9025
591,81.664877515116828022,10000,9025
592,81.664877515116828022,10000,9025
593,81.664877515116828022,10000,10000
594,81.664877515116828022,10000,10000
595,81.664877515116828022,10000,10000
596,81.664877515116828022,10000,9025
597,81.664877515116828022,10000,10000
598,81.664877515116828022,10000,9025
599,81.664877515116828022,10000,10000
600,81.664877515116828022,10000,9025
601,90.487398908716698998,10000,10000
602,81.664877515116828022,10000,9025
603,81.664877515116828022,10000,10000
604,81.664877515116828022,10000,9025
605,81.664877515116828022,10000,10000
606,81.664877515116828022,10000,8145.0625
607,81.664877515116828022,10000,8145.0625
608,81.664877515116828022,10000,8145.0625
609,81.664877515116828022,10000,9025
610,81.664877515116828022,10000,113.20532772900048712
611,81.664877515116828022,10000,113.20532772900050134
612,81.664877515116828022,10000,113.20532772900048712
613,81.664877515116828022,10000,10000
614,81.664877515116828022,10000,150.94929266383689992
615,81.664877515116828022,10000,150.94929266383689992
616,81.664877515116828022,10000,9025
617,81.664877515116828022,10000,10000
618,81.664877515116828022,10000,9025
619,81.664877515116828022,10000,10000
620,81.664877515116828022,10000,9025
621,90.487398908716698998,10000,10000
622,81.664877515116828022,10000,9025
623,81.664877515116828022,10000,10000
624,81.664877515116828022,10000,10000
625,90.487398908716698998,10000,10000
626,81.664877515116828022,10000,9025
627,81.664877515116828022,9025,10000
628,81.664877515116828022,9025,10000
629,81.664877515116828022,10000,10000
630,81.664877515116828022,7499.5600000000013097,9025
631,81.664877515116828022,7499.5600000000013097,10000
632,81.664877515116828022,7499.5600000000004002,9025
633,81.664877515116828022,10000,10000
634,81.664877515116828022,9025,113.20532772900048712
635,81.664877515116828022,10000,113.20532772900050134
636,81.664877515116828022,10000,113.20532772900050134
637,81.664877515116813811,10000,125.43526618171799214
638,81.664877515116828022,10000,113.20532772900050134
639,81.664877515116828022,10000,113.20532772900048712
640,81.664877515116828022,9025,113.20532772900048712
641,90.487398908716698998,10000,10000
642,90.487398908716698998,10000,10000
643,81.664877515116828022,82.042994270354270725,150.94929266383692834
644,113.40944098188043654,9754.4689601050085912,9025
645,125.661430450837031,10000,10000
646,81.664877515116813811,10000,9025
647,81.664877515116828022,10000,9025
648,81.664877515116828022,10000,9025
649,90.487398908716698998,10000,10000
650,81.664877515116828022,10000,9025
651,81.664877515116828022,10000,10000
652,81.664877515116828022,10000,9025
653,90.487398908716698998,10000,10000
654,81.664877515116828022,10000,9025
655,81.664877515116828022,10000,9025
656,81.657054426119799473,10000,9025
657,81.664877515116828022,10000,10000
658,81.664877515116828022,10000,9025
659,81.664877515116828022,10000,9025
660,81.664877515116828022,10000,9025
661,81.664877515116828022,10000,10000
662,81.664877515116828022,10000,113.20532772900048712
663,81.664877515116828022,9754.4689601050085912,113.20532772900050134
664,81.657054426119799473,9754.4689601050085912,113.20532772900050134
665,81.664877515116828022,10000,125.43526618171799214
666,81.664877515116828022,9754.4689601050085912,113.20532772900048712
667,81.657054426119799473,9754.4689601050085912,113.20532772900048712
668,81.657054426119799473,10000,113.20532772900050134
669,81.664877515116828022,10000,9025
670,81.664877515116828022,10000,113.20532772900050134
671,81.664877515116828022,10000,125.43526618171799214
672,81.664877515116828022,10000,9025
673,90.487398908716698998,10000,10000
674,90.487398908716698998,9753.4156335988700448,9025
675,81.664877515116828022,10000,9025
676,81.664877515116828022,10000,9025
677,81.664877515116828022,10000,10000
678,81.664877515116828022,10000,9025
679,81.664877515116828022,10000,9025
680,81.664877515116813811,9753.4156335988700448,9025
681,81.664877515116828022,10000,10000
682,90.487398908716698998,9753.4156335988700448,9753.4156335988700448
683,81.664877515116828022,10000,9025
684,81.664877515116828022,10000,9025
685,90.487398908716698998,10000,10000
686,81.664877515116828022,10000,10000
687,81.664877515116828022,9753.4156335988700448,9025
688,81.664877515116828022,9753.4156335988700448,9025
689,81.664877515116828022,10000,10000
690,81.664877515116828022,10000,113.20532772900048712
691,81.664877515116828022,9753.4156335988700448,113.20532772900048712
692,81.664877515116828022,9753.4156335988700448,113.20532772900050134
693,81.664877515116828022,10000,125.43526618171799214
694,81.664877515116828022,9753.4156335988700448,113.20532772900048712
695,81.664877515116828022,9753.4156335988700448,113.20532772900048712
696,81.664877515116828022,9753.4156335988700448,113.20532772900050134
697,81.664877515116828022,10000,150.94929266383689992
698,81.664877515116828022,10000,113.20532772900050134
699,7.9999999992000025983,9753.4156335988700448,113.20532772900050134
700,73.702551957392941517,10000,9025
701,81.664877515116828022,10000,10000
702,73.702551957392941517,7499.5600000000013097,113.20532772900050134
703,73.702551957392941517,7499.5600000000004002,113.20532772900050134
704,73.702551957392941517,7499.5600000000013097,113.20532772900048712
705,81.664877515116828022,7499.5600000000013097,125.43526618171799214
706,81.664877515116828022,7499.5600000000004002,113.20532772900050134
707,81.664877515116828022,7499.5600000000004002,113.20532772900050134
708,73.702551957392941517,7499.5600000000013097,113.20532772900050134
709,81.664877515116828022,8309.7617728531859029,125.43526618171799214
710,81.664877515116828022,7499.5600000000013097,113.20532772900048712
711,81.664877515116828022,10000.000000000001819,113.20532772900050134
712,73.702551957392941517,10000,113.20532772900050134
713,73.702551957392941517,10000,125.43526618171799214
714,73.702551957392941517,10000,113.20532772900050134
715,73.702551957392941517,10000,113.20532772900048712
716,73.702551957392941517,10000,113.20532772900050134
717,81.664877515116828022,10000,125.43526618171799214
718,81.664877515116828022,9025,113.20532772900050134
719,81.664877515116828022,9025,113.20532772900050134
720,81.664877515116828022,10000,113.20532772900050134
721,81.664877515116828022,10000,125.43526618171799214
722,81.664877515116828022,10000,113.20532772900050134
723,81.664877515116828022,10000,113.20532772900048712
724,81.664877515116828022,10000,113.20532772900050134
725,81.664877515116828022,10000,150.94929266383692834
726,81.664877515116828022,10000,113.20532772900050134
727,81.664877515116828022,10000,113.20532772900050134
728,81.664877515116813811,10000,9025
729,81.664877515116813811,10000,10000
730,81.664877515116828022,10000,6768.3529000000016822
731,81.664877515116828022,10000,6768.3529000000016822
732,81.664877515116828022,10000,7499.5600000000013097
733,90.487398908716698998,10000,7499.5600000000013097
734,81.664877515116813811,10000,6768.3529000000016822
735,81.664877515116828022,10000,6768.3529000000016822
736,81.664877515116828022,10000,7499.5600000000013097
737,90.487398908716698998,10000,10000
738,90.487398908716698998,10000,10000
739,81.664877515116813811,10000,9025
740,81.664877515116828022,10000,9025
741,90.487398908716698998,10000,10000
742,81.664877515116828022,10000,9025
743,81.664877515116828022,9025,10000
744,81.664877515116813811,9025,9025
745,81.664877515116828022,10000,10000
746,81.664877515116828022,10000,9025
747,81.664877515116828022,9025,9025
748,81.664877515116828022,9025,9025
749,108.89289173647095765,10000,10000
750,113.40944098188043654,9025,113.20532772900048712
751,113.40944098188043654,9025,113.20532772900048712
752,10000,10000,113.20532772900050134
753,10000,10000,125.43526618171799214
754,10000,10000,113.20532772900050134
755,10000,10000,113.20532772900050134
756,10000,9753.4156335988700448,9025
757,10000,10000,10000
758,10000,10000,9025
759,10000,10000,10000
760,9025,10000,9025
761,10000,10000,10000
762,10000,10000,10000
763,113.40944098188043654,10000,10000
764,102.35202048614709724,9753.4156335988700448,9025
765,113.40944098188043654,10000,10000
766,113.40944098188043654,10000,10000
767,81.664877515116828022,9753.4156335988700448,10000
768,81.664877515116813811,9753.4156335988700448,9025
769,90.487398908716698998,10000,10000
770,90.487398908716698998,10000,10000
771,81.664877515116828022,9753.4156335988700448,9025
772,81.664877515116828022,10000,9025
773,90.487398908716698998,10000,10000
774,90.487398908716698998,9753.4156335988700448,10000
775,81.664877515116828022,9753.4156335988700448,9025
776,81.664877515116828022,10000,9025
777,81.664877515116828022,10000,10000
778,81.664877515116828022,10000,9025
779,81.664877515116828022,10000,9025
780,81.664877515116828022,10000,9025
781,81.664877515116828022,10000,10000
782,81.664877515116828022,10000,113.20532772900050134
783,81.664877515116828022,9753.4156335988700448,113.20532772900050134
784,7499.5600000000013097,10000,9025
785,8309.7617728531859029,10000,10000
786,8309.7617728531859029,10000,10000
787,7499.5600000000004002,10000,9025
788,7499.5600000000004002,10000,9025
789,10000,10000,10000
790,10000,10000,10000
791,10000,10000,10000
792,9025,10000,9025
793,10000,10000,10000
794,10000,10000,10000
795,10000,10000,10000
796,10000,10000,10000
797,10000,10000,10000
798,10000,10000,10000
799,9025,9367.6211147445756069,9367.6211147445756069
800,9025,9367.6211147445756069,9025
801,10000,10000,10000
802,10000,10000,10000
803,9025,9367.6211147445756069,10000
804,10000,10000,10000
805,10000,10000,10000
806,10000,10000,10000
807,9025,10000,9025
808,10000,10000,9025
809,10000,10000,10000
810,10000,10000,7499.5600000000013097
811,10000,10000,113.20532772900050134
812,10000,10000,9025
813,10000,10000,10000
814,10000,10000,10000
815,10000,10000,10000
816,10000,10000,10000
817,10000,10000,10000
818,10000,10000,10000
819,10000,10000,10000
820,10000,10000,10000
821,10000,10000,10000
822,10000,10000,10000
823,10000,10000,10000
824,10000,10000,9025
825,10000,10000,10000
826,10000,10000,10000
827,10000,10000,10000
828,10000,10000,10000
829,10000,10000,10000
830,10000,10000,10000
831,81.664877515116828022,9753.4156335988700448,9025
832,81.664877515116828022,10000,9025
833,81.664877515116828022,10000,10000
834,81.664877515116828022,10000,8145.0625
835,81.664877515116828022,10000,8145.0625
836,81.664877515116828022,10000,9025
837,90.487398908716698998,10000,9025
838,81.664877515116828022,10000,113.20532772900050134
839,81.664877515116828022,9753.4156335988700448,113.20532772900050134
840,102.35202048614709724,10000,9025
841,113.40944098188043654,10000,10000
842,113.40944098188043654,10000,10000
843,81.664877515116828022,10000,10000
844,81.664877515116828022,10000,9025
845,81.664877515116828022,10000,10000
846,81.664877515116828022,9999.999999999998181,10000
847,81.664877515116828022,9999.999999999998181,10000
848,81.664877515116828022,9999.999999999998181,10000
849,81.664877515116828022,9999.999999999998181,10000
850,81.664877515116828022,9999.999999999998181,9025
851,81.664877515116828022,9025,10000
852,73.702551957392941517,9025,9025
853,81.664877515116828022,9999.999999999998181,10000
854,81.664877515116828022,10000,9025
855,81.664877515116828022,9025,10000
856,74.423521935749960221,9025,9025
857,81.664877515116828022,10000,10000
858,81.664877515116828022,10000,9025
859,81.664877515116828022,9999.999999999998181,9025
860,81.664877515116828022,9999.999999999998181,9025
861,81.664877515116828022,10000,10000
862,74.423521935749960221,9999.999999999998181,8145.0625
863,74.423521935749960221,7499.5599999999994907,8145.0625
864,81.664877515116828022,7499.5599999999985812,8145.0625
865,81.664877515116828022,9999.999999999998181,9025
866,81.664877515116828022,9999.999999999998181,113.20532772900050134
867,81.664877515116828022,9999.999999999998181,113.20532772900050134
868,81.664877515116828022,10000,9025
869,81.664877515116842233,10000,10000
870,81.664877515116842233,10000,9025
871,81.664877515116828022,10000,10000
872,81.664877515116828022,10000,10000
873,81.664877515116842233,10000,10000
874,81.664877515116828022,10000,10000
875,81.664877515116828022,10000,10000
876,81.664877515116828022,10000,9025
877,81.664877515116842233,10000,10000
878,81.664877515116828022,10000,9025
879,81.664877515116828022,10000,10000
880,81.664877515116828022,10000,10000
881,81.664877515116842233,10000,10000
882,81.664877515116842233,10000,10000
883,81.664877515116828022,10000,10000
884,81.664877515116828022,10000,10000
885,81.664877515116842233,10000,10000
886,81.664877515116828022,10000,10000
887,81.664877515116828022,10000,10000
888,81.664877515116828022,10000,9025
889,90.487398908716698998,10000,10000
890,81.664877515116842233,10000,9025
891,81.664877515116828022,10000,9025
892,81.664877515116828022,10000,9025
893,81.664877515116842233,10000,10000
894,81.664877515116828022,10000,113.20532772900050134
895,81.664877515116828022,10000,113.20532772900050134
896,113.40944098188043654,10000,10000
897,125.661430450837031,10000,10000
898,125.661430450837031,10000,10000
899,113.40944098188043654,10000,10000
900,113.40944098188043654,10000,10000
901,125.661430450837031,10000,10000
902,125.661430450837031,10000,10000
903,113.40944098188043654,10000,10000
904,113.40944098188043654,10000,10000
905,113.40944098188043654,10000,10000
906,113.40944098188043654,10000,10000
907,81.664877515116813811,10000,10000
908,81.664877515116813811,10000,10000
909,81.664877515116813811,10000,10000
910,81.664877515116813811,10000,10000
911,81.664877515116828022,10000,10000
912,81.664877515116828022,10000,10000
913,90.487398908716698998,10000,10000
914,90.487398908716698998,10000,10000
915,81.664877515116813811,10000,10000
916,81.664877515116813811,10000,10000
917,90.487398908716698998,10000,10000
918,90.487398908716698998,10000,9025
919,90.487398908716698998,10000,10000
920,81.664877515116828022,10000,10000
921,90.487398908716698998,10000,10000
922,90.487398908716698998,10000,113.20532772900050134
923,90.487398908716698998,10000,113.20532772900050134
924,113.40944098188043654,10000,9025
925,125.661430450837031,10000,10000
926,81.664877515116828022,10000,10000
927,81.664877515116828022,10000,10000
928,81.664877515116828022,10000,10000
929,90.487398908716698998,10000,10000
930,81.664877515116828022,10000,9025
931,81.664877515116828022,10000,10000
932,81.664877515116828022,10000,10000
933,90.487398908716698998,10000,10000
934,81.664877515116828022,10000,9025
935,81.664877515116828022,10000,10000
936,81.664877515116828022,10000,10000
937,81.664877515116828022,10000,10000
938,81.664877515116828022,10000,10000
939,81.664877515116828022,10000,10000
940,81.664877515116828022,10000,10000
941,81.664877515116828022,10000,10000
942,73.702551957392941517,10000,10000
943,81.664877515116828022,10000,9025
944,81.664877515116828022,10000,9025
945,81.664877515116828022,10000,10000
946,81.664877515116828022,10000,9025
947,81.664877515116828022,10000,9025
948,81.664877515116828022,10000,9025
949,81.664877515116828022,10000,10000
950,81.664877515116828022,10000,113.20532772900050134
951,81.664877515116828022,10000,113.20532772900050134
952,102.35202048614709724,10000,9025
953,113.40944098188043654,10000,10000
954,102.35202048614709724,10000,10000
955,102.35202048614709724,10000,10000
956,102.35202048614709724,9025,10000
957,113.40944098188043654,10000,10000
958,113.40944098188043654,10000,9025
959,113.40944098188043654,9025,10000
960,113.40944098188043654,9025,10000
961,113.40944098188043654,10000,10000
962,113.40944098188043654,9025,9025
963,113.40944098188043654,10000,10000
964,113.40944098188043654,10000,10000
965,113.40944098188043654,10000,10000
966,81.664877515116828022,10000,9025
967,81.664877515116828022,10000,10000
968,81.664877515116828022,10000,9025
969,81.664877515116828022,10000,10000
970,81.664877515116828022,9025,9025
971,81.664877515116828022,9025,9025
972,81.664877515116828022,9025,9025
973,81.664877515116828022,10000,10000
974,81.664877515116828022,9025,113.20532772900050134
975,81.664877515116828022,10000,113.20532772900050134
976,81.664877515116828022,10000,125.43526618171799214
977,81.664877515116828022,10000,125.43526618171799214
978,81.664877515116828022,9025,102.1678082754229564
979,81.664877515116828022,9025,113.20532772900050134
980,81.664877515116828022,10000,9025
981,81.664877515116828022,10000,10000
982,81.664877515116828022,10000,9025
983,81.664877515116828022,10000,9025
984,81.664877515116828022,10000,9025
985,81.664877515116828022,10000,10000
986,81.664877515116828022,9025,10000
987,81.664877515116828022,10000,9025
988,81.664877515116828022,10000,9025
989,81.664877515116828022,10000,10000
990,81.664877515116828022,10000,10000
991,81.664877515116828022,10000,9025
992,81.664877515116828022,10000,9025
993,81.664877515116828022,10000,10000
994,81.664877515116828022,10000,10000
995,81.664877515116828022,10000,9025
996,81.664877515116828022,10000,9025
997,81.664877515116828022,10000,10000
998,81.664877515116828022,10000,10000
999,81.664877515116828022,10000,9025
1000,81.664877515116828022,10000,9025
1001,81.664877515116828022,10000,10000
1002,81.664877515116828022,10000,113.20532772900050134
1003,81.664877515116828022,10000,113.20532772900050134
1004,81.664877515116828022,10000,113.20532772900050134
1005,81.664877515116828022,10000,125.43526618171799214
1006,81.664877515116828022,10000,113.20532772900050134
1007,81.664877515116828022,10000,113.20532772900050134
1008,81.664877515116828022,10000,9025
1009,90.487398908716698998,10000,10000
1010,81.664877515116828022,10000,10000
1011,81.664877515116828022,10000,10000
1012,81.664877515116828022,10000,10000
1013,81.664877515116828022,10000,10000
1014,81.664877515116828022,10000,10000
1015,81.664877515116828022,10000,10000
1016,81.664877515116828022,10000,10000
1017,81.664877515116828022,10000,10000
1018,81.664877515116828022,10000,10000
1019,81.664877515116828022,10000,10000
1020,81.664877515116828022,10000,10000
1021,81.664877515116828022,10000,10000
1022,81.664877515116828022,7499.5600000000004002,9025
1023,81.664877515116828022,7499.5600000000004002,10000
1024,81.664877515116828022,7499.5600000000013097,10000
1025,81.664877515116828022,10000,10000
1026,81.664877515116828022,9025,9025
1027,81.664877515116828022,10000,10000
1028,81.664877515116828022,10000,10000
1029,81.664877515116828022,10000,10000
1030,81.664877515116828022,10000,113.20532772900050134
1031,81.664877515116828022,10000,113.20532772900048712
1032,81.664877515116828022,10000,125.43526618171799214
1033,81.664877515116828022,10000,125.43526618171799214
1034,73.702551957392941517,74.043802328994729578,113.20532772900050134
1035,81.664877515116828022,82.042994270354270725,113.20532772900050134
1036,81.664877515116828022,10000,9025
1037,81.664877515116828022,10000,10000
1038,81.664877515116828022,10000,10000
1039,81.664877515116828022,9025,10000
1040,81.664877515116828022,10000,10000
1041,90.487398908716698998,10000,10000
1042,81.664877515116828022,10000,9025
1043,90.487398908716698998,10000,10000
1044,90.487398908716698998,10000,10000
1045,90.487398908716698998,10000,10000
1046,81.664877515116828022,10000,10000
1047,81.664877515116828022,10000,10000
1048,81.664877515116828022,10000,10000
1049,81.664877515116828022,10000,10000
1050,81.664877515116828022,9025,7499.5600000000013097
1051,81.664877515116828022,10000,10000
1052,81.664877515116828022,10000,10000
1053,81.664877515116828022,10000,10000
1054,81.664877515116828022,9025,9025
1055,81.664877515116828022,10000,10000
1056,81.664877515116828022,10000,10000
1057,81.664877515116828022,10000,10000
1058,81.664877515116828022,10000,113.20532772900050134
1059,81.664877515116828022,10000,113.20532772900048712
1060,81.664877515116828022,10000,113.20532772900048712
1061,81.664877515116828022,10000,125.43526618171799214
1062,81.664877515116828022,10000,113.20532772900050134
1063,81.664877515116828022,10000,113.20532772900050134
1064,81.664877515116828022,10000,9025
1065,81.664877515116828022,10000,10000
1066,81.664877515116828022,10000,10000
1067,81.664877515116828022,10000,10000
1068,81.664877515116828022,10000,10000
1069,81.664877515116828022,10000,10000
1070,81.664877515116828022,10000,10000
1071,81.664877515116828022,10000,10000
1072,81.664877515116828022,10000,10000
1073,81.664877515116828022,10000,10000
1074,81.664877515116828022,10000,9025
1075,81.664877515116828022,10000,10000
1076,81.664877515116828022,10000,10000
1077,81.664877515116828022,10000,10000
1078,81.664877515116828022,10000,10000
1079,81.664877515116828022,10000,10000
1080,81.664877515116828022,10000,10000
1081,81.664877515116828022,10000,10000
1082,81.664877515116828022,10000,9025
1083,81.664877515116828022,10000,9025
1084,81.664877515116828022,10000,10000
1085,81.664877515116828022,10000,10000
1086,81.664877515116828022,10000,113.20532772900050134
1087,81.664877515116828022,10000,113.20532772900050134
1088,81.664877515116828022,10000,113.20532772900050134
1089,81.664877515116828022,10000,113.20532772900050134
1090,81.664877515116828022,82.042994270354270725,81.517915973028550525
1091,81.664877515116828022,90.906364842497794143,90.324560634934684344
1092,81.664877515116828022,10000,113.20532772900050134
1093,7.999999999200000822,10000,113.20532772900050134
1094,7.9999999992000025983,10000,102.1678082754229564
1095,7.9999999992000025983,10000,113.20532772900050134
1096,8.8642659270914130332,10000,113.20532772900050134
1097,8.8642659270914130332,8.8642659270914130332,113.20532772900050134
1098,7.9999999992000025983,7.9999999992000025983,81.517915973028550525
1099,8.8642659270914130332,7.9999999992000017102,90.324560634934684344
1100,8.8642659270914130332,7.9999999992000017102,81.517915973028550525
1101,8.8642659270914130332,7.9999999992000025983,90.324560634934684344
1102,7.9999999992000025983,7.9999999992000025983,81.517915973028550525
1103,7.9999999992000025983,7.9999999992000025983,90.324560634934684344
1104,7.9999999992000025983,7.9999999992000025983,81.517915973028550525
1105,7.9999999992000025983,7.9999999992000025983,90.324560634934684344
1106,7.2199999992780030666,7.9999999992000017102,90.324560634934684344
1107,7.9999999992000025983,7.9999999992000025983,90.324560634934684344
1108,7.9999999992000025983,7.9999999992000025983,81.517915973028550525
1109,7.9999999992000025983,7.9999999992000025983,90.324560634934684344
1110,7.2199999992780030666,7.9999999992000025983,81.517915973028550525
1111,7.9999999992000025983,7.9999999992000025983,90.324560634934684344
1112,7.9999999992000025983,7.9999999992000025983,81.517915973028550525
1113,7.9999999992000025983,7.9999999992000025983,81.517915973028550525
1114,7.9999999992000025983,7.9999999992000025983,73.569919165658276938
1115,7.9999999992000025983,7.9999999992000017102,81.517915973028550525
1116,7.9999999992000017102,7.9999999992000017102,81.517915973028550525
1117,7.9999999992000025983,7.9999999992000025983,81.517915973028550525
1118,7.9999999992000025983,7.9999999992000025983,7.9999999992000017102
1119,7.9999999992000025983,7.9999999992000025983,8.8642659270914130332
1120,81.664877515116828022,82.042994270354270725,81.664877515116828022
1121,81.664877515116828022,82.042994270354270725,90.487398908716698998
1122,81.664877515116828022,81.664877515116828022,90.487398908716698998
1123,81.664877515116828022,81.664877515116828022,90.487398908716698998
1124,7.9999999992000025983,73.702551957392941517,81.517915973028550525
1125,7.9999999992000025983,81.664877515116828022,90.324560634934684344
1126,7.9999999992000025983,7.9999999992000025983,81.517915973028550525
1127,7.9999999992000025983,7.9999999992000017102,90.324560634934684344
1128,7.9999999992000025983,7.9999999992000017102,81.517915973028550525
1129,7.9999999992000025983,7.9999999992000025983,90.324560634934684344
1130,7.9999999992000025983,7.9999999992000017102,81.517915973028550525
1131,7.9999999992000025983,7.9999999992000025983,90.324560634934684344
1132,7.9999999992000025983,7.9999999992000025983,81.517915973028550525
1133,7.9999999992000025983,7.9999999992000025983,90.324560634934684344
1134,7.9999999992000025983,7.9999999992000025983,81.517915973028550525
1135,7.9999999992000025983,7.9999999992000025983,90.324560634934684344
1136,7.9999999992000025983,7.9999999992000025983,81.517915973028550525
1137,7.9999999992000025983,7.9999999992000025983,90.324560634934684344
1138,7.2199999992780030666,7.9999999992000025983,81.517915973028550525
1139,7.9999999992000025983,7.9999999992000025983,81.517915973028550525
1140,7.9999999992000025983,7.9999999992000025983,81.517915973028550525
1141,7.9999999992000025983,7.9999999992000025983,81.517915973028550525
1142,7.2199999992780030666,7.2199999992780030666,73.569919165658276938
1143,7.9999999992000025983,7.9999999992000025983,81.517915973028550525
1144,7.9999999992000025983,7.9999999992000025983,81.517915973028564736
1145,7.999999999200000822,7.999999999200000822,7.999999999200000822
1146,7.2199999992780021785,7.2199999992780021785,7.9999999992000017102
1147,7.9999999992000017102,7.9999999992000017102,8.8642659270914130332
1148,7.9999999992000025983,7.9999999992000025983,81.517915973028564736
1149,7.9999999992000025983,7.9999999992000025983,81.517915973028550525
1150,7.9999999992000025983,7.9999999992000025983,73.569919165658276938
1151,7.9999999992000025983,7.9999999992000025983,81.517915973028564736
1152,7.9999999992000025983,7.9999999992000025983,81.517915973028550525
1153,7.9999999992000025983,7.9999999992000025983,81.517915973028564736
1154,7.9999999992000025983,7.9999999992000025983,81.517915973028550525
1155,7.9999999992000025983,7.9999999992000025983,81.517915973028550525
1156,7.9999999992000025983,7.9999999992000025983,81.517915973028550525
1157,7.9999999992000025983,7.9999999992000025983,81.517915973028550525
1158,7.2199999992780030666,7.9999999992000017102,73.569919165658276938
1159,7.9999999992000025983,7.9999999992000025983,81.517915973028550525
1160,7.9999999992000025983,7.9999999992000025983,81.517915973028550525
1161,7.2199999992780030666,7.9999999992000017102,81.517915973028550525
1162,7.2199999992780030666,7.9999999992000017102,73.569919165658276938
1163,7.9999999992000025983,7.9999999992000017102,81.517915973028550525
1164,7.9999999992000025983,7.9999999992000025983,81.517915973028550525
1165,7.9999999992000025983,7.9999999992000017102,81.517915973028550525
1166,7.9999999992000025983,7.9999999992000025983,81.517915973028550525
1167,7.9999999992000025983,7.9999999992000017102,81.517915973028550525
1168,7.9999999992000025983,7.9999999992000017102,81.517915973028550525
1169,7.9999999992000025983,7.9999999992000017102,81.517915973028550525
1170,7.2199999992780030666,7.9999999992000017102,73.569919165658276938
1171,7.9999999992000025983,7.9999999992000025983,81.517915973028550525
1172,7.9999999992000025983,7.9999999992000025983,81.517915973028550525
1173,7.9999999992000025983,7.9999999992000025983,81.517915973028550525
1174,7.2199999992780030666,7.9999999992000017102,7.9999999992000017102
1175,7.9999999992000025983,7.9999999992000017102,8.8642659270914130332
1176,81.664877515116828022,81.664877515116828022,81.664877515116828022
1177,81.517915973028564736,82.042994270354270725,90.487398908716698998
1178,55.17420229780043428,73.569919165658291149,81.664877515116828022
1179,61.134850191468622427,73.569919165658291149,81.664877515116828022
1180,61.134850191468622427,81.517915973028578946,81.517915973028550525
1181,55.17420229780043428,81.517915973028578946,81.517915973028550525
1182,55.17420229780043428,61.134850191468622427,81.517915973028550525
1183,61.134850191468622427,61.134850191468622427,81.517915973028550525
1184,61.134850191468622427,61.134850191468622427,81.517915973028550525
1185,55.17420229780043428,67.7394461955330911,81.517915973028550525
1186,55.17420229780043428,61.134850191468622427,73.569919165658276938
1187,81.517915973028564736,81.517915973028578946,81.517915973028550525
1188,81.517915973028578946,81.517915973028578946,81.517915973028550525
1189,81.517915973028578946,81.517915973028578946,73.569919165658276938
1190,73.569919165658291149,73.569919165658291149,73.569919165658276938
1191,81.517915973028564736,81.517915973028578946,81.517915973028550525
1192,81.517915973028564736,81.517915973028578946,81.517915973028564736
1193,81.517915973028578946,81.517915973028578946,81.517915973028564736
1194,73.569919165658276938,7.9999999992000017102,81.517915973028564736
1195,81.517915973028564736,7.9999999992000017102,81.517915973028550525
1196,81.517915973028564736,7.9999999992000017102,81.517915973028550525
1197,81.517915973028564736,7.9999999992000017102,81.517915973028550525
1198,81.517915973028564736,7.9999999992000017102,81.517915973028550525
1199,81.517915973028564736,7.9999999992000017102,81.517915973028550525
1200,81.517915973028550525,7.9999999992000017102,81.517915973028550525
1201,81.517915973028564736,7.9999999992000017102,7.9999999992000017102
1202,81.517915973028564736,7.9999999992000017102,7.9999999992000017102
1203,81.517915973028564736,7.9999999992000017102,8.8642659270914130332
1204,81.664877515116828022,81.664877515116828022,81.517915973028550525
1205,7.9999999992000025983,7.9999999992000025983,81.517915973028550525
1206,7.9999999992000025983,7.9999999992000017102,81.517915973028550525
1207,7.9999999992000025983,7.9999999992000025983,81.517915973028550525
1208,7.9999999992000025983,7.9999999992000025983,81.517915973028550525
1209,7.9999999992000025983,7.9999999992000025983,90.324560634934684344
1210,7.2199999992780030666,7.9999999992000017102,81.517915973028550525
1211,7.9999999992000025983,7.9999999992000025983,81.517915973028550525
1212,7.9999999992000025983,7.9999999992000025983,81.517915973028550525
1213,7.9999999992000025983,7.9999999992000025983,73.569919165658276938
1214,7.9999999992000025983,7.9999999992000025983,73.569919165658276938
1215,7.9999999992000025983,7.9999999992000025983,81.517915973028550525
1216,7.9999999992000025983,7.9999999992000025983,81.517915973028564736
1217,7.9999999992000025983,7.9999999992000025983,81.517915973028550525
1218,7.9999999992000025983,7.9999999992000025983,81.517915973028564736
1219,7.9999999992000025983,7.9999999992000025983,81.517915973028550525
1220,7.9999999992000025983,7.9999999992000025983,81.517915973028564736
1221,7.9999999992000025983,7.9999999992000025983,81.517915973028564736
1222,7.9999999992000025983,7.9999999992000025983,73.569919165658276938
1223,7.9999999992000025983,7.9999999992000017102,81.517915973028550525
1224,7.9999999992000025983,7.9999999992000025983,81.517915973028550525
1225,7.9999999992000025983,7.9999999992000025983,81.517915973028550525
1226,7.2199999992780030666,7.9999999992000017102,73.569919165658276938
1227,7.9999999992000025983,7.9999999992000025983,81.517915973028564736
1228,7.9999999992000025983,7.9999999992000025983,81.517915973028550525
1229,7.9999999992000025983,7.9999999992000025983,81.517915973028550525
1230,7.9999999992000025983,7.9999999992000025983,73.569919165658276938
1231,7.9999999992000025983,7.9999999992000025983,81.517915973028550525
1232,7.9999999992000025983,7.9999999992000025983,81.517915973028550525
1233,7.9999999992000025983,7.9999999992000025983,90.324560634934684344
1234,7.9999999992000025983,7.9999999992000025983,81.517915973028550525
1235,7.9999999992000025983,7.9999999992000025983,81.517915973028550525
1236,7.9999999992000025983,7.9999999992000025983,81.517915973028550525
1237,7.9999999992000025983,7.9999999992000017102,81.517915973028550525
1238,7.9999999992000025983,7.9999999992000025983,81.517915973028550525
1239,7.9999999992000025983,7.9999999992000025983,81.517915973028550525
1240,7.9999999992000025983,7.9999999992000017102,81.517915973028550525
1241,7.219999999278004843,7.9999999992000017102,81.517915973028550525
1242,7.219999999278004843,7.9999999992000017102,81.517915973028550525
1243,7.219999999278004843,7.9999999992000017102,81.517915973028550525
1244,7.9999999992000052629,7.9999999992000052629,81.517915973028550525
1245,7.9999999992000052629,7.9999999992000052629,81.517915973028550525
1246,7.9999999992000017102,7.9999999992000017102,81.517915973028550525
1247,7.9999999992000052629,7.9999999992000052629,81.517915973028550525
1248,7.9999999992000052629,7.9999999992000017102,81.517915973028550525
1249,7.219999999278004843,7.9999999992000017102,90.324560634934684344
1250,7.219999999278004843,7.9999999992000017102,81.517915973028550525
1251,7.9999999992000052629,7.9999999992000017102,81.517915973028550525
1252,7.9999999992000052629,7.9999999992000017102,81.517915973028550525
1253,7.9999999992000052629,7.9999999992000017102,81.517915973028550525
1254,2.9999999987999999007,7.9999999992000017102,7.999999999200000822
1255,2.9999999987999999007,3.8160000000000011688,8.8642659270914130332
1256,3.3240997216620495891,3.3240997216620495891,8.8642659270914130332
1257,3.3240997216620495891,3.6832129879911903458,7.9999999992000017102
1258,2.9999999987999999007,2.9999999987999999007,7.9999999992000017102
1259,3.3240997216620495891,3.3240997216620495891,8.8642659270914130332
1260,7.2199999992780030666,7.2199999992780030666,81.517915973028550525
1261,7.9999999992000025983,7.9999999992000025983,81.517915973028550525
1262,7.9999999992000025983,7.9999999992000025983,81.517915973028550525
1263,7.9999999992000025983,7.9999999992000025983,81.517915973028550525
1264,7.9999999992000025983,7.9999999992000025983,81.517915973028550525
1265,7.9999999992000025983,7.9999999992000025983,81.517915973028550525
1266,7.9999999992000025983,7.9999999992000025983,81.517915973028550525
1267,7.9999999992000025983,7.9999999992000025983,81.517915973028550525
1268,7.9999999992000025983,7.9999999992000017102,81.517915973028550525
1269,7.2199999992780030666,7.9999999992000017102,81.517915973028550525
1270,7.2199999992780030666,7.2199999992780030666,81.517915973028550525
1271,7.9999999992000025983,7.9999999992000025983,81.517915973028550525
1272,7.9999999992000025983,7.9999999992000025983,81.517915973028550525
1273,7.9999999992000025983,7.9999999992000025983,90.324560634934684344
1274,7.9999999992000025983,7.9999999992000025983,81.517915973028550525
1275,7.9999999992000025983,7.9999999992000025983,81.517915973028550525
1276,7.9999999992000025983,7.9999999992000025983,81.517915973028550525
1277,7.9999999992000025983,7.9999999992000025983,81.517915973028550525
1278,7.9999999992000025983,7.9999999992000025983,73.569919165658276938
1279,7.9999999992000025983,7.9999999992000025983,81.517915973028550525
1280,7.9999999992000025983,7.9999999992000025983,81.517915973028564736
1281,7.9999999992000025983,7.9999999992000025983,81.517915973028550525
1282,7.9999999992000025983,7.9999999992000025983,73.569919165658276938
1283,7.9999999992000025983,7.9999999992000025983,81.517915973028550525
1284,7.9999999992000025983,7.9999999992000025983,81.517915973028564736
1285,7.9999999992000025983,7.9999999992000025983,7.999999999200000822
1286,7.219999999278004843,7.219999999278004843,7.9999999992000017102
1287,7.9999999992000052629,7.9999999992000052629,8.8642659270914130332
1288,7.9999999992000025983,7.9999999992000017102,81.517915973028550525
1289,7.9999999992000025983,7.9999999992000017102,81.517915973028550525
1290,7.9999999992000025983,7.9999999992000017102,73.569919165658276938
1291,7.9999999992000025983,7.9999999992000017102,81.517915973028550525
1292,7.9999999992000025983,7.9999999992000017102,81.517915973028550525
1293,7.9999999992000025983,7.9999999992000017102,81.517915973028550525
1294,7.9999999992000025983,7.9999999992000017102,81.517915973028550525
1295,7.9999999992000025983,7.9999999992000017102,81.517915973028550525
1296,7.9999999992000025983,7.9999999992000017102,81.517915973028550525
1297,7.9999999992000025983,7.9999999992000017102,81.517915973028550525
1298,7.2199999992780030666,7.9999999992000017102,81.517915973028550525
1299,7.9999999992000025983,7.9999999992000025983,81.517915973028550525
1300,7.9999999992000025983,7.9999999992000017102,81.517915973028550525
1301,7.2199999992780021785,7.9999999992000017102,81.517915973028550525
1302,7.2199999992780021785,7.2199999992780021785,73.569919165658276938
1303,7.9999999992000025983,7.9999999992000017102,81.517915973028550525
1304,7.9999999992000017102,7.9999999992000017102,81.517915973028550525
1305,7.9999999992000025983,7.9999999992000025983,81.517915973028550525
1306,7.9999999992000025983,7.9999999992000017102,73.569919165658276938
1307,7.9999999992000025983,7.9999999992000017102,81.517915973028550525
1308,7.9999999992000025983,7.9999999992000025983,81.517915973028564736
1309,7.9999999992000017102,7.9999999992000017102,81.517915973028564736
1310,7.9999999992000017102,7.9999999992000017102,73.569919165658276938
1311,7.9999999992000025983,7.9999999992000017102,81.517915973028550525
1312,7.9999999992000025983,7.9999999992000017102,7.9999999992000025983
1313,7.9999999992000025983,7.9999999992000025983,7.9999999992000017102
1314,7.219999999278004843,7.219999999278004843,7.9999999992000017102
1315,7.9999999992000052629,7.9999999992000052629,8.8642659270914130332
1316,7.9999999992000025983,7.9999999992000025983,81.517915973028550525
1317,7.9999999992000025983,7.9999999992000017102,81.517915973028550525
1318,7.9999999992000025983,7.9999999992000017102,73.569919165658276938
1319,7.9999999992000025983,7.9999999992000025983,81.517915973028550525
1320,7.9999999992000025983,7.9999999992000025983,81.517915973028550525
1321,7.9999999992000025983,7.9999999992000025983,81.517915973028550525
1322,7.2199999992780030666,7.9999999992000017102,81.517915973028550525
1323,7.2199999992780030666,7.9999999992000017102,81.517915973028550525
1324,7.9999999992000025983,7.9999999992000025983,81.517915973028550525
1325,7.9999999992000025983,7.9999999992000017102,81.517915973028550525
1326,7.9999999992000025983,7.9999999992000017102,81.517915973028550525
1327,7.9999999992000017102,7.9999999992000017102,81.517915973028550525
1328,7.9999999992000025983,7.9999999992000017102,81.517915973028564736
1329,7.9999999992000025983,7.9999999992000017102,81.517915973028550525
1330,7.9999999992000052629,7.9999999992000052629,81.517915973028550525
1331,2.9999999987999999007,7.9999999992000017102,81.517915973028550525
1332,2.9999999987999999007,7.9999999992000017102,81.517915973028564736
1333,2.9999999987999999007,7.9999999992000017102,81.517915973028550525
1334,2.7074999989169996617,7.9999999992000017102,81.517915973028550525
1335,2.7074999989169996617,7.9999999992000017102,81.517915973028550525
1336,2.9999999987999999007,7.9999999992000017102,81.517915973028550525
1337,2.9999999987999999007,7.9999999992000017102,81.517915973028550525
1338,2.7074999989169996617,7.9999999992000017102,7.999999999200000822
1339,2.9999999987999999007,7.9999999992000017102,8.8642659270914130332
1340,2.9999999987999999007,7.9999999992000017102,7.9999999992000017102
1341,0.03599999999999999728,7.9999999992000017102,7.9999999992000017102
1342,0,7.9999999992000017102,7.9999999992000017102
1343,0,-0,8.8642659270914130332
1344,7.219999999278004843,7.9999999992000052629,81.517915973028550525
1345,7.219999999278004843,7.9999999992000052629,81.517915973028550525
1346,7.219999999278004843,7.219999999278004843,81.517915973028550525
1347,7.9999999992000052629,7.9999999992000052629,81.517915973028550525
1348,7.9999999992000052629,7.9999999992000052629,81.517915973028550525
1349,7.9999999992000052629,7.9999999992000052629,81.517915973028550525
1350,7.219999999278004843,7.219999999278004843,81.517915973028550525
1351,7.9999999992000052629,7.9999999992000052629,81.517915973028550525
1352,7.9999999992000052629,7.9999999992000052629,81.517915973028550525
1353,7.9999999992000052629,7.9999999992000052629,81.517915973028550525
1354,7.9999999992000052629,7.9999999992000052629,81.517915973028550525
1355,7.9999999992000052629,7.9999999992000052629,81.517915973028550525
1356,7.9999999992000052629,7.9999999992000052629,81.517915973028550525
1357,7.9999999992000052629,7.9999999992000017102,81.517915973028550525
1358,7.219999999278004843,7.9999999992000052629,81.517915973028550525
1359,7.9999999992000052629,7.9999999992000052629,81.517915973028550525
1360,7.9999999992000052629,7.9999999992000052629,81.517915973028550525
1361,7.219999999278004843,7.9999999992000052629,81.517915973028550525
1362,7.219999999278004843,7.9999999992000052629,81.517915973028550525
1363,7.219999999278004843,7.9999999992000052629,81.517915973028550525
1364,7.9999999992000052629,7.9999999992000052629,81.517915973028550525
1365,7.219999999278004843,7.9999999992000052629,81.517915973028550525
1366,7.219999999278004843,7.9999999992000052629,73.569919165658276938
1367,7.9999999992000052629,7.9999999992000052629,81.517915973028564736
1368,7.9999999992000052629,7.9999999992000052629,81.517915973028550525
1369,7.9999999992000052629,7.9999999992000052629,81.517915973028550525
1370,7.9999999992000052629,7.9999999992000052629,7.9999999992000017102
1371,7.9999999992000052629,7.9999999992000052629,8.8642659270914130332
1372,7.9999999992000025983,7.9999999992000025983,81.517915973028550525
1373,7.9999999992000025983,7.9999999992000017102,81.517915973028550525
1374,7.9999999992000025983,7.9999999992000017102,81.517915973028550525
1375,7.9999999992000025983,7.9999999992000025983,81.517915973028550525
1376,7.9999999992000025983,7.9999999992000017102,81.517915973028550525
1377,7.9999999992000025983,7.9999999992000017102,81.517915973028550525
1378,7.9999999992000052629,7.9999999992000052629,81.517915973028550525
1379,7.9999999992000052629,7.9999999992000052629,81.517915973028550525
1380,7.9999999992000052629,7.9999999992000052629,81.517915973028550525
1381,2.9999999987999999007,7.999999999200000822,81.517915973028550525
1382,2.9999999987999999007,7.2199999992780012903,73.569919165658276938
1383,2.9999999987999999007,7.999999999200000822,81.517915973028550525
1384,2.9999999987999999007,7.999999999200000822,81.517915973028550525
1385,2.9999999987999999007,7.9999999992000017102,81.517915973028550525
1386,2.9999999987999999007,7.999999999200000822,73.569919165658276938
1387,2.9999999987999999007,7.999999999200000822,81.517915973028550525
1388,2.9999999987999999007,7.999999999200000822,81.517915973028550525
1389,2.9999999987999999007,7.999999999200000822,81.517915973028550525
1390,2.9999999987999999007,7.999999999200000822,81.517915973028550525
1391,3.3240997216620495891,7.999999999200000822,81.517915973028550525
1392,3.3240997216620495891,7.999999999200000822,81.517915973028550525
1393,2.9999999987999999007,7.999999999200000822,81.517915973028550525
1394,2.9999999987999999007,7.999999999200000822,73.569919165658276938
1395,3.3240997216620495891,7.999999999200000822,81.517915973028550525
1396,3.3240997216620495891,7.999999999200000822,81.517915973028550525
1397,2.9999999987999999007,7.999999999200000822,7.9999999992000017102
1398,2.9999999987999999007,7.999999999200000822,7.9999999992000017102
1399,3.3240997216620495891,7.999999999200000822,8.8642659270914130332
1400,7.9999999992000052629,7.9999999992000017102,81.517915973028550525
1401,7.9999999992000052629,7.9999999992000017102,81.517915973028550525
1402,7.9999999992000017102,7.9999999992000017102,81.517915973028550525
1403,7.9999999992000052629,7.9999999992000017102,90.324560634934684344
1404,7.9999999992000025983,7.9999999992000017102,81.517915973028550525
1405,7.9999999992000025983,7.9999999992000017102,81.517915973028550525
1406,7.9999999992000052629,7.9999999992000017102,81.517915973028550525
1407,7.9999999992000025983,7.9999999992000017102,90.324560634934684344
1408,7.9999999992000025983,7.9999999992000017102,81.517915973028550525
1409,7.9999999992000052629,7.9999999992000017102,90.324560634934684344
1410,7.9999999992000052629,7.9999999992000052629,81.517915973028550525
1411,7.9999999992000052629,7.9999999992000052629,90.324560634934684344
1412,7.9999999992000025983,7.9999999992000017102,81.517915973028550525
1413,7.9999999992000052629,7.9999999992000052629,90.324560634934684344
1414,2.9999999987999999007,7.2199999992780021785,81.517915973028550525
1415,2.9999999987999999007,7.2199999992780021785,90.324560634934684344
1416,2.9999999987999999007,7.9999999992000017102,81.517915973028550525
1417,2.9999999987999999007,7.9999999992000017102,81.517915973028550525
1418,2.7074999989169996617,7.9999999992000017102,81.517915973028550525
1419,2.9999999987999999007,7.9999999992000017102,90.324560634934684344
1420,2.9999999987999999007,7.9999999992000017102,81.517915973028550525
1421,0,7.9999999992000017102,81.517915973028550525
1422,0,7.9999999992000017102,73.569919165658276938
1423,0,7.9999999992000017102,81.517915973028550525
1424,0,7.9999999992000017102,81.517915973028564736
1425,0,7.9999999992000017102,7.9999999992000017102
1426,0,7.9999999992000017102,7.9999999992000017102
1427,0,7.9999999992000017102,8.8642659270914130332
1428,2.9999999987999999007,7.999999999200000822,81.517915973028550525
1429,2.9999999987999999007,7.999999999200000822,81.517915973028550525
1430,2.9999999987999999007,5.9996479994000360136,81.517915973028550525
1431,3.3240997216620495891,5.9996479994000351255,81.517915973028550525
1432,2.9999999987999999007,5.9996479994000360136,81.517915973028550525
1433,2.9999999987999999007,6.6478094176177675578,81.517915973028550525
1434,2.9999999987999999007,5.9996479994000360136,81.517915973028550525
1435,2.9999999987999999007,5.9996479994000360136,81.517915973028550525
1436,2.9999999987999999007,7.999999999200000822,81.517915973028550525
1437,2.9999999987999999007,7.999999999200000822,81.517915973028550525
1438,2.9999999987999999007,7.2199999992780012903,81.517915973028550525
1439,2.9999999987999999007,7.999999999200000822,81.517915973028550525
1440,2.9999999987999999007,7.999999999200000822,81.517915973028550525
1441,2.9999999987999999007,7.9999999992000017102,81.517915973028550525
1442,2.9999999987999999007,7.999999999200000822,81.517915973028550525
1443,2.9999999987999999007,7.999999999200000822,81.517915973028550525
1444,3.3240997216620495891,7.999999999200000822,81.517915973028550525
1445,3.3240997216620495891,7.999999999200000822,81.517915973028550525
1446,2.9999999987999999007,7.999999999200000822,81.517915973028550525
1447,3.3240997216620495891,7.9999999992000017102,81.517915973028550525
1448,3.3240997216620495891,7.999999999200000822,81.517915973028550525
1449,3.3240997216620495891,7.999999999200000822,81.517915973028550525
1450,2.9999999987999999007,7.999999999200000822,73.569919165658276938
1451,2.9999999987999999007,7.999999999200000822,81.517915973028564736
1452,2.9999999987999999007,7.999999999200000822,81.517915973028550525
1453,0.032489999999999998048,3.8160000000000011688,7.9999999992000017102
1454,0.032489999999999998048,0.032489999999999998048,7.9999999992000017102
1455,0.03599999999999999728,0.035999999999999990341,8.8642659270914130332
