Timestep,a_0,a_1,a_2,b
0,0,0,0,76476920941.394393921
0,0,0,0,76476920941.394485474
0,0,0,0,76476920941.394622803
0,0,0,0,76476920941.394699097
0,0,0,0,76476920941.394699097
0,0,0,-81.517915973028550525,92340659432.196273804
0,0,0,-81.517915973028550525,92340659432.196273804
0,0,0,-81.517915973028550525,92340659432.196273804
0,0,0,-81.517915973028550525,92340659432.196273804
0,0,0,-81.517915973028550525,92340659432.196273804
0,-7.9999999992000025983,-7.9999999992000025983,-81.517915973028550525,92917661591.684356689
0,0,0,-7.9999999992000017102,92123728605.535797119
0,0,-2.2498679991000525291,-81.517915973028550525,92872485612.872192383
0,0,-2.2498679991000525291,-81.517915973028550525,92872485612.872161865
0,-3.8160000000000011688,-5.0882985135127949405,-78.063320401141822913,92950127821.453125
0,-8.8642659270914130332,-7.9999999992000017102,-81.517915973028550525,93332835293.154205322
1,0,0,0,76357371623.180282593
1,0,0,0,76357371623.180374146
1,0,0,0,76357371623.180511475
1,0,0,0,76357371623.180587769
1,-81.664877515116828022,-10000,-81.517915973028550525,143911196378.49197388
1,0,0,-81.517915973028550525,92270254790.627029419
1,0,-10000,-7.9999999992000017102,141708719424.08135986
1,-8.8642659270914130332,-102.1678082754229564,-7.9999999992000017102,92485024708.460418701
1,-7.999999999200000822,-10000,-81.517915973028550525,142565821002.37985229
1,-2.7074999989169996617,-82.042994270354270725,-8.8642659270914130332,92256001058.27166748
1,-7.9999999992000025983,-7.9999999992000025983,-81.517915973028550525,92880423421.408447266
1,0,0,-7.9999999992000017102,92006788024.198028564
1,0,-2.2498679991000525291,-81.517915973028550525,92803610614.394699097
1,-81.664877515116828022,-0.039889196675900268074,-7.9999999992000017102,93805452383.767852783
1,-3.8160000000000011688,-5.0882985135127949405,-78.063320401141822913,92893622596.30305481
1,-8.8642659270914130332,-7.9999999992000017102,-81.517915973028550525,93298704517.323486328
2,0,0,0,76253064057.967346191
2,0,0,0,76253064057.967437744
2,0,0,0,76253064057.967575073
2,0,0,0,76253064057.967651367
2,-81.664877515116828022,-10000,-81.517915973028550525,151982821600.35876465
2,0,0,-81.517915973028550525,92206602319.315353394
2,0,-10000,-7.9999999992000017102,149449185132.43328857
2,-8.8642659270914130332,-102.1678082754229564,-7.9999999992000017102,92488501698.904647827
2,-7.9999999992000017102,-10000,-81.517915973028550525,150367448307.33770752
2,-2.7074999989169996617,-82.042994270354270725,-8.8642659270914130332,92222323539.335403442
2,-7.9999999992000025983,-7.9999999992000025983,-81.517915973028550525,92844710228.427688599
2,0,0,-7.9999999992000017102,91905296405.288955688
2,0,-2.2498679991000525291,-81.517915973028550525,92741052183.965240479
2,-81.664877515116828022,-0.039889196675900268074,-7.9999999992000017102,93998978923.139892578
2,-3.8160000000000011688,-5.0882985135127949405,-78.063320401141837124,92838845456.395675659
2,-8.8642659270914130332,-7.9999999992000017102,-81.517915973028550525,93266159048.338989258
3,0,0,0,76126689207.472869873
3,0,0,0,76126689207.472961426
3,0,0,0,76126689207.473098755
3,0,0,0,76126689207.473175049
3,-81.664877515116828022,-10000,-81.517915973028550525,158323870801.89651489
3,0,0,-81.517915973028550525,92087893430.208618164
3,0,-10000,-7.9999999992000017102,155552864692.33624268
3,-8.8642659270914130332,-102.1678082754229564,-7.9999999992000017102,92442637545.446060181
3,-7.9999999992000025983,-10000,-81.517915973028550525,156493992683.77880859
3,-2.7074999989169996617,-82.042994270354270725,-8.8642659270914130332,92146995640.595504761
3,-7.9999999992000025983,-7.9999999992000025983,-81.517915973028550525,92744734889.531799316
3,0,0,-7.9999999992000017102,91779501328.812225342
3,0,-2.2498679991000525291,-81.517915973028550525,92622908609.151046753
3,-81.664877515116828022,-0.039889196675900268074,-7.9999999992000017102,94104409722.164581299
3,-3.8160000000000011688,-5.0882985135127949405,-78.063320401141837124,92724649183.47052002
3,-8.8642659270914130332,-7.9999999992000017102,-81.517915973028550525,93168700366.199310303
4,0,0,0,76055015891.224258423
4,0,0,0,76055015891.224349976
4,0,0,0,76055015891.224487305
4,0,0,0,76055015891.224487305
4,-81.664877515116828022,-10000,-81.517915973028550525,164967492112.44119263
4,0,0,-81.517915973028550525,92047954435.358108521
4,0,-10000,-7.9999999992000017102,161919912941.79449463
4,-8.8642659270914130332,-102.1678082754229564,-7.9999999992000017102,92463462106.044311523
4,-7.9999999992000025983,-10000,-81.517915973028550525,162915977786.52828979
4,-2.7074999989169996617,-82.042994270354270725,-8.8642659270914130332,92136646011.086120605
4,-7.9999999992000025983,-7.9999999992000025983,-81.517915973028550525,92733194700.495193481
4,0,0,-7.9999999992000017102,91708695155.690383911
4,0,-2.2498679991000525291,-81.517915973028550525,92584121956.378143311
4,-81.664877515116828022,-0.039889196675900268074,-7.9999999992000017102,94279329862.389633179
4,-3.8160000000000011688,-5.0882985135127949405,-78.063320401141837124,92697403984.912872314
4,-8.8642659270914130332,-7.9999999992000017102,-81.517915973028550525,93159760502.164855957
5,0,0,0,75978633019.977508545
5,0,0,0,75978633019.977600098
5,0,0,0,75978633019.977600098
5,0,0,0,75978633019.977600098
5,-81.664877515116828022,-10000,-81.517915973028550525,170720858483.13873291
5,0,0,-81.517915973028550525,92000484401.228393555
5,0,-10000,-7.9999999992000017102,167435952143.19204712
5,-8.8642659270914130332,-102.1678082754229564,-7.9999999992000017102,92461010276.699462891
5,-7.9999999992000025983,-10000,-81.517915973028550525,168476802365.4543457
5,-2.7074999989169996617,-82.042994270354270725,-8.8642659270914130332,92107732667.095169067
5,-7.9999999992000025983,-7.9999999992000025983,-81.517915973028550525,92705029558.789337158
5,0,0,-7.9999999992000017102,91632007027.102722168
5,0,-2.2498679991000525291,-81.517915973028550525,92537659983.265686035
5,-81.664877515116828022,-0.039889196675900268074,-7.9999999992000017102,94412625548.206069946
5,-3.8160000000000011688,-5.0882985135127949405,-78.063320401141837124,92655519397.809951782
5,-8.8642659270914130332,-7.9999999992000017102,-81.517915973028550525,93133854338.087646484
6,0,0,0,75940601678.653793335
6,0,0,0,75940601678.653884888
6,-0.00032575463607138006785,-0.039889196675900268074,-0.039889196675900268074,75941065571.298797607
6,-81.664877515116828022,-10000,-113.20532772900050134,125689018467.9581604
6,-81.664877515116828022,-10000,-81.517915973028550525,175629300507.99703979
6,0,0,-81.517915973028550525,92020964080.029144287
6,0,-10000,-7.9999999992000017102,172105169033.04116821
6,-8.8642659270914130332,-102.1678082754229564,-7.9999999992000017102,92487116259.782394409
6,-7.9999999992000025983,-10000,-81.517915973028550525,173223107482.3258667
6,-2.7074999989169996617,-82.042994270354270725,-8.8642659270914130332,92111563875.153778076
6,-7.9999999992000025983,-7.9999999992000025983,-81.517915973028550525,92744920012.453659058
6,0,0,-7.9999999992000017102,91592445220.826416016
6,0,-2.2498679991000525291,-81.517915973028550525,92558729117.418441772
6,-81.664877515116828022,-0.039889196675900268074,-7.9999999992000017102,94552760059.143386841
6,-3.8160000000000011688,-5.0882985135127949405,-78.063320401141837124,92682431230.359619141
6,-8.8642659270914130332,-7.9999999992000017102,-81.517915973028550525,93175647047.072952271
7,0,0,0,75895104726.034408569
7,0,0,0,75895104726.034500122
7,-81.664877515116828022,-10000,-10000,192981230634.77124023
7,-81.664877515116828022,-10000,-113.20532772900050134,131571582381.33164978
7,-81.664877515116828022,-10000,-81.517915973028550525,181480985061.54730225
7,0,0,-81.517915973028550525,92045932299.842437744
7,0,-10000,-7.9999999992000017102,177678264678.98648071
7,-8.8642659270914130332,-102.1678082754229564,-7.9999999992000017102,92513972773.44543457
7,-7.9999999992000025983,-10000,-81.517915973028550525,178881325805.60671997
7,-2.7074999989169996617,-82.042994270354270725,-8.8642659270914130332,92112596617.583587646
7,-7.9999999992000025983,-7.9999999992000025983,-81.517915973028550525,92787314558.896240234
7,0,0,-7.9999999992000017102,91546680262.417266846
7,0,-2.2498679991000525291,-81.517915973028550525,92584364252.649200439
7,-81.664877515116828022,-0.039889196675900268074,-7.9999999992000017102,94715954415.216705322
7,-8.8642659270914130332,-10000,-7.9999999992000017102,178578182894.96557617
7,-8.8642659270914130332,-7.9999999992000017102,-81.517915973028550525,93220311417.027877808
8,0,0,0,75835219897.598770142
8,0,0,0,75835219897.598861694
8,-81.664877515116828022,-10000,-10000,207992115312.02075195
8,-81.664877515116828022,-10000,-113.20532772900050134,137226270208.39994812
8,-81.664877515116828022,-10000,-81.517915973028550525,187105686055.48220825
8,0,0,-81.517915973028550525,92012815959.920547485
8,0,-10000,-7.9999999992000017102,183073799961.14205933
8,-8.8642659270914130332,-102.1678082754229564,-7.9999999992000017102,92523631512.235748291
8,-7.9999999992000025983,-10000,-81.517915973028550525,184318152452.49414062
8,-2.7074999989169996617,-82.042994270354270725,-8.8642659270914130332,92096921522.187103271
8,-7.9999999992000025983,-7.9999999992000025983,-81.517915973028550525,92770635321.382522583
8,0,0,-7.9999999992000017102,91486302095.382339478
8,0,-2.2498679991000525291,-81.517915973028550525,92551609906.808853149
8,-81.664877515116828022,-0.039889196675900268074,-7.9999999992000017102,94858065130.371383667
8,-8.8642659270914130332,-10000,-7.9999999992000017102,183989951932.03256226
8,-8.8642659270914130332,-7.9999999992000017102,-81.517915973028550525,93205836396.806732178
9,0,0,0,75749028648.683547974
9,0,0,0,75749028648.683547974
9,-81.664877515116828022,-10000,-10000,221002867843.78085327
9,-81.664877515116828022,-10000,-113.20532772900050134,142092007128.36340332
9,-81.664877515116828022,-10000,-81.517915973028550525,191945318006.94924927
9,0,0,-81.517915973028550525,91921894955.040664673
9,-0.032489999999999998048,-10000,-7.9999999992000017102,187738520512.71011353
9,-8.8642659270914130332,-102.1678082754229564,-7.9999999992000017102,92502090463.802947998
9,-7.9999999992000025983,-10000,-81.517915973028550525,188994230823.99047852
9,-2.7074999989169996617,-82.042994270354270725,-8.8642659270914130332,92052238539.514328003
9,-7.9999999992000025983,-7.9999999992000025983,-81.517915973028550525,92699176709.771026611
9,0,0,-7.9999999992000017102,91398637468.307250977
9,-0.032489999999999998048,-2.2498679991000525291,-81.517915973028550525,92463209301.434249878
9,-81.664877515116828022,-2.9999999987999999007,-7.9999999992000017102,94983745718.292953491
9,-8.8642659270914130332,-10000,-7.9999999992000017102,188671205557.61938477
9,-8.8642659270914130332,-7.9999999992000017102,-81.517915973028550525,93136296661.480941772
10,0,0,0,75669490168.583694458
10,-0.032489999999999998048,-0.032489999999999991109,-0.032489999999999991109,75670368219.193664551
10,-81.664877515116828022,-10000,-10000,234396287359.0397644
10,-81.664877515116828022,-10000,-113.20532772900050134,147114685665.65930176
10,-81.664877515116828022,-10000,-81.517915973028550525,196941168120.58874512
10,-2.2498679991000525291,-2.2498679991000529732,-81.517915973028550525,91995515164.721557617
10,-2.2498679991000525291,-10000,-7.9999999992000017102,192653224106.78970337
10,-8.8642659270914130332,-102.1678082754229564,-7.9999999992000017102,92485266355.506988525
10,-7.9999999992000025983,-10000,-81.517915973028550525,193821994746.12283325
10,-2.7074999989169996617,-82.042994270354270725,-8.8642659270914130332,92012085166.397262573
10,-7.9999999992000025983,-7.9999999992000025983,-81.517915973028550525,92647833670.912582397
10,-2.2498679991000525291,-2.2498679991000525291,-7.9999999992000017102,91458822287.146484375
10,-2.2498679991000525291,-2.2498679991000525291,-81.517915973028550525,92510770777.296218872
10,-81.664877515116828022,-2.9999999987999999007,-7.9999999992000017102,95085756874.082443237
10,-8.8642659270914130332,-10000,-7.9999999992000017102,193487506143.61471558
10,-8.8642659270914130332,-7.9999999992000017102,-81.517915973028550525,93086925677.327102661
11,0,0,0,75616330898.601165771
11,-2.9999999987999999007,-2.9999999987999999007,-2.9999999987999999007,75691537879.876373291
11,-81.664877515116828022,-10000,-10000,248232899913.44985962
11,-81.664877515116828022,-10000,-113.20532772900050134,152324707565.66317749
11,-81.664877515116828022,-10000,-81.517915973028550525,202123541592.6463623
11,-3.8160000000000011688,-3.8160000000000011688,-81.517915973028550525,92060251801.258270264
11,-3.8160000000000011688,-10000,-81.517915973028550525,198591614879.34466553
11,-8.8642659270914130332,-102.1678082754229564,-81.517915973028550525,93375745779.978210449
11,-7.9999999992000025983,-10000,-81.517915973028550525,198831144512.82287598
11,-3.8160000000000011688,-82.042994270354270725,-81.517915973028550525,92925765354.674285889
11,-7.9999999992000025983,-7.9999999992000025983,-81.517915973028550525,92628747750.671783447
11,-3.8160000000000011688,-3.8160000000000011688,-81.517915973028550525,92383704234.73840332
11,-3.8160000000000011688,-3.8160000000000011688,-81.517915973028550525,92575507413.832946777
11,-81.664877515116828022,-7.2199999992780030666,-81.517915973028550525,96144295200.632049561
11,-8.8642659270914130332,-10000,-81.517915973028550525,199358833551.45037842
11,-8.8642659270914130332,-7.9999999992000017102,-81.517915973028550525,93069872087.166687012
12,0,0,0,75533478317.907531738
12,-3.8160000000000007248,-3.8160000000000007248,-3.8160000000000007248,75615379442.314834595
12,-81.664877515116828022,-10000,-10000,257860479569.83410645
12,-81.664877515116828022,-10000,-113.20532772900050134,155882031740.34417725
12,-81.664877515116828022,-10000,-81.517915973028550525,205661410454.32766724
12,-5.99964799940003779,-82.042994270354270725,-81.517915973028550525,92912121251.323287964
12,-5.99964799940003779,-10000,-81.517915973028550525,202118190808.80987549
12,-8.8642659270914130332,-102.1678082754229564,-113.20532772900050134,93668538536.993484497
12,-7.9999999992000025983,-10000,-113.20532772900050134,202627370343.5173645
12,-5.99964799940003779,-82.042994270354270725,-84.899014762330310191,92980925030.806442261
12,-7.9999999992000025983,-82.042994270354270725,-84.899014762330310191,93365151916.653106689
12,-5.99964799940003779,-82.042994270354270725,-84.899014762330310191,93276146870.275024414
12,-5.99964799940003779,-82.042994270354270725,-84.899014762330310191,93467950049.369567871
12,-81.664877515116828022,-82.042994270354270725,-84.899014762330310191,97011169694.887619019
12,-8.8642659270914130332,-10000,-84.899014762330310191,202816813712.11456299
12,-8.8642659270914130332,-82.042994270354270725,-84.899014762330310191,93807706338.717727661
13,0,0,0,75042101171.273590088
13,-7.9999999992000025983,-7.9999999992000025983,-7.9999999992000025983,75179134546.60307312
13,-81.664877515116828022,-10000,-10000,261147192234.36260986
13,-81.664877515116828022,-10000,-113.20532772900050134,154679992217.04977417
13,-81.664877515116828022,-10000,-81.517915973028550525,204473369461.47155762
13,-7.9999999992000025983,-10000,-81.517915973028550525,200942030394.27896118
13,-7.9999999992000025983,-10000,-81.517915973028550525,200942030394.27893066
13,-8.8642659270914130332,-10000,-113.20532772900050134,201361890404.89727783
13,-7.9999999992000025983,-10000,-113.20532772900050134,201335195757.88415527
13,-7.9999999992000025983,-10000,-113.20532772900050134,201335195757.88418579
13,-7.9999999992000025983,-9996.7685702177004714,-113.20532772900050134,201582049654.60470581
13,-7.9999999992000025983,-10000,-113.20532772900050134,201630417597.35275269
13,-7.9999999992000025983,-10000,-113.20532772900050134,201822220776.44729614
13,-81.664877515116828022,-10000,-113.20532772900050134,205353559843.64007568
13,-8.8642659270914130332,-10000,-113.20532772900050134,201864056741.79269409
13,-8.8642659270914130332,-10000,-113.20532772900050134,202061018925.88223267
14,0,0,0,74463087585.713363647
14,-10000,-10000,-10000,200294701256.20532227
14,-81.664877515116828022,-10000,-10000,259568216451.73413086
14,-81.664877515116828022,-10000,-113.20532772900050134,149376837637.99642944
14,-81.664877515116828022,-10000,-81.517915973028550525,199189346450.88388062
14,-7.9999999992000025983,-10000,-81.517915973028550525,195577973844.62869263
14,-8.8642659270914130332,-10000,-81.517915973028550525,195620845554.97253418
14,-8.8642659270914130332,-10000,-124.92001019122994876,196111988629.45349121
14,-7.9999999992000025983,-10000,-113.20532772900050134,195952007639.76815796
14,-8.8642659270914130332,-10000,-113.20532772900050134,195995216872.27807617
14,-7.9999999992000025983,-9996.7685702177004714,-113.20532772900050134,196200312942.13946533
14,-81.664877515116828022,-10000,-113.20532772900050134,200050405264.58639526
14,-7.9999999992000025983,-10000,-113.20532772900050134,196439032658.33132935
14,-81.664877515116828022,-10000,-113.20532772900050134,200050405264.58673096
14,-8.8642659270914130332,-10000,-113.20532772900050134,196481590276.44839478
14,-8.8642659270914130332,-10000,-113.20532772900050134,196678552460.53799438
15,0,0,0,73916977878.047363281
15,-10000,-10000,-10000,211127238866.40740967
15,-81.664877515116828022,-10000,-10000,260577636442.57885742
15,-81.664877515116828022,-10000,-113.20532772900050134,147111117768.47857666
15,-81.664877515116828022,-10000,-81.517915973028550525,196943922635.5211792
15,-7.9999999992000025983,-10000,-81.517915973028550525,193260201977.11157227
15,-8.8642659270914130332,-10000,-81.517915973028550525,193303922503.85928345
15,-8.8642659270914130332,-10000,-124.92001019122994876,193778650177.59747314
15,-7.9999999992000025983,-10000,-113.20532772900050134,193613939718.09579468
15,-8.8642659270914130332,-10000,-113.20532772900050134,193657997767.00961304
15,-7.9999999992000025983,-9996.7685702177004714,-150.94929266383695676,194315710044.46115112
15,-81.664877515116828022,-10000,-113.20532772900050134,197784685395.06851196
15,-7.9999999992000025983,-10000,-113.20532772900050134,194100964736.65896606
15,-81.664877515116828022,-10000,-113.20532772900050134,197784685395.06845093
15,-8.8642659270914130332,-10000,-113.20532772900050134,194144371171.17990112
15,-8.8642659270914130332,-10000,-113.20532772900050134,194341333355.26950073
16,0,0,0,73353686086.734115601
16,-10000,-10000,-10000,215646061566.06588745
16,-81.664877515116828022,-10000,-10000,257896984330.0758667
16,-81.664877515116828022,-10000,-113.20532772900050134,143084917602.62576294
16,-81.664877515116828022,-10000,-81.517915973028550525,192941128732.43728638
16,-7.9999999992000025983,-10000,-81.517915973028550525,189204126327.30154419
16,-8.8642659270914130332,-10000,-81.517915973028550525,189248284432.57928467
16,-8.8642659270914130332,-10000,-124.92001019122994876,189701200158.8656311
16,-7.9999999992000025983,-7499.5600000000022192,-125.43526618171799214,162274312606.90228271
16,-8.8642659270914130332,-9130.3862801455597946,-114.5272433391964455,180153590720.54290771
16,-7.9999999992000025983,-9996.7685702177004714,-150.94929266383695676,190242421366.70013428
16,-81.664877515116828022,-10000,-113.20532772900050134,193758485229.21566772
16,-7.9999999992000025983,-10000,-113.20532772900050134,190021482824.07998657
16,-81.664877515116828022,-7499.5600000000013097,-81.517915973028550525,165788165012.01116943
16,-8.8642659270914130332,-9025,-113.20532772900050134,179348809948.82565308
16,-8.8642659270914130332,-10000,-113.20532772900050134,190262289021.22061157
17,0,0,0,72798846541.857528687
17,-10000,-10000,-10000,223306654407.67697144
17,-81.664877515116828022,-10000,-10000,256604862379.36178589
17,-81.664877515116828022,-10000,-113.20532772900050134,139738125314.74356079
17,-81.664877515116828022,-10000,-81.517915973028550525,189615664321.47314453
17,-73.702551957392941517,-113.10577079244353627,-113.20532772900050134,81057741020.388427734
17,-24.033736281300800641,-7499.5600000000013097,-122.34225976374966649,159673828084.40188599
17,-7.999999999200000822,-10000,-125.43526618171799214,186251661626.42520142
17,-73.70239435080905821,-7499.5600000000022192,-125.43526618171799214,162938711963.23861694
17,-66.516553141547134942,-9130.3862801455597946,-114.5272433391964455,179955282917.92425537
17,-73.702551957392941517,-9996.7685702177004714,-150.94929266383695676,190230278011.33483887
17,-81.664877515116828022,-10000,-113.20532772900050134,190411692941.33349609
17,-7.9999999992000025983,-9025,-81.517915973028550525,175667215538.08502197
17,-81.664877515116828022,-7499.5600000000013097,-81.517915973028550525,163145436095.49707031
17,-73.674515464014106669,-9025,-113.20532772900050134,179548554737.90844727
17,-73.702551957392941517,-10000,-113.20532772900050134,190197261293.06967163
18,0,0,0,72172534659.508422852
18,-10000,-10000,-10000,225640115533.73446655
18,-81.664877515116828022,-10000,-10000,254138673630.6449585
18,-81.664877515116828022,-239.35081160810554479,-150.94929266383692834,78765302649.597106934
18,-81.664877515116828022,-10000,-81.517915973028550525,185400927715.65194702
18,-81.664877515116828022,-113.10577079244353627,-113.20532772900050134,80624589014.889907837
18,-26.630178705042439447,-7499.5600000000013097,-122.34225976374966649,156447021419.16003418
18,-7.9999999992000025983,-10000,-125.43526618171799214,182039069829.88446045
18,-81.664702881782886834,-7499.5600000000022192,-125.43526618171799214,159969095119.79602051
18,-73.702551957392941517,-9130.3862801455597946,-114.5272433391964455,176386579588.20193481
18,-81.664877515116828022,-9996.7685702177004714,-150.94929266383695676,186407132682.88980103
18,-81.664877515116828022,-10000,-113.20532772900050134,186170705189.98306274
18,-7.9999999992000025983,-9025,-81.517915973028550525,171814181802.2946167
18,-81.664877515116828022,-7499.5600000000013097,-81.517915973028550525,159789920476.42895508
18,-81.633812148492083338,-9025,-113.20532772900050134,176052879708.58963013
18,-81.664877515116828022,-10000,-113.20532772900050134,186366693974.52755737
19,0,0,0,71410697982.357574463
19,-10000,-10000,-10000,219113750822.98699951
19,-81.664877515116828022,-10000,-10000,242812659045.12322998
19,-81.664877515116828022,-239.35081160810554479,-150.94929266383692834,77543361726.96295166
19,-81.664877515116828022,-10000,-81.517915973028550525,177330212137.44348145
19,-81.664877515116884865,-113.10577079244353627,-113.20532772900050134,79506056300.664398193
19,-7.9999999992000025983,-10000,-125.43526618171799214,174081011004.8430481
19,-73.702551957392941517,-9025,-124.24383679154037452,167634410739.80056763
19,-81.664702881782886834,-7499.5600000000022192,-125.43526618171799214,153576848055.21286011
19,-73.702551957392941517,-9130.3862801455597946,-114.5272433391964455,168887608797.05801392
19,-81.664877515116842233,-9996.7685702177004714,-150.94929266383695676,178298987206.76855469
19,-81.664877515116828022,-10000,-113.20532772900050134,178073738466.24520874
19,-7.9999999992000025983,-9025,-81.517915973028550525,164544140193.99511719
19,-81.664877515116828022,-7499.5600000000013097,-81.517915973028550525,153428851476.00747681
19,-81.633812148492083338,-9025,-113.20532772900050134,168612801355.56741333
19,-81.664877515116828022,-10000,-113.20532772900050134,178269727250.78970337
20,0,0,0,70670954483.624481201
20,-10000,-10000,-10000,221310437076.93624878
20,-81.664877515116828022,-10000,-10000,236765387094.47314453
20,-81.664877515116828022,-239.35081160810554479,-150.94929266383692834,76489630553.243759155
20,-81.664877515116828022,-10000,-81.517915973028550525,172705267823.7644043
20,-81.664877515116870654,-113.10577079244353627,-113.20532772900050134,78504550682.224273682
20,-7.9999999992000034865,-10000,-125.43526618171799214,169528231101.20474243
20,-73.702551957392941517,-9025,-124.24383679154037452,163338268335.88317871
20,-81.664702881782886834,-7499.5600000000022192,-125.43526618171799214,149838819937.25378418
20,-73.702551957392941517,-9130.3862801455597946,-114.5272433391964455,164555533101.07785034
20,-81.664877515116842233,-9996.7685702177004714,-150.94929266383695676,173647537764.68624878
20,-81.664877515116828022,-10000,-113.20532772900050134,173426626077.11264038
20,-7.9999999992000025983,-9025,-81.517915973028550525,160361599758.47320557
20,-81.664877515116828022,-7499.5600000000013097,-81.517915973028550525,149714862835.98547363
20,-81.633812148492083338,-9025,-113.20532772900050134,164311914016.41174316
20,-81.664877515116828022,-10000,-113.20532772900050134,173622614861.65713501
21,0,0,0,69540524513.861297607
21,-10000,-10000,-10000,220196551465.21679688
21,-81.664877515116828022,-10000,-10000,228203340148.5831604
21,-81.664877515116828022,-239.35081160810554479,-150.94929266383692834,74861910909.064651489
21,-81.664877515116828022,-10000,-81.517915973028550525,167838334350.24981689
21,-81.664877515116856443,-113.10577079244353627,-113.20532772900050134,76934359032.363754272
21,-7.9999999992000034865,-10000,-125.43526618171799214,164889060222.75674438
21,-81.250137250457456162,-9985.1965386672218301,-125.43526618171799214,167979352896.46115112
21,-81.664702881782886834,-7499.5600000000022192,-125.43526618171799214,145780025478.75466919
21,-81.664877515116828022,-9025,-113.20532772900050134,159380868197.8989563
21,-81.664877515116842233,-9996.7685702177004714,-150.94929266383695676,168743481217.41726685
21,-81.664877515116828022,-10000,-113.20532772900050134,168536581147.33297729
21,-7.9999999992000025983,-9025,-81.517915973028550525,156074688169.57000732
21,-81.664877515116828022,-7499.5600000000013097,-81.517915973028550525,145684545444.39007568
21,-81.633812148492083338,-9025,-113.20532772900050134,159745738785.07058716
21,-81.664877515116828022,-10000,-113.20532772900050134,168732569931.87750244
22,0,0,0,68610956991.221199036
22,-10000,-10000,-10000,219661637693.14367676
22,-81.664877515116828022,-10000,-10000,223540230111.16003418
22,-81.664877515116828022,-239.35081160810554479,-150.94929266383692834,73408067053.159698486
22,-81.664877515116828022,-10000,-81.517915973028550525,164447106727.15975952
22,-81.664877515116856443,-113.10577079244353627,-113.20532772900050134,75513642548.934997559
22,-7.9999999992000025983,-10000,-125.43526618171797793,161755253421.36941528
22,-11.611453923657714782,-7499.5600000000013097,-7499.5600000000013097,183919142525.11831665
22,-81.664702881782886834,-7499.5600000000022192,-125.43526618171799214,142863633344.64620972
22,-81.664877515116828022,-9025,-113.20532772900050134,156159560319.19995117
22,-81.664877515116842233,-9996.7685702177004714,-150.94929266383695676,165318470171.14285278
22,-81.664877515116828022,-10000,-113.20532772900050134,165118306401.15371704
22,-7.9999999992000025983,-9025,-81.517915973028550525,153168145545.0355835
22,-81.664877515116828022,-7499.5600000000013097,-81.517915973028550525,142798449958.86151123
22,-81.633812148492040706,-9025,-113.20532772900048712,156524548454.18612671
22,-81.664877515116828022,-10000,-113.20532772900050134,165314295185.69824219
23,0,0,0,66623249231.379676819
23,-10000,-10000,-10000,210529769511.88964844
23,-81.664877515116828022,-10000,-10000,209844964251.04040527
23,-81.664877515116828022,-239.35081160810554479,-150.94929266383692834,70860181937.669036865
23,-81.664877515116828022,-10000,-81.517915973028550525,154145881643.75009155
23,-81.664877515116856443,-113.10577079244353627,-113.20532772900050134,73079751055.143005371
23,-7.9999999992000025983,-10000,-125.43526618171799214,151650449032.80667114
23,-11.611453923657714782,-7499.5600000000013097,-7499.5600000000013097,173256091127.81533813
23,-81.664702881782886834,-7499.5600000000022192,-125.43526618171799214,134513222086.38656616
23,-81.664877515116828022,-9025,-113.20532772900050134,146592337186.33383179
23,-81.664877515116842233,-9996.7685702177004714,-150.94929266383695676,154980291778.41921997
23,-81.664877515116828022,-10000,-113.20532772900050134,154790550106.0362854
23,-7.9999999992000025983,-9025,-81.517915973028550525,143854599279.0977478
23,-81.664877515116828022,-7499.5600000000013097,-81.517915973028550525,134478763122.49349976
23,-81.585549028330646593,-7510.241049116953036,-113.20532772900050134,134787880333.86585999
23,-81.664877515116828022,-10000,-113.20532772900050134,154986538890.58084106
24,0,0,0,65689100460.082427979
24,-10000,-10000,-10000,205387547477.52578735
24,-81.664877515116828022,-10000,-10000,198958083558.26797485
24,-81.664877515116828022,-239.35081160810554479,-150.94929266383692834,69474309785.027008057
24,-81.664877515116828022,-10000,-81.517915973028550525,146492040882.26358032
24,-81.664877515116856443,-113.10577079244353627,-113.20532772900050134,71788122232.95602417
24,-7.9999999992000025983,-10000,-125.43526618171799214,144118694068.09921265
24,-11.611453923657714782,-7499.5600000000013097,-7499.5600000000013097,164896842912.88446045
24,-81.664702881782886834,-7499.5600000000022192,-125.43526618171799214,128433116927.54150391
24,-81.664877515116828022,-9367.6211147445756069,-7499.5600000000013097,181539496069.87664795
24,-81.664877515116842233,-9996.7685702177004714,-150.94929266383695676,147290939011.77993774
24,-81.664877515116828022,-10000,-113.20532772900050134,147111578463.73446655
24,-7.9999999992000025983,-9025,-81.517915973028550525,136966821748.78924561
24,-81.664877515116828022,-7499.5600000000013097,-81.517915973028550525,128427812478.58044434
24,-81.585549028330646593,-7510.241049116953036,-113.20532772900050134,128705043281.63926697
24,-81.664877515116828022,-10000,-113.20532772900050134,147307567248.27902222
25,0,0,0,65228223896.542541504
25,-10000,-10000,-10000,211719982435.09170532
25,-81.664877515116828022,-10000,-10000,200180010488.54827881
25,-81.664877515116828022,-239.35081160810554479,-150.94929266383692834,68899881625.587234497
25,-81.664877515116828022,-10000,-81.517915973028550525,145849607469.21099854
25,-81.664877515116856443,-113.10577079244353627,-113.20532772900050134,71207930097.948074341
25,-8.0911232548162441702,-10000,-125.43526618171799214,143419558141.33724976
25,-11.611453923657714782,-7499.5600000000013097,-7499.5600000000013097,165626821614.88742065
25,-81.664702881782886834,-7499.5600000000022192,-125.43526618171799214,127789342179.01724243
25,-81.664877515116828022,-9367.6211147445756069,-7499.5600000000013097,182288982575.51678467
25,-81.664877515116842233,-9996.7685702177004714,-150.94929266383695676,146629867873.37631226
25,-81.664877515116828022,-10000,-113.20532772900050134,146443262413.28219604
25,-7.9999999992000025983,-9025,-81.517915973028550525,136295183424.53033447
25,-81.664877515116828022,-7499.5600000000013097,-81.517915973028550525,127807582231.94744873
25,-63.094031212683930221,-10000,-7499.5600000000013097,186616566503.34835815
25,-81.664877515116828022,-10000,-113.20532772900050134,146639251197.82669067
26,0,0,0,64165800837.031730652
26,-10000,-10000,-10000,214633021906.87710571
26,-81.664877515116828022,-10000,-10000,198001416590.29052734
26,-81.664877515116828022,-201.94562285895102605,-113.20532772900050134,66824819001.677871704
26,-81.664877515116828022,-10000,-81.517915973028550525,141810106194.19845581
26,-81.664877515116856443,-113.10577079244353627,-113.20532772900050134,69662249401.272644043
26,-7.9999999992000025983,-10000,-113.20532772900050134,139563412245.92883301
26,-11.611453923657714782,-7499.5600000000013097,-7499.5600000000013097,163864112172.81866455
26,-81.664877515116828022,-7499.5600000000013097,-125.4168834798959864,124350454810.75204468
26,-81.664877515116828022,-9367.6211147445756069,-7499.5600000000013097,179784878296.13256836
26,-81.664877515116842233,-10000,-113.20532772900050134,142377878500.86993408
26,-81.664877515116828022,-10000,-113.20532772900050134,142377878500.8699646
26,-7.9999999992000025983,-9025,-81.517915973028550525,132772386649.4800415
26,-81.664877515116828022,-7499.5600000000013097,-81.517915973028550525,124394311894.50514221
26,-63.094031212683930221,-10000,-7499.5600000000013097,184030885364.82571411
26,-81.664877515116828022,-10000,-113.20532772900050134,142573867285.41442871
27,0,0,0,57491679680.154647827
27,-10000,-10000,-10000,190288850420.78286743
27,-81.664877515116828022,-10000,-10000,176953078495.03186035
27,-9025,-10000,-81.517915973028550525,138823073155.70953369
27,-81.664877515116828022,-10000,-81.517915973028550525,126413339825.22137451
27,-81.664877515116856443,-113.10577079244353627,-113.20532772900050134,62475136538.960044861
27,-7.9999999992000025983,-10000,-113.20532772900050134,124428948258.32124329
27,-11.611453923657714782,-7499.5600000000013097,-7499.5600000000013097,146507142851.97390747
27,-81.664877515116828022,-7499.5600000000013097,-125.4168834798959864,110945228440.40686035
27,-81.664877515116828022,-9367.6211147445756069,-7499.5600000000013097,160631902428.57861328
27,-81.664877515116842233,-10000,-113.20532772900050134,126953961826.52732849
27,-61.245064881726968053,-7499.5600000000013097,-105.19135813850046191,110173955118.38360596
27,-7.9999999992000025983,-9025,-81.517915973028550525,118443596993.8873291
27,-81.664877515116828022,-7499.5600000000013097,-81.517915973028550525,111023235735.47796631
27,-63.094031212683930221,-10000,-7499.5600000000013097,164445934446.07434082
27,-81.664877515116828022,-10000,-113.20532772900050134,127149950611.07182312
28,0,0,0,47147808126.452033997
28,-10000,-10000,-10000,169367824862.3631897
28,-81.664877515116828022,-10000,-10000,151905472237.38537598
28,-9025,-10000,-81.517915973028550525,124491020343.92018127
28,-81.664877515116828022,-10000,-81.517915973028550525,108370912915.04945374
28,-81.664877515116856443,-113.10577079244353627,-113.20532772900050134,51624082756.161849976
28,-7.9999999992000025983,-10000,-113.20532772900050134,106647581950.7490387
28,-11.611453923657714782,-7499.5600000000013097,-7499.5600000000013097,125323412226.7918396
28,-81.664877515116828022,-7499.5600000000013097,-125.4168834798959864,94692434293.146636963
28,-81.664877515116828022,-9367.6211147445756069,-7499.5600000000013097,137810549442.18115234
28,-81.664877515116842233,-10000,-113.20532772900050134,108884620456.19290161
28,-61.245064881726968053,-7499.5600000000013097,-105.19135813850046191,94016413277.782470703
28,-7.9999999992000025983,-9025,-81.517915973028550525,101400531823.2624054
28,-81.664877515116828022,-7499.5600000000013097,-81.517915973028550525,94805975168.483535767
28,-63.094031212683930221,-10000,-7499.5600000000013097,141235778764.93438721
28,-81.664877515116828022,-10000,-113.20532772900050134,109080609240.7374115
29,0,0,0,38525777319.496528625
29,-81.664877515116828022,-10000,-10000,129533746180.32537842
29,-81.664877515116828022,-10000,-10000,129533746180.32533264
29,-81.664877515116828022,-10000,-81.517915973028550525,91636270026.900009155
29,-81.664877515116828022,-10000,-81.517915973028550525,91636270026.90007019
29,-81.664877515116856443,-113.10577079244353627,-113.20532772900050134,42491612141.345680237
29,-7.9999999992000025983,-10000,-113.20532772900050134,90175008610.449859619
29,-11.611453923657714782,-7499.5600000000013097,-7499.5600000000013097,106551038681.37358093
29,-81.664877515116828022,-7499.5600000000013097,-125.4168834798959864,79829307357.538009644
29,-81.664877515116828022,-9367.6211147445756069,-7499.5600000000013097,117333193313.9677124
29,-81.664877515116842233,-10000,-113.20532772900050134,92122871483.653564453
29,-61.245064881726968053,-7499.5600000000013097,-105.19135813850046191,79247229884.065246582
29,-7.9999999992000025983,-9025,-81.517915973028550525,85688292773.615509033
29,-81.664877515116828022,-7499.5600000000013097,-81.517915973028550525,79976883413.114334106
29,-63.094031212683930221,-10000,-7499.5600000000013097,120355756325.37478638
29,-81.664877515116828022,-10000,-113.20532772900050134,92318860268.198074341
30,0,0,0,33766038457.295776367
30,-81.664877515116828022,-10000,-10000,116901661845.12608337
30,-81.664877515116828022,-10000,-10000,116901661845.12608337
30,-81.664877515116828022,-10000,-81.517915973028550525,84587227123.870025635
30,-81.664877515116828022,-10000,-81.517915973028550525,84587227123.869934082
30,-81.664877515116856443,-113.10577079244353627,-113.20532772900050134,37422749482.824012756
30,-7.9999999992000025983,-10000,-113.20532772900050134,83230721858.409637451
30,-11.611453923657714782,-7499.5600000000013097,-7499.5600000000013097,95949238974.574874878
30,-81.664877515116828022,-7499.5600000000013097,-125.4168834798959864,73253962793.528961182
30,-81.664877515116828022,-9367.6211147445756069,-7499.5600000000013097,106218104305.34759521
30,-81.664877515116828022,-10000,-113.20532772900050134,85046840418.835037231
30,-61.245064881726968053,-7499.5600000000013097,-105.19135813850046191,72722041637.680206299
30,-7.9999999992000025983,-9025,-81.517915973028550525,78968915376.159515381
30,-81.664877515116828022,-7499.5600000000013097,-81.517915973028550525,73435420066.304168701
30,-63.094031212683930221,-10000,-7499.5600000000013097,109143488935.80271912
30,-81.664877515116828022,-10000,-113.20532772900050134,85242829203.379577637
31,0,0,0,30052477305.259792328
31,-81.664877515116828022,-10000,-10000,100053960292.97879028
31,-81.664877515116828022,-10000,-10000,100053960292.97871399
31,-81.664877515116828022,-10000,-81.517915973028550525,73488669850.816802979
31,-81.664877515116828022,-10000,-81.517915973028550525,73488669850.816680908
31,-81.664877515116842233,-113.10577079244353627,-113.20532772900050134,33222176228.231136322
31,-7.9999999992000025983,-10000,-113.20532772900050134,72380425115.13230896
31,-11.611453923657714782,-7499.5600000000013097,-7499.5600000000013097,82421000750.692443848
31,-81.664877515116828022,-7499.5600000000013097,-125.4168834798959864,63790104003.855377197
31,-81.664877515116828022,-9367.6211147445756069,-7499.5600000000013097,91170298843.507583618
31,-81.664877515116828022,-10000,-113.20532772900050134,73922341547.081481934
31,-7.9999999992000025983,-113.20532772900050134,-81.517915973028550525,32236980863.374435425
31,-7.9999999992000025983,-9025,-81.517915973028550525,68774565515.965240479
31,-81.664877515116828022,-7499.5600000000013097,-81.517915973028550525,64004664666.849746704
31,-63.094031212683923115,-10000,-7499.5600000000013097,93750711693.438842773
31,-81.664877515116828022,-10000,-113.20532772900050134,74118330331.626052856
32,0,0,0,23468164612.902347565
32,-81.664877515116828022,-10000,-10000,80223923382.069091797
32,-81.664877515116828022,-10000,-10000,80223923382.069030762
32,-81.664877515116828022,-10000,-81.517915973028550525,58649774075.69430542
32,-81.664877515116828022,-10000,-81.517915973028550525,58649774075.694244385
32,-81.664877515116842233,-113.10577079244353627,-113.20532772900050134,26151621551.617462158
32,-7.9999999992000025983,-10000,-113.20532772900050134,57792493864.832527161
32,-11.611453923657714782,-7499.5600000000013097,-7499.5600000000013097,66002181287.901878357
32,-81.664877515116828022,-7499.5600000000013097,-125.4168834798959864,50812824228.850021362
32,-81.664877515116828022,-9367.6211147445756069,-7499.5600000000013097,73066152986.800003052
32,-81.664877515116828022,-10000,-113.20532772900050134,59058403333.094894409
32,-7.9999999992000025983,-113.20532772900050134,-81.517915973028550525,25467395693.490833282
32,-7.9999999992000025983,-9025,-81.517915973028550525,54936213035.301780701
32,-81.664877515116828022,-7499.5600000000013097,-81.517915973028550525,51058561147.897323608
32,-63.094031212683923115,-10000,-7499.5600000000013097,75246038120.910614014
32,-81.664877515116828022,-10000,-113.20532772900050134,59254392117.639442444
33,0,0,0,19474570727.892032623
33,-81.664877515116828022,-10000,-10000,61956310169.027992249
33,-81.664877515116828022,-10000,-10000,61956310169.027984619
33,-81.664877515116828022,-10000,-81.517915973028550525,46388650178.777587891
33,-81.664877515116828022,-10000,-81.517915973028550525,46388650178.777519226
33,-81.664877515116842233,-113.10577079244353627,-113.20532772900050134,21822325906.72435379
33,-7.9999999992000025983,-10000,-113.20532772900050134,45614027149.80606842
33,-11.611453923657714782,-7499.5600000000013097,-7499.5600000000013097,51333567488.469963074
33,-81.664877515116828022,-7499.5600000000013097,-125.4168834798959864,40522242794.295288086
33,-81.664877515116828022,-9367.6211147445756069,-7499.5600000000013097,56790793598.740158081
33,-81.664877515116828022,-10000,-113.20532772900050134,46769657440.406944275
33,-7.9999999992000025983,-113.20532772900050134,-81.517915973028550525,21275920156.856464386
33,-7.9999999992000025983,-9025,-81.517915973028550525,43561372694.987388611
33,-81.664877515116828022,-7499.5600000000013097,-81.517915973028550525,40803024717.177833557
33,-63.094031212683923115,-10000,-7499.5600000000013097,58495061604.101844788
33,-81.664877515116828022,-10000,-113.20532772900050134,46965646224.951522827
34,0,0,0,16409340045.85890007
34,-81.664877515116828022,-10000,-10000,45940614358.880714417
34,-7.9999999992000025983,-10000,-113.20532772900050134,35361021963.185188293
34,-81.664877515116828022,-10000,-81.517915973028550525,35882648732.016242981
34,-81.664877515116828022,-10000,-81.517915973028053145,35882648732.016136169
34,-81.664877515116842233,-113.10577079244353627,-113.20532772900050134,18260756463.54492569
34,-7.9999999992000105919,-82.042994270354284936,-10000,27244263136.743629456
34,-11.611453923657714782,-7499.5600000000013097,-7499.5600000000013097,38689080191.433280945
34,-81.664877515116828022,-7499.5600000000013097,-125.4168834798959864,31702297166.042884827
34,-81.664877515116828022,-9367.6211147445756069,-7499.5600000000013097,42588204706.01815033
34,-81.664877515116828022,-10000,-113.20532772900050134,36236947898.035736084
34,-7.9999999992000025983,-113.20532772900050134,-81.517915973028550525,18020691429.652008057
34,-7.9999999992000025983,-9025,-81.517915973028550525,33995772091.60824585
34,-81.664877515116828022,-7499.5600000000013097,-81.517915973028550525,32016562905.214584351
34,-63.094031212683923115,-10000,-7499.5600000000013097,43934296082.534347534
34,-81.664877515116828022,-10000,-113.20532772900050134,36432936682.580329895
35,0,0,0,14522436907.737882614
35,-81.664877515116828022,-10000,-10000,32396229367.69234848
35,-7.9999999992000025983,-10000,-113.20532772900050134,27353586024.872425079
35,-81.664877515116828022,-10000,-81.517915973028550525,27662738580.547664642
35,-81.664877515116828022,-113.20532772900050134,-81.517915973028550525,15907512899.450853348
35,-81.664877515116828022,-82.042994270354270725,-10000,20042186376.778709412
35,-7.9999999992000105919,-82.042994270354270725,-10000,19871422773.29460907
35,-7.9999999992000025983,-6771.2927244733582484,-9025,27737347283.622150421
35,-81.664877515116828022,-7502.6530375635784367,-125.43526618171921427,24830553352.921367645
35,-81.664877515116828022,-9219.6040810639715346,-6914.2973982184121269,30102735410.867420197
35,-81.664877515116828022,-10000,-113.20532772900050134,27990108546.079593658
35,-7.9999999992000025983,-113.20532772900050134,-81.517915973028550525,15946928832.316335678
35,-7.9999999992000025983,-10000,-81.517915973028550525,27709166501.887542725
35,-81.664877515116828022,-7499.5600000000013097,-81.517915973028550525,25174874260.647853851
35,-74.423521935749960221,-10000,-9025,32394183490.208499908
35,-81.664877515116828022,-10000,-113.20532772900050134,28186097330.624183655
36,0,0,0,12955451448.306354523
36,-81.664877515116828022,-10000,-10000,24652004579.292140961
36,-7.9999999992000025983,-10000,-113.20532772900050134,22287446876.980209351
36,-81.664877515116828022,-10000,-81.517915973028550525,22463413315.740123749
36,-81.664877515116828022,-113.20532772900050134,-81.517915973028550525,14025834198.439277649
36,-7.9999999992000105919,-82.042994270354270725,-10000,15674501688.901571274
36,-2.9999999987999999007,-113.20532772900050134,-113.20532772900050134,13779140468.407360077
36,-7.9999999992000025983,-7499.5600000000013097,-10000,22285108439.188926697
36,-81.664877515116828022,-7502.6530375635784367,-125.43526618171799214,20441171239.492534637
36,-81.664877515116828022,-7502.6530375635784367,-125.43526618171799214,20502930915.11233902
36,-81.664877515116828022,-10000,-113.20532772900050134,22765976687.610778809
36,-7.9999999992000025983,-113.20532772900050134,-81.517915973028550525,14223242841.881378174
36,-7.9999999992000025983,-10000,-81.517915973028550525,22667833947.656639099
36,-81.664877515116828022,-7499.5600000000013097,-81.517915973028550525,20814546416.255252838
36,-81.664877515116828022,-10000,-10000,25098028234.609642029
36,-81.664877515116828022,-10000,-113.20532772900050134,22961965472.155380249
37,0,0,0,12272201330.987831116
37,-81.664877515116828022,-10000,-10000,21176254063.488227844
37,-7.9999999992000017102,-10000,-113.20532772900050134,19224226393.516151428
37,-81.664877515116828022,-10000,-81.517915973028550525,19288592121.510780334
37,-81.664877515116828022,-113.20532772900050134,-81.517915973028550525,13047033106.106416702
37,-7.9999999992000025983,-82.042994270354270725,-10000,14657035338.856487274
37,-2.9999999987999999007,-113.20532772900050134,-113.20532772900050134,12930727909.532554626
37,-7.9999999992000017102,-7499.5600000000013097,-10000,19518506363.04800415
37,-81.664877515116828022,-7499.5600000000013097,-113.20532772900050134,17784816561.081001282
37,-81.664877515116828022,-7499.5600000000013097,-113.20532772900050134,17846652727.873031616
37,-81.664877515116828022,-10000,-113.20532772900050134,19566024612.566085815
37,-7.9999999992000025983,-113.20532772900050134,-81.517915973028550525,13381173341.129165649
37,-7.9999999992000025983,-10000,-81.517915973028550525,19629744345.007911682
37,-81.664877515116828022,-7499.5600000000013097,-81.517915973028550525,18188683120.904067993
37,-81.664877515116828022,-10000,-10000,21622277718.805744171
37,-81.664877515116828022,-10000,-113.20532772900050134,19762013397.110683441
38,0,0,0,11605049358.090000153
38,-7.9999999992000017102,-10000,-113.20532772900050134,12818862208.220594406
38,-7.9999999992000017102,-82.042994270354270725,-81.517915973028550525,12104819304.53692627
38,-7.9999999992000017102,-10000,-81.517915973028550525,12815185096.650653839
38,-7.9999999992000025983,-113.20532772900050134,-81.517915973028550525,12110044031.832321167
38,-7.9999999992000025983,-7.9999999992000017102,-113.20532772900050134,12103125597.183017731
38,-2.9999999987999999007,-113.20532772900050134,-113.20532772900050134,12080970672.138647079
38,-7.9999999992000025983,-113.20532772900050134,-113.20532772900050134,12114554574.914495468
38,-7.9999999992000025983,-10000,-113.20532772900050134,12824250766.80688858
38,-7.9999999992000025983,-113.20532772900050134,-113.20532772900050134,12359056136.396894455
38,-7.9999999992000025983,-10000,-113.20532772900050134,13068897078.993501663
38,-7.9999999992000025983,-113.20532772900050134,-81.517915973028550525,12535940469.274053574
38,-7.9999999992000025983,-10000,-81.517915973028550525,13248093522.566766739
38,-7.9999999992000025983,-113.20532772900050134,-81.517915973028550525,12553202425.618282318
38,-7.9999999992000025983,-10000,-113.20532772900050134,13264885863.538082123
38,-7.9999999992000025983,-113.20532772900050134,-113.20532772900050134,12556879537.188247681
39,0,0,0,11444668208.719352722
39,-7.9999999992000017102,-7.9999999992000017102,-81.517915973028550525,11866834198.815788269
39,-7.9999999992000017102,-7.9999999992000017102,-81.517915973028550525,11866834198.815790176
39,-7.9999999992000017102,-7.9999999992000017102,-81.517915973028550525,11866834198.815793991
39,-7.9999999992000025983,-7.9999999992000017102,-81.517915973028550525,11869699460.347297668
39,-7.9999999992000025983,-7.9999999992000017102,-81.517915973028550525,11869699460.347295761
39,-2.9999999987999999007,-7.9999999992000025983,-81.517915973028550525,11843791299.988002777
39,-7.9999999992000017102,-7.9999999992000025983,-81.517915973028550525,11870532891.859527588
39,-7.9999999992000017102,-7.9999999992000025983,-81.517915973028550525,11872222757.402084351
39,-7.9999999992000017102,-7.9999999992000025983,-81.517915973028550525,12115034453.341926575
39,-7.9999999992000017102,-7.9999999992000025983,-81.517915973028550525,12116869069.588695526
39,-7.9999999992000017102,-7.9999999992000025983,-81.517915973028550525,12295595897.789031982
39,-7.9999999992000017102,-7.9999999992000025983,-81.517915973028550525,12299742624.731903076
39,-7.9999999992000017102,-7.9999999992000025983,-81.517915973028550525,12312857854.133260727
39,-7.9999999992000017102,-7.9999999992000025983,-81.517915973028550525,12312857854.133274078
39,-7.9999999992000017102,-7.9999999992000025983,-81.517915973028550525,12312857854.133277893
40,0,0,0,11345303152.472249985
40,-7.9999999992000017102,-7.9999999992000017102,-81.517915973028550525,11706909431.428049088
40,-7.9999999992000017102,-7.9999999992000017102,-81.517915973028550525,11706909431.428050995
40,-7.9999999992000017102,-7.9999999992000017102,-81.517915973028550525,11706909431.428037643
40,-7.9999999992000025983,-7.9999999992000025983,-81.517915973028550525,11709774692.959558487
40,-7.9999999992000025983,-7.9999999992000025983,-81.517915973028550525,11709774692.959560394
40,-2.9999999987999999007,-7.9999999992000017102,-81.517915973028550525,11686494066.876253128
40,-7.9999999992000025983,-7.9999999992000017102,-81.517915973028550525,11710608124.471792221
40,-7.9999999992000025983,-7.9999999992000017102,-81.517915973028550525,11712297990.014348984
40,-7.9999999992000025983,-7.9999999992000017102,-81.517915973028550525,11955109685.954191208
40,-7.9999999992000025983,-7.9999999992000017102,-81.517915973028550525,11956944302.200960159
40,-7.9999999992000025983,-7.9999999992000017102,-81.517915973028550525,12135671130.401296616
40,-7.9999999992000025983,-7.9999999992000017102,-81.517915973028550525,12139817857.344167709
40,-7.9999999992000025983,-7.9999999992000017102,-81.517915973028550525,12152933086.74552536
40,-7.9999999992000025983,-7.9999999992000017102,-81.517915973028550525,12152933086.745538712
40,-7.9999999992000025983,-7.9999999992000017102,-81.517915973028550525,12152933086.745542526
41,0,0,0,11278728981.593338013
41,-7.9999999992000017102,-7.9999999992000017102,-81.517915973028550525,11574062547.594133377
41,-7.9999999992000017102,-7.9999999992000017102,-81.517915973028550525,11574062547.594135284
41,-7.9999999992000025983,-7.9999999992000017102,-81.517915973028550525,11574062547.594133377
41,-7.9999999992000025983,-7.9999999992000017102,-81.517915973028550525,11576927809.125642776
41,-7.9999999992000025983,-7.9999999992000017102,-81.517915973028550525,11576927809.125648499
41,-2.9999999987999999007,-7.9999999992000017102,-81.517915973028550525,11554731292.625974655
41,-7.9999999992000025983,-7.9999999992000025983,-81.517915973028550525,11577761240.637878418
41,-7.9999999992000025983,-7.9999999992000025983,-81.517915973028550525,11579451106.180435181
41,-7.9999999992000025983,-7.9999999992000025983,-81.517915973028550525,11822262802.120277405
41,-7.9999999992000025983,-7.9999999992000025983,-81.517915973028550525,11824097418.367046356
41,-7.9999999992000025983,-7.9999999992000025983,-81.517915973028550525,12002824246.567380905
41,-7.9999999992000025983,-7.9999999992000025983,-81.517915973028550525,12006970973.510251999
41,-7.9999999992000025983,-7.9999999992000025983,-81.517915973028550525,12020086202.911611557
41,-7.9999999992000025983,-7.9999999992000025983,-81.517915973028550525,12020086202.911624908
41,-7.9999999992000025983,-7.9999999992000025983,-81.517915973028550525,12020086202.911628723
42,0,0,0,11187076696.53944397
42,-7.9999999992000017102,-7.9999999992000017102,-81.517915973028550525,11443337522.983156204
42,-3.8160000000000011688,-7.9999999992000017102,-75.267598855133769575,11425754780.222278595
42,-3.8160000000000011688,-7.9999999992000017102,-81.517915973028550525,11442835058.443429947
42,-7.9999999992000017102,-7.9999999992000017102,-81.517915973028550525,11446202784.514665604
42,-7.9999999992000017102,-7.9999999992000017102,-81.517915973028550525,11446202784.514665604
42,-2.9999999987999999007,-7.9999999992000017102,-81.517915973028550525,11438462506.897230148
42,-7.9999999992000025983,-7.9999999992000025983,-81.517915973028550525,11447036216.02690506
42,-7.9999999992000025983,-7.9999999992000025983,-81.517915973028550525,11448726081.569459915
42,-7.9999999992000017102,-7.9999999992000017102,-81.517915973028550525,11691537777.509304047
42,-7.9999999992000017102,-7.9999999992000017102,-81.517915973028550525,11693372393.756071091
42,-7.9999999992000017102,-7.9999999992000017102,-81.517915973028550525,11872099221.95640564
42,-7.9999999992000017102,-7.9999999992000017102,-81.517915973028550525,11876245948.899274826
42,-7.9999999992000052629,-7.9999999992000052629,-81.517915973028550525,11889361178.300638199
42,-7.9999999992000052629,-7.9999999992000052629,-81.517915973028550525,11889361178.300649643
42,-7.9999999992000052629,-7.9999999992000052629,-81.517915973028550525,11889361178.300655365
43,0,0,0,11117468175.62612915
43,-7.9999999992000017102,-7.9999999992000017102,-81.517915973028550525,11336664584.240383148
43,-2.9999999987999999007,-7.9999999992000017102,-74.048607751721306158,11319652152.797311783
43,-3.8160000000000011688,-7.9999999991999999338,-81.517915973028550525,11338431317.898929596
43,-7.9999999992000025983,-7.9999999992000025983,-81.517915973028550525,11339217028.14979744
43,-7.9999999992000017102,-7.9999999992000017102,-81.517915973028550525,11339217028.149801254
43,-2.9999999987999999007,-7.9999999992000017102,-81.517915973028550525,11336410701.8279953
43,-5.0882985135127931642,-7.9999999992000017102,-81.517915973028550525,11339598797.064153671
43,-4.2282548476454300257,-7.9999999992000017102,-81.517915973028550525,11341062854.303863525
43,-7.9999999992000017102,-7.9999999992000017102,-81.517915973028550525,11584864838.766530991
43,-4.2282548476454300257,-7.9999999992000017102,-81.517915973028550525,11585709166.490474701
43,-7.9999999992000017102,-7.9999999992000017102,-81.517915973028550525,11765426283.213630676
43,-4.2282548476454300257,-7.9999999992000017102,-81.517915973028550525,11768582721.633678436
43,-7.9999999992000052629,-7.9999999992000017102,-81.517915973028550525,11782688239.557863235
43,-7.9999999992000052629,-7.9999999992000017102,-81.517915973028550525,11782688239.557876587
43,-7.9999999992000052629,-7.9999999992000017102,-81.517915973028550525,11782688239.557882309
44,0,0,0,11035275995.532873154
44,-7.9999999992000017102,-7.9999999992000017102,-81.517915973028550525,11210568498.073511124
44,-2.6795629704177730268,-7.9999999992000017102,-73.569919165658276938,11194515804.281955719
44,-3.8160000000000011688,-7.9999999991999999338,-81.517915973028550525,11210723063.951904297
44,-7.9999999992000017102,-7.9999999992000017102,-7.9999999992000017102,11100155939.005245209
44,-5.0882985135127940524,-7.999999999200000822,-79.101036306356675709,11209205454.38542366
44,-2.9999999987999999007,-7.9999999992000017102,-81.517915973028550525,11209086989.054170609
44,-5.0882985135127931642,-7.9999999992000017102,-81.517915973028550525,11212380781.805130005
44,-4.2282548476454300257,-7.9999999992000017102,-81.517915973028550525,11213513449.301082611
44,-7.9999999992000017102,-7.9999999992000017102,-81.517915973028550525,11458768752.599660873
44,-4.2282548476454300257,-7.9999999992000017102,-81.517915973028550525,11458159761.487695694
44,-7.9999999992000017102,-7.9999999992000017102,-81.517915973028550525,11639330197.046760559
44,-4.2282548476454300257,-7.9999999992000017102,-81.517915973028550525,11641033316.630897522
44,-7.9999999992000052629,-7.9999999992000052629,-81.517915973028550525,11656592153.390996933
44,-7.9999999992000052629,-7.9999999992000052629,-81.517915973028550525,11656592153.39100647
44,-7.9999999992000052629,-7.9999999992000052629,-81.517915973028550525,11656592153.391012192
45,0,0,0,10967936265.056917191
45,-7.9999999992000017102,-7.9999999992000017102,-81.517915973028550525,11089350090.611774445
45,-2.6795629704177730268,-7.9999999992000017102,-73.569919165658276938,11078680348.400232315
45,-3.8160000000000011688,-7.9999999991999999338,-81.517915973028550525,11089609917.94209671
45,-7.9999999992000017102,-7.9999999992000017102,-7.9999999992000017102,11012472237.907754898
45,-7.9999999992000025983,-7.9999999992000017102,-73.569919165658276938,11085136993.595659256
45,-2.9999999987999999007,-7.9999999992000017102,-81.517915973028550525,11089502845.897676468
45,-7.9999999992000017102,-7.9999999992000017102,-81.517915973028550525,11092237086.717544556
45,-3.8160000000000011688,-7.9999999992000017102,-81.517915973028550525,11092022775.135204315
45,-7.9999999992000017102,-7.9999999992000017102,-81.517915973028550525,11337550345.137924194
45,-3.8160000000000011688,-7.9999999992000017102,-81.517915973028550525,11336614945.233621597
45,-7.9999999992000017102,-7.9999999992000017102,-81.517915973028550525,11518111789.58502388
45,-3.8160000000000011688,-7.9999999992000017102,-81.517915973028550525,11519542642.465021133
45,-7.9999999992000052629,-7.9999999992000025983,-81.517915973028550525,11535373745.929260254
45,-7.9999999992000052629,-7.9999999992000052629,-81.517915973028550525,11535373745.929269791
45,-7.9999999992000052629,-7.9999999992000052629,-81.517915973028550525,11535373745.929269791
46,0,0,0,10907977506.141399384
46,-7.9999999992000017102,-7.9999999992000017102,-81.517915973028550525,10977259513.200889587
46,-2.6795629704177730268,-7.9999999992000017102,-73.569919165658276938,10971266583.752855301
46,-2.9999999987999999007,-7.999999999200000822,-81.517915973028550525,10976481015.395994186
46,-7.9999999992000017102,-7.9999999992000017102,-7.9999999992000017102,10931489594.602025986
46,-3.8160000000000011688,-7.9999999992000017102,-73.569919165658276938,10974081917.52233696
46,-2.9999999987999999007,-7.9999999992000017102,-81.517915973028550525,10978040893.246011734
46,-7.9999999992000017102,-7.9999999992000017102,-81.517915973028550525,10979421607.149032593
46,-3.8160000000000011688,-7.9999999992000017102,-81.517915973028550525,10979020923.43103981
46,-3.8160000000000011688,-7.9999999992000017102,-81.517915973028550525,11223613093.529455185
46,-7.9999999992000025983,-7.9999999992000025983,-81.517915973028550525,11224013777.247444153
46,-7.9999999992000017102,-7.9999999992000017102,-81.517915973028550525,11406021212.174137115
46,-2.9999999987999999007,-7.9999999992000017102,-81.517915973028550525,11406508755.505661011
46,-7.9999999992000052629,-7.9999999992000025983,-81.517915973028550525,11423283168.518373489
46,-7.9999999992000025983,-7.9999999992000017102,-81.517915973028550525,11423283168.518367767
46,-7.9999999992000025983,-7.9999999992000017102,-81.517915973028550525,11423283168.518367767
47,0,0,0,10856187076.084814072
47,-2.9999999987999999007,-7.9999999992000017102,-81.517915973028550525,10892308584.691371918
47,-0.03599999999999999728,-3.8160000000000011688,-7.9999999992000017102,10862157990.782835007
47,-2.9999999987999999007,-3.1744905653509434273,-7.9999999992000017102,10867863621.390743256
47,-2.9999999987999999007,-7.9999999992000017102,-81.517915973028550525,10893868462.541387558
47,-2.9999999987999999007,-7.9999999992000017102,-7.9999999992000017102,10868217837.120510101
47,-2.9999999987999999007,-7.9999999992000017102,-73.569919165658276938,10891217665.754579544
47,-2.9999999987999999007,-7.9999999992000017102,-81.517915973028550525,10894470678.639513016
47,-2.9999999987999999007,-7.9999999992000017102,-11.73090296580563141,10870345319.93746376
47,-2.9999999987999999007,-7.9999999992000017102,-81.517915973028550525,11139062848.737924576
47,-2.9999999987999999007,-7.9999999992000017102,-81.517915973028550525,11139062848.737924576
47,-3.8160000000000011688,-7.9999999992000017102,-81.517915973028550525,11321532328.502222061
47,-2.9999999987999999007,-7.9999999992000025983,-81.517915973028550525,11322336324.801034927
47,-7.9999999992000052629,-7.999999999200000822,-81.517915973028550525,11342723807.469799042
47,-3.8160000000000011688,-7.999999999200000822,-81.517915973028550525,11332367746.431381226
47,-3.8160000000000011688,-7.999999999200000822,-81.517915973028550525,11332367746.431383133
48,0,0,0,10791728860.824459076
48,-3.8160000000000011688,-3.8160000000000011688,-0.096000000028800006047,10793459829.158864975
48,0,-3.8160000000000011688,-7.9999999992000017102,10793405167.334949493
48,-3.8160000000000011688,-2.9999999987999999007,-7.9039999991712015515,10794777811.492145538
48,-2.9999999987999999007,-3.8160000000000011688,-7.9999999992000017102,10794660067.940090179
48,-0.03599999999999999728,-3.8160000000000011688,-7.9999999992000017102,10793532777.476337433
48,-2.9999999987999999007,-3.8160000000000011688,-7.9999999992000017102,10794757934.980575562
48,-2.9999999987999999007,-7.9999999992000017102,-7.9999999992000017102,10795353013.165273666
48,-5.1990428814035016813,-73.569919165658319571,-73.569919165658276938,10818572971.099063873
48,-2.9999999987999999007,-5.7607123339650971872,-81.517915973028550525,11050383273.2180233
48,-1.1435378291511830717,-5.9790428813254994367,-73.569919165658276938,11036912030.077953339
48,-3.8160000000000011688,-7.9999999992000017102,-81.517915973028550525,11233943655.888269424
48,-2.6463859846482429283,-7.9999999992000017102,-81.517915973028550525,11233602019.45708847
48,-7.9999999992000052629,-7.999999999200000822,-81.517915973028550525,11260987538.352375031
48,-3.8160000000000011688,-7.999999999200000822,-81.517915973028550525,11244779073.817432404
48,-3.8160000000000011688,-7.999999999200000822,-81.517915973028550525,11244779073.817428589
49,0,0,0,10733994997.364244461
49,-2.9999999987999999007,-7.9999999992000017102,-7.9999999992000017102,10738207195.581260681
49,-3.9968028886505632435e-18,-2.9999999987999999007,-7.9999999992000017102,10736102543.894008636
49,-2.9999999987999999007,-2.9999999987999999007,0,10736972988.132946014
49,-2.9999999987999999007,-2.9999999987999999007,-7.9999999992000017102,10738722175.229200363
49,-0.03599999999999999728,-2.9999999987999999007,-7.9999999992000017102,10736231846.510530472
49,-2.9999999987999999007,-2.9999999987999999007,-7.9999999992000017102,10738722175.229202271
49,-2.9999999987999999007,-7.9999999992000017102,-7.9999999992000017102,10742116077.901557922
49,-7.9999999992000025983,-113.20532772900057239,-113.20532772900050134,10886530136.082603455
49,-0.40281199914591042655,-5.7607123339650971872,-81.517915973028550525,11018111422.14516449
49,-7.9999999992000025983,-7.9999999992000017102,0,10867828770.284156799
49,-2.6463859846482424842,-7.9999999992000017102,-81.517915973028550525,11205218911.810096741
49,-2.6463859846482429283,-7.9999999992000017102,-81.517915973028550525,11205218911.810102463
49,-7.9999999992000052629,-7.999999999200000822,-81.517915973028550525,11245359550.53166008
49,-3.8160000000000011688,-7.999999999200000822,-81.517915973028550525,11218259765.481903076
49,-3.8160000000000011688,-7.9999999992000017102,-81.517915973028550525,11218259765.481903076
50,0,0,0,10602780532.649824142
50,-0.03599999999999999728,-0.78510348581991973305,-81.517915973028550525,10612382017.479343414
50,0,0,-7.9999999992000017102,10604313095.408182144
50,0,0,-7.9999999992000017102,10604313095.408184052
50,0,0,-7.9999999992000017102,10604408226.800441742
50,0,0,-7.9999999992000017102,10604408226.800443649
50,0,0,0,10602780532.649822235
50,-2.7074999989169996617,-24.378954580585734391,-8.9215652429281124824,10619802277.743684769
50,-7.9999999992000025983,-113.20532772900057239,-113.20532772900050134,10869574965.81271553
50,-0.40281199914591042655,-5.7607123339650971872,-81.517915973028550525,10896395742.715486526
50,-7.9999999992000025983,-7.9999999992000017102,0,10750365805.35736084
50,-2.6463859846482424842,-7.9999999992000017102,-81.517915973028550525,11084301951.755918503
50,-2.6463859846482429283,-7.9999999992000017102,-81.517915973028550525,11084301951.75592041
50,-7.9999999992000052629,-7.999999999200000822,-81.517915973028550525,11137245184.038196564
50,-3.816000000000002057,-7.999999999200000822,-81.517915973028550525,11098950440.811727524
50,-7.9999999992000052629,-7.9999999992000017102,-81.517915973028550525,11137245184.038198471
51,0,0,0,10521569531.90524292
51,-0.03599999999999999728,-7.9999999992000017102,-81.517915973028550525,10524433406.95832634
51,0,0,-81.517915973028550525,10524362133.739679337
51,0,-7.9999999992000017102,-7.9999999992000017102,10522002794.045213699
51,0,0,-7.9999999992000017102,10521938723.476867676
51,0,-3.8160000000000011688,-7.9999999992000017102,10521987318.597574234
51,-7.9999999992000025983,-82.042994270354284936,-12.166044280158153867,10541569951.77869606
51,-2.7074999989169996617,-24.378954580585734391,-8.9215652429281124824,10551621168.269680023
51,-7.9999999992000025983,-113.20532772900057239,-113.20532772900050134,10891455912.548978806
51,-0.40281199914591042655,-5.7607123339650971872,-81.517915973028550525,10823764095.514431
51,-7.9999999992000025983,-7.9999999992000017102,0,10687200233.742893219
51,-2.6463859846482424842,-7.9999999992000017102,-81.517915973028550525,11015631439.950206757
51,-7.4746073710775915444,-7.9999999992000017102,-7.9999999992000017102,10744279275.09954071
51,-7.9999999992000052629,-7.999999999200000822,-81.517915973028550525,11080553723.165147781
51,-3.816000000000002057,-7.999999999200000822,-81.517915973028550525,11032666636.050630569
51,-5.1990428814035016813,-68.526828427018244838,-73.569919165658276938,11062306014.382446289
52,0,0,0,10439917260.74707222
52,0,0,0,10439917260.74707222
52,0,0,0,10439917260.74707222
52,0,0,0,10439917260.74707222
52,0,0,0,10439917260.74707222
52,0,0,0,10439917260.74707222
52,-7.9999999992000025983,-82.042994270354284936,-12.166044280158153867,10521694903.219863892
52,-2.7074999989169996617,-24.378954580585734391,-8.9215652429281124824,10485623069.402675629
52,-7.9999999992000025983,-113.20532772900057239,-113.20532772900050134,10935775035.783597946
52,-0.40281199914591042655,-5.7607123339650971872,-81.517915973028550525,10761803286.282676697
52,-7.9999999992000025983,-7.9999999992000017102,0,10625633077.832122803
52,-2.6463859846482424842,-7.9999999992000017102,-81.517915973028550525,10957659979.280441284
52,-7.4746073710775915444,-7.9999999992000017102,-7.9999999992000017102,10680980997.018690109
52,-7.9999999992000052629,-7.999999999200000822,-81.517915973028550525,11036032959.038703918
52,-3.8160000000000016129,-7.999999999200000822,-81.517915973028550525,10977300044.788793564
52,-5.1990428814035016813,-68.526828427018244838,-73.569919165658276938,11042218262.668395996
53,0,0,0,10307895400.064962387
53,-2.9999999987999999007,-2.9999999987999999007,0,10308559415.914583206
53,-0.03599999999999999728,-2.9999999987999999007,0,10307931602.036333084
53,-0.03599999999999999728,-0.03599999999999999728,0,10307908662.414949417
53,-0.03599999999999999728,0,0,10307906837.969629288
53,-0.03599999999999999728,-0.03599999999999999728,-0.049163901874866022812,10307916107.285198212
53,-7.9999999992000025983,-82.042994270354284936,-12.166044280158153867,10466401796.149343491
53,-2.7074999989169996617,-24.378954580585734391,-8.9215652429281124824,10376599333.187473297
53,-7.9999999992000025983,-113.20532772900057239,-113.20532772900050134,10957322357.018835068
53,-0.40281199914591042655,-5.7607123339650971872,-81.517915973028550525,10658028885.752189636
53,-7.9999999992000025983,-7.9999999992000017102,0,10520702375.899744034
53,-2.6463859846482424842,-7.9999999992000017102,-81.517915973028550525,10860841821.135004044
53,-7.4746073710775915444,-7.9999999992000017102,-7.9999999992000017102,10575308690.819711685
53,-7.9999999992000052629,-7.999999999200000822,-81.517915973028550525,10955090689.63838768
53,-3.8160000000000011688,-7.999999999200000822,-81.517915973028550525,10883817277.928131104
53,-5.1990428814035016813,-68.526828427018244838,-73.569919165658276938,10989200354.93862915
54,0,0,0,10203181398.629959106
54,-2.9999999987999999007,-2.9999999987999999007,0,10204122496.035425186
54,-0.03599999999999999728,-2.9999999987999999007,0,10203316615.660160065
54,-2.7074999989169996617,-2.7074999989169996617,0,10204079477.414352417
54,-1.2081170950885813387,-59.078261131990018384,-81.517915973028550525,10247565685.721942902
54,-2.9999999987999999007,-59.691051017439704651,-81.517915973028550525,10266204165.072431564
54,-7.9999999992000025983,-82.042994270354284936,-12.166044280158153867,10450649260.935564041
54,-2.7074999989169996617,-24.378954580585734391,-8.9215652429281124824,10296696405.614822388
54,-7.9999999992000025983,-113.20532772900057239,-113.20532772900050134,11043362382.299785614
54,-0.40281199914591042655,-5.7607123339650971872,-81.517915973028550525,10597181662.884868622
54,-7.9999999992000025983,-7.9999999992000017102,0,10443235673.837940216
54,-2.6463859846482424842,-7.9999999992000017102,-81.517915973028550525,10805431694.528501511
54,-7.4746073710775915444,-7.9999999992000017102,-7.9999999992000017102,10498561721.24161911
54,-7.9999999992000052629,-7.999999999200000822,-81.517915973028550525,10917909357.197404861
54,-3.8160000000000011688,-7.999999999200000822,-81.517915973028550525,10831592730.272239685
54,-5.1990428814035016813,-68.526828427018244838,-73.569919165658276938,10984445964.925405502
55,0,0,0,10075648782.388654709
55,0,0,0,10075648782.388662338
55,0,0,0,10075648782.388662338
55,0,0,0,10075648782.388662338
55,-1.2081170950885813387,-59.078261131990018384,-81.517915973028550525,10203753920.524209976
55,-2.9999999987999999007,-59.691051017439704651,-81.517915973028550525,10224023962.152990341
55,-7.9999999992000025983,-82.042994270354284936,-12.166044280158153867,10409488219.019821167
55,-1.2042127232945099014,-7.9999999992000017102,-7.9999999992000017102,10128422475.258268356
55,-7.9999999992000025983,-113.20532772900057239,-113.20532772900050134,11104110908.853178024
55,-0.40281199914591042655,-5.7607123339650971872,-81.517915973028550525,10511539431.910295486
55,-7.9999999992000025983,-7.9999999992000017102,0,10339115878.676900864
55,-2.6463859846482424842,-7.9999999992000017102,-81.517915973028550525,10722454076.899665833
55,-7.4746073710775915444,-7.9999999992000017102,-7.9999999992000017102,10395332193.282827377
55,-7.9999999992000052629,-7.999999999200000822,-81.517915973028550525,10853069901.211988449
55,-2.9999999988000003448,-7.9999999992000017102,-81.517915973028550525,10731592960.829795837
55,-5.1990428814035016813,-68.526828427018244838,-73.569919165658276938,10952873150.610025406
56,0,0,0,9988030718.4276351929
56,0,0,0,9988030718.4276428223
56,-81.664877515116828022,-10000,-113.20532772900050134,11658924583.703077316
56,-7.9999999992000025983,-1080.6167535536851574,-113.20532772900050134,10551177025.01266098
56,-1.6777329259712894238,-82.042994270354270725,-113.20532772900050134,10254602080.925575256
56,-2.9999999987999999007,-59.691051017439697546,-81.517915973028550525,10205691821.209201813
56,-7.9999999992000025983,-82.042994270354284936,-12.166044280158153867,10397464854.300556183
56,-1.2042127232945099014,-7.9999999992000017102,-7.9999999992000017102,10049302242.851106644
56,-7.9999999992000025983,-113.20532772900057239,-113.20532772900050134,11167923073.70476532
56,-0.40281199914591042655,-5.7607123339650971872,-81.517915973028550525,10452335227.88328743
56,-7.9999999992000025983,-7.9999999992000017102,0,10279040473.174114227
56,-2.6463859846482424842,-7.9999999992000017102,-81.517915973028550525,10670913248.344881058
56,-7.4746073710775915444,-7.9999999992000017102,-7.9999999992000017102,10334306670.517066956
56,-7.9999999992000052629,-7.999999999200000822,-81.517915973028550525,10817085961.03212738
56,-2.9999999987999999007,-7.9999999992000017102,-81.517915973028550525,10681049516.015758514
56,-5.1990428814035016813,-68.526828427018244838,-73.569919165658276938,10943908582.789608002
57,0,0,0,9908145759.9161014557
57,0,0,0,9908145759.9161014557
57,-81.664877515116828022,-10000,-113.20532772900050134,18323557971.689147949
57,-7.9999999992000025983,-1080.6167535536851574,-113.20532772900050134,11251272113.215837479
57,-1.6777329259712894238,-82.042994270354270725,-113.20532772900050134,10294653183.263036728
57,-81.664877515116785389,-109.39707698898904198,-113.20532772900050134,10810730558.407972336
57,-7.9999999992000025983,-82.042994270354284936,-12.166044280158153867,10391495786.008537292
57,-1.2042127232945099014,-7.9999999992000017102,-7.9999999992000017102,9976163754.2147388458
57,-7.9999999992000025983,-113.20532772900057239,-113.20532772900050134,11245133266.431016922
57,-0.40281199914591042655,-5.7607123339650971872,-81.517915973028550525,10406173440.257822037
57,-7.9999999992000025983,-7.9999999992000017102,0,10222864047.795568466
57,-2.6463859846482424842,-7.9999999992000017102,-81.517915973028550525,10629417455.838140488
57,-7.4746073710775924326,-7.9999999992000017102,-7.9999999992000017102,10277416634.538007736
57,-7.9999999992000052629,-7.999999999200000822,-81.517915973028550525,10791182248.222974777
57,-0.03599999999999999728,-81.709800796100722664,-73.605685151295020319,10817220374.011680603
57,-5.1990428814035016813,-68.526828427018244838,-73.569919165658276938,10945369843.120145798
58,0,0,0,9871016882.1132240295
58,-2.9999999987999999007,-2.9999999987999999007,0,9873387235.0771503448
58,-81.664877515116828022,-10000,-113.20532772900050134,24193227101.37077713
58,-7.9999999992000025983,-1080.6167535536851574,-113.20532772900050134,11939374102.971391678
58,-1.6777329259712894238,-82.042994270354270725,-113.20532772900050134,10407895102.989257812
58,-81.664877515116785389,-109.39707698898904198,-113.20532772900050134,11148126062.433462143
58,-7.9999999992000025983,-82.042994270354284936,-12.166044280158153867,10423056864.380617142
58,-7.9999999992000034865,-10.798375604512912673,-113.20532772900050134,10270442860.103223801
58,-7.9999999992000025983,-113.20532772900057239,-113.20532772900050134,11392117110.21423912
58,-0.40281199914591042655,-5.7607123339650971872,-81.517915973028550525,10443191029.806938171
58,-7.9999999992000025983,-7.9999999992000017102,0,10209274289.387958527
58,-2.6463859846482424842,-7.9999999992000017102,-81.517915973028550525,10672887325.305210114
58,-7.4746073710775933208,-7.9999999992000017102,-7.9999999992000017102,10262148372.251708984
58,-7.9999999992000052629,-7.999999999200000822,-81.517915973028550525,10848588056.333070755
58,0,-82.042994270354242303,-73.569919165658276938,10888022627.699888229
58,-5.1990428814035016813,-68.526828427018244838,-73.569919165658276938,11021601800.096755981
59,0,0,0,9826114945.5078907013
59,-2.9999999987999999007,-2.9999999987999999007,0,9827700285.5584583282
59,-81.664877515116828022,-10000,-113.20532772900050134,29113560871.605384827
59,-7.9999999992000025983,-1080.6167535536851574,-113.20532772900050134,12496378401.384502411
59,-1.6777329259712894238,-82.042994270354270725,-113.20532772900050134,10484246554.623006821
59,-81.664877515116785389,-109.39707698898904198,-113.20532772900050134,11409805046.357494354
59,-7.9999999992000025983,-82.042994270354284936,-12.166044280158153867,10427196704.853513718
59,-7.9999999992000034865,-10.798375604512912673,-113.20532772900050134,10323543145.21088028
59,-7.9999999992000025983,-113.20532772900057239,-113.20532772900050134,11493452941.868434906
59,-0.40281199914591042655,-5.7607123339650971872,-81.517915973028550525,10458458515.742828369
59,-7.9999999992000025983,-7.9999999992000017102,0,10176711394.361532211
59,-2.6463859846482424842,-7.9999999992000017102,-81.517915973028550525,10688106144.045482635
59,-3.8160000000000011688,-88.316079930127145303,-44.754292613229587516,10829016458.590293884
59,-7.9999999992000052629,-7.999999999200000822,-81.517915973028550525,10874491403.465604782
59,-8.8817841961130767884e-16,-82.042994270354242303,-73.569919165658276938,10932671611.90140152
59,-5.1990428814035016813,-68.526828427018244838,-73.569919165658276938,11063358399.338518143
60,0,0,0,9773709569.476978302
60,0,0,0,9773709569.476978302
60,-81.664877515116828022,-10000,-113.20532772900050134,34937307631.257804871
60,-7.9999999992000025983,-1080.6167535536851574,-113.20532772900050134,13113680096.688013077
60,-1.6777329259712894238,-82.042994270354270725,-113.20532772900050134,10526870739.3985672
60,-81.664877515116785389,-109.39707698898904198,-113.20532772900050134,11674716431.479574203
60,-7.9999999992000025983,-82.042994270354284936,-12.166044280158153867,10433813980.109916687
60,-7.9999999992000034865,-10.798375604512912673,-113.20532772900050134,10339572674.402997971
60,-7.9999999992000025983,-113.20532772900057239,-113.20532772900050134,11567038455.513532639
60,-0.40281199914591042655,-5.7607123339650971872,-81.517915973028550525,10427337808.55663681
60,-7.9999999992000025983,-7.9999999992000017102,0,10140921887.753726959
60,-2.6463859846482424842,-7.9999999992000017102,-81.517915973028550525,10658593468.413980484
60,-3.4439400000000008895,-95.458145108142076651,-48.73404455225015397,10898315419.996267319
60,-7.9999999992000052629,-7.999999999200000822,-81.517915973028550525,10858068796.187070847
60,0,-82.042994270354256514,-73.569919165658276938,10940872990.015539169
60,-5.1990428814035016813,-68.526828427018244838,-73.569919165658276938,11070650238.692871094
61,0,0,0,9690020161.2519264221
61,-0.66571506232249622048,-81.517915973028550525,-81.517915973028550525,9773421921.1956958771
61,-81.664877515116828022,-10000,-113.20532772900050134,40559550490.885635376
61,-7.9999999992000025983,-1080.6167535536851574,-113.20532772900050134,13679963239.00015831
61,-1.6777329259712894238,-82.042994270354270725,-113.20532772900050134,10532635395.736503601
61,-81.664877515116785389,-109.39707698898904198,-113.20532772900050134,11898794635.291610718
61,-7.9999999992000025983,-82.042994270354284936,-12.166044280158153867,10413603848.211540222
61,-7.9999999992000034865,-10.798375604512912673,-113.20532772900050134,10321962620.219362259
61,-7.9999999992000025983,-113.20532772900057239,-113.20532772900050134,11605320806.855758667
61,-0.40281199914591042655,-5.7607123339650971872,-81.517915973028550525,10358888839.664007187
61,-7.9999999992000025983,-7.9999999992000017102,0,10080113994.254236221
61,-2.6463859846482424842,-7.9999999992000017102,-81.517915973028550525,10595979801.365728378
61,-3.4439400000000008895,-95.458145108142076651,-48.73404455225015397,10879770714.929796219
61,-7.9999999992000052629,-7.999999999200000822,-81.517915973028550525,10808944591.232887268
61,0,-82.042994270354256514,-73.569919165658276938,10911718134.475315094
61,-5.1990428814035016813,-68.526828427018244838,-73.569919165658276938,11045933092.437177658
62,0,0,0,9603216137.3772468567
62,-81.664877515116828022,-10000,-10000,25192927379.94272995
62,-81.664877515116828022,-10000,-113.20532772900050134,45431591777.731155396
62,-7.9999999992000025983,-1080.6167535536851574,-113.20532772900050134,14150550442.571014404
62,-1.6777329259712894238,-82.042994270354270725,-113.20532772900050134,10516653644.328828812
62,-81.664877515116785389,-109.39707698898904198,-113.20532772900050134,12071476118.071298599
62,-7.9999999992000025983,-82.042994270354284936,-12.166044280158153867,10376429285.701177597
62,-7.9999999992000034865,-10.798375604512912673,-113.20532772900050134,10284242946.836475372
62,-7.9999999992000025983,-113.20532772900057239,-113.20532772900050134,11616258138.330595016
62,-0.40281199914591042655,-5.7607123339650971872,-81.517915973028550525,10279987962.197431564
62,-7.9999999992000025983,-7.9999999992000017102,0,10008806818.078451157
62,-2.6463859846482424842,-7.9999999992000017102,-81.517915973028550525,10519464597.450141907
62,-3.4439400000000008895,-95.458145108142076651,-48.73404455225015397,10842651377.789676666
62,-7.9999999992000043747,-7.999999999200000822,-81.517915973028550525,10743790346.503458023
62,-8.8817841961130767884e-16,-82.042994270354256514,-73.569919165658276938,10867544835.369035721
62,-5.1990428814035016813,-68.526828427018244838,-73.569919165658276938,11002493175.381961823
63,0,0,0,9551800774.8695449829
63,-81.664877515116828022,-10000,-10000,38609819483.500617981
63,-81.664877515116828022,-10000,-113.20532772900050134,50477742903.326057434
63,-7.9999999992000025983,-1080.6167535536851574,-113.20532772900050134,14673268610.698246002
63,-1.6777329259712894238,-82.042994270354270725,-113.20532772900050134,10540295201.218849182
63,-81.664877515116785389,-109.39707698898904198,-113.20532772900050134,12288032610.954524994
63,-7.9999999992000025983,-82.042994270354284936,-12.166044280158153867,10375348329.821235657
63,-7.9999999992000034865,-10.798375604512912673,-113.20532772900050134,10284567370.483386993
63,-7.9999999992000025983,-113.20532772900057239,-113.20532772900050134,11666588013.635276794
63,-0.40281199914591042655,-5.7607123339650971872,-81.517915973028550525,10239531495.063270569
63,-7.9999999992000025983,-7.9999999992000017102,0,9972333633.4230003357
63,-2.6463859846482424842,-7.9999999992000017102,-81.517915973028550525,10480235653.847011566
63,-3.4439400000000008895,-95.458145108142076651,-48.73404455225015397,10842376703.527246475
63,-7.9999999992000034865,-7.9999999991999999338,-81.517915973028550525,10715919895.94401741
63,0,-82.042994270354270725,-73.569919165658276938,10862625742.681030273
63,-5.1990428814035016813,-68.526828427018244838,-73.569919165658276938,10996198458.680496216
64,0,0,0,9477370057.0258560181
64,-81.664877515116828022,-10000,-10000,52389406471.024467468
64,-81.664877515116828022,-10000,-113.20532772900050134,55630739236.443626404
64,-7.9999999992000025983,-1080.6167535536851574,-113.20532772900050134,15164574350.419965744
64,-1.6777329259712894238,-82.042994270354270725,-113.20532772900050134,10526479254.121988297
64,-81.664877515116785389,-109.39707698898904198,-113.20532772900050134,12463818917.766971588
64,-7.9999999992000025983,-82.042994270354284936,-12.166044280158153867,10337162657.93296051
64,-7.9999999992000034865,-10.798375604512912673,-113.20532772900050134,10237512527.083730698
64,-7.9999999992000025983,-113.20532772900057239,-113.20532772900050134,11671067026.446905136
64,-0.55939193037729606495,-7.9999999992000017102,-113.20532772900050134,10428710107.155481339
64,-7.9999999992000025983,-7.9999999992000017102,0,9898052791.8890094757
64,-0.56534441683175951088,-7.9999999992000017102,-113.20532772900050134,10594543181.445650101
64,0,-82.042994270354270725,0,10149284134.094991684
64,-7.9999999992000034865,-7.9999999992000017102,-113.20532772900050134,10928141536.269367218
64,0,-82.042994270354270725,-84.899014762330310191,10927849737.49625206
64,-5.7607123339650980753,-67.066633225106599525,-81.517915973028550525,11031867316.297161102
65,0,0,0,9066756100.5951099396
65,-81.664877515116828022,-10000,-10000,60338663708.235351562
65,-81.664877515116828022,-10000,-113.20532772900050134,57509740991.95098114
65,-7.9999999992000025983,-1080.6167535536851574,-113.20532772900050134,14921833662.483438492
65,-1.6777329259712894238,-82.042994270354270725,-113.20532772900050134,10066211402.453979492
65,-81.664877515116785389,-109.39707698898904198,-113.20532772900050134,12125287312.116909027
65,-7.9999999992000025983,-82.042994270354284936,-12.166044280158153867,9903230379.4756793976
65,-7.9999999992000025983,-10.798375604512912673,-113.20532772900050134,9776559031.7126865387
65,-7.9999999992000025983,-113.20532772900057239,-113.20532772900050134,11211419166.511693954
65,0,-0.090564262174144011253,-113.20532772900050134,9883306355.4166870117
65,-7.9999999992000025983,-7.9999999992000017102,0,9473645796.572063446
65,0,0,-113.20532772900050134,10060669151.284648895
65,0,-82.042994270354270725,0,9729691786.7855587006
65,-7.9999999992000034865,-7.9999999992000017102,-113.20532772900050134,10467558847.261617661
65,0,-82.042994270354270725,-113.20532772900050134,10723604837.475097656
65,-7.9999999992000025983,-61.24506488172698937,-113.20532772900050134,10897709870.487550735
66,0,0,0,8392229235.3656253815
66,-81.664877515116828022,-10000,-10000,59645630803.085075378
66,-81.664877515116828022,-10000,-113.20532772900050134,52469357415.377906799
66,-7.9999999992000025983,-1080.6167535536851574,-113.20532772900050134,13670524618.350271225
66,-1.6777329259712894238,-82.042994270354270725,-113.20532772900050134,9269586959.7329769135
66,-81.664877515116785389,-109.39707698898904198,-113.20532772900050134,11372617098.594911575
66,-7.9999999992000025983,-82.042994270354284936,-12.166044280158153867,9142897851.8459587097
66,-7.9999999992000025983,-10.798375604512912673,-113.20532772900050134,9007233057.3196125031
66,-7.9999999992000025983,-113.20532772900057239,-113.20532772900050134,10380870403.513471603
66,0,-0.090564262174144011253,-113.20532772900050134,9146005090.3689975739
66,-7.9999999992000025983,-7.9999999992000017102,0,8768883716.9576892853
66,0,0,-113.20532772900050134,9323428222.3218021393
66,0,-82.042994270354270725,0,9001004488.6978607178
66,-7.9999999992000034865,-7.9999999992000017102,-113.20532772900050134,9700082703.9138774872
66,0,-82.042994270354270725,-113.20532772900050134,9932203475.6540393829
66,-7.9999999992000025983,-61.245064881726975159,-113.20532772900050134,10095036745.775398254
67,0,0,0,7773280978.100440979
67,-81.664877515116828022,-10000,-10000,61123113745.345115662
67,-81.664877515116828022,-10000,-113.20532772900050134,49950638283.342514038
67,-7.9999999992000025983,-1080.6167535536851574,-113.20532772900050134,12732517052.380462646
67,-1.6777329259712907561,-82.042994270354270725,-113.20532772900050134,8536938597.4248514175
67,-81.664877515116785389,-109.39707698898904198,-113.20532772900050134,10682250380.130903244
67,-7.9999999992000025983,-82.042994270354284936,-12.166044280158153867,8451245440.5128679276
67,-7.9999999992000025983,-10.798375604512918002,-113.20532772900050134,8287623013.9445838928
67,-7.9999999992000025983,-113.20532772900057239,-113.20532772900050134,9621686950.7648105621
67,0,-0.090564262174144011253,-113.20532772900050134,8458645131.6300067902
67,-7.9999999992000025983,-7.9999999992000017102,0,8118920424.6553859711
67,0,0,-113.20532772900050134,8636131199.4707279205
67,0,-82.042994270354270725,0,8342153028.6083784103
67,-7.9999999992000034865,-7.9999999992000017102,-113.20532772900050134,8981770646.0256824493
67,0,-82.042994270354270725,-113.20532772900050134,9205003249.9786663055
67,-7.9999999992000034865,-61.245064881726975159,-113.20532772900050134,9352027745.3710079193
68,0,0,0,7188201074.7229881287
68,-81.664877515116828022,-10000,-10000,59413550589.247802734
68,-81.664877515116828022,-10000,-113.20532772900050134,45749780801.748901367
68,-7.9999999992000025983,-1080.6167535536851574,-113.20532772900050134,11643489632.706155777
68,-1.6777329259712920884,-82.042994270354270725,-113.20532772900050134,7820535372.9457063675
68,-81.664877515116785389,-109.39707698898904198,-113.20532772900050134,10014264219.084445953
68,-7.9999999992000025983,-82.042994270354270725,-12.166044280158153867,7785756449.7619152069
68,0,-7.9999999992000034865,-10000,20707657368.089870453
68,-7.9999999992000025983,-113.20532772900057239,-113.20532772900050134,8879473855.1138000488
68,0,-0.090564262174144011253,-113.20532772900050134,7800991406.8647956848
68,-7.9999999992000025983,-7.9999999992000017102,0,7508716929.8572015762
68,0,0,-113.20532772900050134,7978542330.0742073059
68,0,-82.042994270354270725,0,7703851079.904255867
68,-7.9999999992000034865,-7.9999999992000017102,-113.20532772900050134,8299058185.2084255219
68,0,-82.042994270354270725,-113.20532772900050134,8494192335.2554702759
68,-7.9999999992000034865,-61.245064881726975159,-113.20532772900050134,8634878872.2141284943
69,0,0,0,6655463029.3637809753
69,-81.664877515116828022,-10000,-10000,58393095814.683601379
69,-81.664877515116828022,-10000,-113.20532772900050134,42113490155.546791077
69,-6.6478094176177702224,-7499.5600000000013097,-6768.3529000000007727,43882570990.873092651
69,-81.664877515116828022,-82.042994270354270725,-9025,23086707530.919467926
69,-81.664877515116785389,-109.39707698898904198,-113.20532772900050134,9365483120.3424968719
69,-0.028155348589073800336,-7499.5600000000013097,-113.20532772900050134,32535786131.689888
69,0,-7.9999999992000034865,-10000,22746322802.616382599
69,-7.9999999992000025983,-113.20532772900055818,-113.20532772900050134,8175977198.0799665451
69,0,-0.090564262174144011253,-113.20532772900050134,7184562991.9932222366
69,-7.9999999992000025983,-7.9999999992000017102,0,6943769734.5943222046
69,0,0,-113.20532772900050134,7362183897.2858037949
69,0,-82.042994270354270725,0,7120181883.7737264633
69,-7.9999999992000034865,-7.9999999992000017102,-113.20532772900050134,7650490602.5163488388
69,0,-82.042994270354270725,-113.20532772900050134,7826902751.6957435608
69,-7.9999999992000034865,-61.245064881726975159,-113.20532772900050134,7953358178.9150047302
70,0,0,0,6036030536.9760951996
70,-81.664877515116828022,-10000,-10000,58095218170.445449829
70,-81.664877515116828022,-10000,-113.20532772900050134,38504703641.120384216
70,-6.6478094176177702224,-7499.5600000000013097,-6768.3529000000007727,43189604997.424331665
70,-81.664877515116828022,-82.042994270354270725,-9025,25335155412.572086334
70,-81.6648775151167996,-109.39707698898904198,-113.20532772900050134,8620821015.1215953827
70,-0.028155348589073800336,-7499.5600000000013097,-113.20532772900050134,29637016371.463230133
70,0,-7.9999999992000034865,-10000,25355774908.511528015
70,-7.9999999992000025983,-113.20532772900054397,-113.20532772900050134,7388692769.1016921997
70,0,-0.090564262174144011253,-113.20532772900050134,6488868723.8636407852
70,-7.9999999992000025983,-7.9999999992000017102,0,6290985058.215502739
70,0,0,-113.20532772900050134,6666556185.3306646347
70,0,-82.042994270354270725,0,6446484501.0787992477
70,-7.9999999992000034865,-7.9999999992000017102,-113.20532772900050134,6921510706.5700769424
70,0,-82.042994270354270725,-113.20532772900050134,7077010149.4333639145
70,-7.9999999992000034865,-61.245064881726975159,-113.20532772900050134,7189059744.8801336288
71,0,0,0,5305261699.9635925293
71,-81.664877515116828022,-10000,-10000,48031145239.739746094
71,-81.664877515116828022,-10000,-113.20532772900050134,31186146514.159412384
71,-6.6478094176177702224,-7499.5600000000013097,-6768.3529000000007727,35736300631.123977661
71,-81.664877515116828022,-82.042994270354270725,-9025,21950969888.747634888
71,-81.664877515116813811,-109.39707698898905619,-113.20532772900050134,7520016360.5883235931
71,-0.028155348589073800336,-7499.5600000000013097,-113.20532772900050134,24061585919.15271759
71,0,-7.9999999992000034865,-10000,21971675274.744155884
71,-7.9999999992000025983,-113.20532772900052976,-113.20532772900050134,6447160985.882226944
71,0,-0.090564262174144011253,-113.20532772900050134,5664241300.3338031769
71,-7.9999999992000025983,-7.9999999992000017102,0,5522797365.9287223816
71,0,0,-113.20532772900050134,5842003433.2484226227
71,0,-82.042994270354270725,0,5649861144.6616802216
71,-7.9999999992000034865,-7.9999999992000017102,-113.20532772900050134,6059539099.2135543823
71,0,-82.042994270354270725,-113.20532772900050134,6186602877.9465036392
71,-7.9999999992000034865,-61.245064881726975159,-113.20532772900050134,6283879496.1318616867
72,0,0,0,4560901476.4635124207
72,-81.664877515116828022,-10000,-10000,38663680633.608932495
72,-81.664877515116828022,-10000,-113.20532772900050134,25209769373.879238129
72,-6.6478094176177702224,-7499.5600000000013097,-6768.3529000000007727,28833294709.232498169
72,-81.664877515116828022,-82.042994270354270725,-9025,18026589333.722038269
72,-81.664877515116828022,-109.3970769889890704,-113.20532772900050134,6455100883.4004983902
72,-0.028155348589073800336,-7499.5600000000013097,-113.20532772900050134,19466744163.721660614
72,0,-7.9999999992000034865,-10000,17938724589.810749054
72,-7.9999999992000025983,-113.20532772900052976,-113.20532772900050134,5500470390.4171133041
72,0,-0.090564262174144011253,-113.20532772900050134,4826022490.3163843155
72,-7.9999999992000025983,-7.9999999992000017102,0,4741018287.1543626785
72,0,0,-113.20532772900050134,5003859294.6786022186
72,0,-82.042994270354270725,0,4844103290.1923303604
72,-7.9999999992000034865,-7.9999999992000017102,-113.20532772900050134,5183976105.3694524765
72,0,-82.042994270354270725,-113.20532772900050134,5287061108.4074115753
72,-7.9999999992000034865,-61.245064881726968053,-113.20532772900050134,5368523013.4646625519
73,0,0,0,3744861702.8789625168
73,-81.664877515116828022,-10000,-10000,31564936937.803604126
73,-81.664877515116828022,-10000,-113.20532772900050134,22036119936.909259796
73,-6.6478094176177702224,-7499.5600000000013097,-6768.3529000000007727,23639053131.981048584
73,-81.664877515116828022,-82.042994270354270725,-10000,14387193049.612293243
73,-81.664877515116828022,-109.39707698898905619,-113.20532772900050134,5227312631.5455608368
73,-0.028155348589073800336,-7499.5600000000013097,-113.20532772900050134,17053108334.499742508
73,0,-7.9999999992000034865,-10000,13345118013.841827393
73,-7.9999999992000025983,-113.20532772900051555,-113.20532772900050134,4512136381.4212818146
73,0,-0.090564262174144011253,-113.20532772900050134,3930717892.4444289207
73,-7.9999999992000025983,-7.9999999992000017102,0,3890932316.8147926331
73,0,0,-113.20532772900050134,4108622637.9229154587
73,0,-82.042994270354270725,0,3970747372.6643028259
73,-7.9999999992000034865,-7.9999999992000017102,-113.20532772900050134,4254693251.8587479591
73,0,-82.042994270354270725,-113.20532772900050134,4334508307.7082490921
73,-7.9999999992000034865,-73.702551957392941517,-113.20532772900050134,4433127781.9617595673
74,0,0,0,2858861930.1661019325
74,-81.664877515116828022,-10000,-10000,27711079729.875377655
74,-81.664877515116828022,-10000,-113.20532772900050134,18768525004.50246048
74,-6.6478094176177702224,-7499.5600000000013097,-6768.3529000000007727,20732502903.372024536
74,-81.664877515116828022,-82.042994270354270725,-10000,12671564552.363874435
74,-81.664877515116828022,-109.39707698898904198,-113.20532772900050134,3898197206.9990596771
74,-0.028155348589073800336,-7499.5600000000013097,-113.20532772900050134,14567141149.627077103
74,0,-7.9999999992000025983,-10000,11976765068.456157684
74,-7.9999999992000025983,-113.20532772900051555,-113.20532772900050134,3445233392.1009731293
74,-81.664877515116828022,-1.1368683771024737858e-17,-113.20532772900050134,3690419113.4257016182
74,-7.9999999992000025983,-7.9999999992000017102,0,2970107104.9453444481
74,0,0,-113.20532772900050134,3140055693.0803947449
74,0,-82.042994270354270725,0,3023079876.4015254974
74,-7.9999999992000034865,-7.9999999992000017102,-113.20532772900050134,3251300867.8596429825
74,0,-82.042994270354270725,-113.20532772900050134,3304273639.3158130646
74,-7.9999999992000025983,-82.042994270354270725,-113.20532772900050134,3395736931.42208004
75,0,0,0,1523720105.8690567017
75,-81.664877515116828022,-10000,-10000,13880443360.109395981
75,-81.664877515116828022,-10000,-113.20532772900050134,9871672352.4091777802
75,-7.9999999992000025983,-9025,-8145.0625,12196032790.841215134
75,-81.664877515116828022,-82.042994270354270725,-10000,5994251833.1608715057
75,-81.664877515116828022,-109.39707698898904198,-113.20532772900050134,2093584036.5271966457
75,0,-10000,-113.20532772900048712,9604812166.1065597534
75,0,-7.9999999992000017102,-10000,5645075328.219493866
75,-7.9999999992000025983,-113.20532772900051555,-113.20532772900050134,1889903880.271250248
75,-81.664877515116828022,0,-113.20532772900050134,1975146458.7074575424
75,-7.9999999992000025983,-7.9999999992000017102,0,1596888939.5976989269
75,0,0,-113.20532772900050134,1708286272.4048540592
75,0,-82.042994270354270725,0,1619106299.9573557377
75,-7.9999999992000034865,-7.9999999992000017102,-113.20532772900050134,1781455106.1334991455
75,0,-82.042994270354270725,-113.20532772900050134,1803672466.4931504726
75,-7.9999999992000025983,-82.042994270354270725,-113.20532772900050134,1863771424.7722771168
76,0,0,0,464561761.28251546621
76,-7.9999999992000025983,-10000,-113.20532772900050134,1324135131.9582777023
76,-7.9999999992000025983,-109.39707698898904198,-113.20532772900050134,614748121.28768861294
76,-7.9999999992000025983,-113.20532772900050134,-113.20532772900050134,615036884.76833462715
76,-7.9999999992000025983,-82.042994270354270725,-113.20532772900050134,611753460.98910796642
76,-7.9999999992000025983,-109.39707698898904198,-113.20532772900050134,614748121.28768968582
76,0,-10000,-113.20532772900050134,1295049479.7113285065
76,0,-7.9999999992000017102,-113.20532772900050134,560776446.83345830441
76,0,-109.39707698898904198,-113.20532772900050134,585662469.04073894024
76,-7.9999999992000025983,0,-113.20532772900050134,583429110.46096229553
76,-7.9999999992000025983,-7.9999999992000017102,0,500080402.14891171455
76,0,0,-113.20532772900050134,554343458.21401298046
76,0,-82.042994270354270725,0,492886111.81066125631
76,-7.9999999992000025983,-7.9999999992000017102,-113.20532772900050134,589862099.08040833473
76,0,-82.042994270354270725,-113.20532772900050134,582667808.7421579361
76,-7.2199999992780030666,-10.667292480092166684,-113.20532772900050134,588629837.31510305405
77,0,0,0,0
