,DolAmroth>Harad,RoGonDor>DolAmroth,RoGonDor>Harad
2030-07-02 00:00:00,426.0,-12000.0,5196.0
2030-07-02 06:00:00,426.0,13200.0,5196.0
2030-07-02 12:00:00,426.0,13200.0,5196.0
2030-07-02 18:00:00,426.0,13200.0,5196.0
2030-07-03 00:00:00,426.0,13200.0,5196.0
2030-07-03 06:00:00,426.0,13200.0,5196.0
2030-07-03 12:00:00,426.0,13200.0,5196.0
2030-07-03 18:00:00,426.0,13200.0,5196.0
2030-07-04 00:00:00,426.0,13200.0,5196.0
2030-07-04 06:00:00,426.0,13200.0,5196.0
2030-07-04 12:00:00,426.0,13200.0,5196.0
2030-07-04 18:00:00,426.0,12316.062816035224,5196.0
2030-07-05 00:00:00,426.0,3878.4038434494646,5196.0
2030-07-05 06:00:00,426.0,10032.785042851327,5196.0
2030-07-05 12:00:00,426.0,2234.285897856789,5196.0
2030-07-05 18:00:00,426.0,1050.0514125148327,5196.0
2030-07-06 00:00:00,426.0,-1499.9710200572515,5196.0
2030-07-06 06:00:00,426.0,13200.0,5196.0
2030-07-06 12:00:00,426.0,-1943.1966396328933,5196.0
2030-07-06 18:00:00,426.0,5206.020408825185,5196.0
2030-07-07 00:00:00,426.0,-7710.706122542633,5196.0
2030-07-07 06:00:00,426.0,2423.785565813443,5196.0
2030-07-07 12:00:00,426.0,13200.0,5196.0
2030-07-07 18:00:00,426.0,5988.881919871732,5196.0
2030-07-08 00:00:00,426.0,3022.56201821168,5196.0
2030-07-08 06:00:00,426.0,8916.951461580698,5196.0
2030-07-08 12:00:00,426.0,13200.0,5196.0
2030-07-08 18:00:00,426.0,11903.303479890012,5196.0
2030-07-09 00:00:00,426.0,-12000.0,5196.0
2030-07-09 06:00:00,426.0,13200.0,5196.0
2030-07-09 12:00:00,426.0,13200.0,5196.0
2030-07-09 18:00:00,426.0,13200.0,5196.0
2030-07-10 00:00:00,426.0,13200.0,5196.0
2030-07-10 06:00:00,426.0,13200.0,5196.0
2030-07-10 12:00:00,426.0,13200.0,5196.0
2030-07-10 18:00:00,426.0,13200.0,5196.0
2030-07-11 00:00:00,426.0,13200.0,5196.0
2030-07-11 06:00:00,426.0,13200.0,5196.0
2030-07-11 12:00:00,426.0,13200.0,5196.0
2030-07-11 18:00:00,426.0,11139.886473708868,5196.0
2030-07-12 00:00:00,426.0,9367.049466640954,5196.0
2030-07-12 06:00:00,426.0,6210.449934038297,5196.0
2030-07-12 12:00:00,426.0,13200.0,5196.0
2030-07-12 18:00:00,426.0,13200.0,5196.0
2030-07-13 00:00:00,426.0,13200.0,5196.0
2030-07-13 06:00:00,426.0,13200.0,5196.0
2030-07-13 12:00:00,426.0,5817.700390402504,5196.0
2030-07-13 18:00:00,426.0,13200.0,5196.0
2030-07-14 00:00:00,426.0,8496.29882522047,5196.0
2030-07-14 06:00:00,426.0,13200.0,5196.0
2030-07-14 12:00:00,426.0,13200.0,5196.0
2030-07-14 18:00:00,426.0,13200.0,5196.0
2030-07-15 00:00:00,426.0,13200.0,5196.0
2030-07-15 06:00:00,426.0,13200.0,5196.0
2030-07-15 12:00:00,426.0,642.0828930833886,5196.0
2030-07-15 18:00:00,426.0,11416.495307870788,5196.0
2030-07-16 00:00:00,426.0,-12000.0,5196.0
2030-07-16 06:00:00,426.0,3636.274905083701,5196.0
2030-07-16 12:00:00,426.0,7883.785937276785,5196.0
2030-07-16 18:00:00,426.0,-12000.0,5196.0
2030-07-17 00:00:00,426.0,-5641.092727493684,5196.0
2030-07-17 06:00:00,426.0,13200.0,5196.0
2030-07-17 12:00:00,426.0,13200.0,5196.0
2030-07-17 18:00:00,426.0,13200.0,5196.0
2030-07-18 00:00:00,426.0,13200.0,5196.0
2030-07-18 06:00:00,426.0,13200.0,5196.0
2030-07-18 12:00:00,426.0,13200.0,5196.0
2030-07-18 18:00:00,426.0,13200.0,5196.0
2030-07-19 00:00:00,426.0,13200.0,5196.0
2030-07-19 06:00:00,426.0,13200.0,5196.0
2030-07-19 12:00:00,426.0,13200.0,5196.0
2030-07-19 18:00:00,426.0,13200.0,5196.0
2030-07-20 00:00:00,426.0,13200.0,5196.0
2030-07-20 06:00:00,426.0,13200.0,5196.0
2030-07-20 12:00:00,426.0,13200.0,5196.0
2030-07-20 18:00:00,426.0,13200.0,5196.0
2030-07-21 00:00:00,426.0,13200.0,5196.0
2030-07-21 06:00:00,426.0,13200.0,5196.0
2030-07-21 12:00:00,426.0,13200.0,5196.0
2030-07-21 18:00:00,426.0,13200.0,5196.0
2030-07-22 00:00:00,426.0,13200.0,5196.0
2030-07-22 06:00:00,426.0,13200.0,5196.0
2030-07-22 12:00:00,426.0,13200.0,5196.0
2030-07-22 18:00:00,426.0,13200.0,5196.0
2030-07-23 00:00:00,426.0,-12000.0,5196.0
2030-07-23 06:00:00,426.0,13200.0,5196.0
2030-07-23 12:00:00,426.0,13200.0,5196.0
2030-07-23 18:00:00,426.0,-12000.0,5196.0
2030-07-24 00:00:00,426.0,-12000.0,5196.0
2030-07-24 06:00:00,426.0,-1759.0998127515559,5196.0
2030-07-24 12:00:00,426.0,-3947.056427473312,5196.0
2030-07-24 18:00:00,426.0,-7926.718692500718,5196.0
2030-07-25 00:00:00,426.0,-12000.0,5196.0
2030-07-25 06:00:00,426.0,13200.0,5196.0
2030-07-25 12:00:00,426.0,13200.0,5196.0
2030-07-25 18:00:00,426.0,-12000.0,5196.0
2030-07-26 00:00:00,426.0,13200.0,5196.0
2030-07-26 06:00:00,426.0,13200.0,5196.0
2030-07-26 12:00:00,426.0,13200.0,5196.0
2030-07-26 18:00:00,426.0,13200.0,5196.0
2030-07-27 00:00:00,426.0,13200.0,5196.0
2030-07-27 06:00:00,426.0,13200.0,5196.0
2030-07-27 12:00:00,426.0,13200.0,5196.0
2030-07-27 18:00:00,426.0,10336.178663722885,5196.0
2030-07-28 00:00:00,426.0,13200.0,5196.0
2030-07-28 06:00:00,426.0,6349.729689181942,5196.0
2030-07-28 12:00:00,426.0,13200.0,5196.0
2030-07-28 18:00:00,426.0,260.6813758815115,5196.0
2030-07-29 00:00:00,426.0,81.04909075745672,5196.0
2030-07-29 06:00:00,426.0,13200.0,5196.0
2030-07-29 12:00:00,426.0,13200.0,5196.0
2030-07-29 18:00:00,426.0,11901.153774603146,5196.0
2030-07-30 00:00:00,426.0,13200.0,5196.0
2030-07-30 06:00:00,426.0,13200.0,5196.0
2030-07-30 12:00:00,426.0,13200.0,5196.0
2030-07-30 18:00:00,426.0,13200.0,5196.0
2030-07-31 00:00:00,426.0,13200.0,5196.0
2030-07-31 06:00:00,426.0,13200.0,5196.0
2030-07-31 12:00:00,426.0,13200.0,5196.0
2030-07-31 18:00:00,426.0,13200.0,5196.0
2030-08-01 00:00:00,426.0,13200.0,5196.0
2030-08-01 06:00:00,426.0,13200.0,5196.0
2030-08-01 12:00:00,426.0,13200.0,5196.0
2030-08-01 18:00:00,426.0,13200.0,5196.0
2030-08-02 00:00:00,426.0,13200.0,5196.0
2030-08-02 06:00:00,426.0,13200.0,5196.0
2030-08-02 12:00:00,426.0,13200.0,5196.0
2030-08-02 18:00:00,426.0,13200.0,5196.0
2030-08-03 00:00:00,426.0,13200.0,5196.0
2030-08-03 06:00:00,426.0,13200.0,5196.0
2030-08-03 12:00:00,426.0,13200.0,5196.0
2030-08-03 18:00:00,426.0,13200.0,5196.0
2030-08-04 00:00:00,426.0,13200.0,5196.0
2030-08-04 06:00:00,426.0,13200.0,5196.0
2030-08-04 12:00:00,426.0,13200.0,5196.0
2030-08-04 18:00:00,426.0,13200.0,5196.0
2030-08-05 00:00:00,426.0,13200.0,5196.0
2030-08-05 06:00:00,426.0,13200.0,5196.0
2030-08-05 12:00:00,426.0,13200.0,5196.0
2030-08-05 18:00:00,426.0,13200.0,5196.0
2030-08-06 00:00:00,426.0,13200.0,5196.0
2030-08-06 06:00:00,426.0,13200.0,5196.0
2030-08-06 12:00:00,426.0,13200.0,5196.0
2030-08-06 18:00:00,426.0,13200.0,5196.0
2030-08-07 00:00:00,426.0,13200.0,5196.0
2030-08-07 06:00:00,426.0,13200.0,5196.0
2030-08-07 12:00:00,426.0,13200.0,5196.0
2030-08-07 18:00:00,426.0,13200.0,5196.0
2030-08-08 00:00:00,426.0,13200.0,5196.0
2030-08-08 06:00:00,426.0,13200.0,5196.0
2030-08-08 12:00:00,426.0,13200.0,5196.0
2030-08-08 18:00:00,426.0,13200.0,5196.0
2030-08-09 00:00:00,426.0,13200.0,5196.0
2030-08-09 06:00:00,426.0,13200.0,5196.0
2030-08-09 12:00:00,426.0,13200.0,5196.0
2030-08-09 18:00:00,426.0,1363.7826307069627,5196.0
2030-08-10 00:00:00,426.0,-484.481966870786,5196.0
2030-08-10 06:00:00,426.0,13200.0,5196.0
2030-08-10 12:00:00,426.0,13200.0,5196.0
2030-08-10 18:00:00,426.0,13200.0,5196.0
2030-08-11 00:00:00,426.0,13200.0,5196.0
2030-08-11 06:00:00,426.0,13200.0,5196.0
2030-08-11 12:00:00,426.0,13200.0,5196.0
2030-08-11 18:00:00,426.0,13200.0,5196.0
2030-08-12 00:00:00,426.0,13200.0,5196.0
2030-08-12 06:00:00,426.0,13200.0,5196.0
2030-08-12 12:00:00,426.0,13200.0,5196.0
2030-08-12 18:00:00,426.0,13200.0,5196.0
2030-08-13 00:00:00,426.0,13200.0,5196.0
2030-08-13 06:00:00,426.0,13200.0,5196.0
2030-08-13 12:00:00,-600.0,13200.0,5196.0
2030-08-13 18:00:00,426.0,13200.0,5196.0
2030-08-14 00:00:00,426.0,13200.0,5196.0
2030-08-14 06:00:00,426.0,13200.0,5196.0
2030-08-14 12:00:00,426.0,13200.0,5196.0
2030-08-14 18:00:00,426.0,13200.0,5196.0
2030-08-15 00:00:00,426.0,13200.0,5196.0
2030-08-15 06:00:00,426.0,13200.0,5196.0
2030-08-15 12:00:00,426.0,13200.0,5196.0
2030-08-15 18:00:00,426.0,13200.0,5196.0
2030-08-16 00:00:00,426.0,13200.0,5196.0
2030-08-16 06:00:00,426.0,13200.0,5196.0
2030-08-16 12:00:00,-600.0,13200.0,5196.0
2030-08-16 18:00:00,426.0,13200.0,5196.0
2030-08-17 00:00:00,-600.0,13200.0,5196.0
2030-08-17 06:00:00,426.0,13200.0,5196.0
2030-08-17 12:00:00,-600.0,13200.0,5196.0
2030-08-17 18:00:00,426.0,13200.0,5196.0
2030-08-18 00:00:00,-600.0,13200.0,5196.0
2030-08-18 06:00:00,426.0,13200.0,5196.0
2030-08-18 12:00:00,426.0,13200.0,5196.0
2030-08-18 18:00:00,426.0,13200.0,5196.0
2030-08-19 00:00:00,-600.0,13200.0,5196.0
2030-08-19 06:00:00,426.0,13200.0,5196.0
2030-08-19 12:00:00,426.0,13200.0,5196.0
2030-08-19 18:00:00,426.0,13200.0,5196.0
2030-08-20 00:00:00,426.0,13200.0,5196.0
2030-08-20 06:00:00,426.0,13200.0,5196.0
2030-08-20 12:00:00,426.0,13200.0,5196.0
2030-08-20 18:00:00,426.0,13200.0,5196.0
2030-08-21 00:00:00,426.0,13200.0,5196.0
2030-08-21 06:00:00,426.0,13200.0,5196.0
2030-08-21 12:00:00,426.0,13200.0,5196.0
2030-08-21 18:00:00,426.0,13200.0,5196.0
2030-08-22 00:00:00,426.0,13200.0,5196.0
2030-08-22 06:00:00,426.0,13200.0,5196.0
2030-08-22 12:00:00,426.0,13200.0,5196.0
2030-08-22 18:00:00,426.0,13200.0,5196.0
2030-08-23 00:00:00,426.0,13200.0,5196.0
2030-08-23 06:00:00,426.0,13200.0,5196.0
2030-08-23 12:00:00,426.0,13200.0,5196.0
2030-08-23 18:00:00,426.0,13200.0,5196.0
2030-08-24 00:00:00,426.0,13200.0,5196.0
2030-08-24 06:00:00,426.0,13200.0,5196.0
2030-08-24 12:00:00,426.0,13200.0,5196.0
2030-08-24 18:00:00,426.0,13200.0,5196.0
2030-08-25 00:00:00,426.0,13200.0,5196.0
2030-08-25 06:00:00,426.0,13200.0,5196.0
2030-08-25 12:00:00,426.0,13200.0,5196.0
2030-08-25 18:00:00,426.0,13200.0,5196.0
2030-08-26 00:00:00,426.0,13200.0,5196.0
2030-08-26 06:00:00,426.0,13200.0,5196.0
2030-08-26 12:00:00,426.0,13200.0,5196.0
2030-08-26 18:00:00,426.0,13200.0,5196.0
2030-08-27 00:00:00,426.0,13200.0,5196.0
2030-08-27 06:00:00,426.0,13200.0,5196.0
2030-08-27 12:00:00,426.0,13200.0,5196.0
2030-08-27 18:00:00,426.0,13200.0,5196.0
2030-08-28 00:00:00,426.0,13200.0,5196.0
2030-08-28 06:00:00,426.0,13200.0,5196.0
2030-08-28 12:00:00,426.0,13200.0,5196.0
2030-08-28 18:00:00,426.0,13200.0,5196.0
2030-08-29 00:00:00,426.0,13200.0,5196.0
2030-08-29 06:00:00,426.0,13200.0,5196.0
2030-08-29 12:00:00,426.0,13200.0,5196.0
2030-08-29 18:00:00,426.0,13200.0,5196.0
2030-08-30 00:00:00,426.0,13200.0,5196.0
2030-08-30 06:00:00,426.0,13200.0,5196.0
2030-08-30 12:00:00,426.0,13200.0,5196.0
2030-08-30 18:00:00,426.0,13200.0,5196.0
2030-08-31 00:00:00,426.0,13200.0,5196.0
2030-08-31 06:00:00,426.0,13200.0,5196.0
2030-08-31 12:00:00,426.0,13200.0,5196.0
2030-08-31 18:00:00,426.0,13200.0,5196.0
2030-09-01 00:00:00,426.0,13200.0,5196.0
2030-09-01 06:00:00,426.0,13200.0,5196.0
2030-09-01 12:00:00,426.0,13200.0,5196.0
2030-09-01 18:00:00,426.0,13200.0,5196.0
2030-09-02 00:00:00,426.0,13200.0,5196.0
2030-09-02 06:00:00,426.0,13200.0,5196.0
2030-09-02 12:00:00,426.0,-2665.1178847726187,5196.0
2030-09-02 18:00:00,426.0,-1006.546502607838,5196.0
2030-09-03 00:00:00,426.0,-12000.0,5196.0
2030-09-03 06:00:00,426.0,-12000.0,5196.0
2030-09-03 12:00:00,426.0,-12000.0,5196.0
2030-09-03 18:00:00,426.0,-5100.969516599427,5196.0
2030-09-04 00:00:00,426.0,1615.70504812726,5196.0
2030-09-04 06:00:00,426.0,13200.0,5196.0
2030-09-04 12:00:00,426.0,13200.0,5196.0
2030-09-04 18:00:00,426.0,-609.8101262311902,5196.0
2030-09-05 00:00:00,426.0,13200.0,5196.0
2030-09-05 06:00:00,426.0,-103.83967718256461,5196.0
2030-09-05 12:00:00,426.0,13200.0,5196.0
2030-09-05 18:00:00,426.0,13200.0,5196.0
2030-09-06 00:00:00,426.0,13200.0,5196.0
2030-09-06 06:00:00,426.0,137.36175656612613,5196.0
2030-09-06 12:00:00,426.0,-9709.570520678695,5196.0
2030-09-06 18:00:00,426.0,-12000.0,5196.0
2030-09-07 00:00:00,426.0,13200.0,5196.0
2030-09-07 06:00:00,426.0,-12000.0,5196.0
2030-09-07 12:00:00,426.0,-4928.014020238188,5196.0
2030-09-07 18:00:00,426.0,-12000.0,5196.0
2030-09-08 00:00:00,426.0,9039.17754582082,5196.0
2030-09-08 06:00:00,426.0,-12000.0,5196.0
2030-09-08 12:00:00,426.0,-12000.0,5196.0
2030-09-08 18:00:00,426.0,-12000.0,5196.0
2030-09-09 00:00:00,426.0,-12000.0,5196.0
2030-09-09 06:00:00,426.0,1168.280723630014,5196.0
2030-09-09 12:00:00,426.0,13200.0,5196.0
2030-09-09 18:00:00,426.0,8489.786338521188,5196.0
2030-09-10 00:00:00,426.0,-3452.2197746156016,5196.0
2030-09-10 06:00:00,426.0,13200.0,5196.0
2030-09-10 12:00:00,426.0,13200.0,5196.0
2030-09-10 18:00:00,426.0,13200.0,5196.0
2030-09-11 00:00:00,426.0,11509.422802118606,5196.0
2030-09-11 06:00:00,426.0,10002.507139252191,5196.0
2030-09-11 12:00:00,426.0,746.3575606516096,5196.0
2030-09-11 18:00:00,426.0,13200.0,5196.0
2030-09-12 00:00:00,426.0,-6749.902025065894,5196.0
2030-09-12 06:00:00,426.0,13200.0,5196.0
2030-09-12 12:00:00,426.0,-4288.059473379166,5196.0
2030-09-12 18:00:00,426.0,-12000.0,5196.0
2030-09-13 00:00:00,426.0,13200.0,5196.0
2030-09-13 06:00:00,426.0,5446.77634651534,5196.0
2030-09-13 12:00:00,426.0,6328.730920606817,5196.0
2030-09-13 18:00:00,426.0,13200.0,5196.0
2030-09-14 00:00:00,426.0,7668.118112034914,5196.0
2030-09-14 06:00:00,426.0,-12000.0,5196.0
2030-09-14 12:00:00,426.0,-12000.0,5196.0
2030-09-14 18:00:00,426.0,13200.0,5196.0
2030-09-15 00:00:00,426.0,13200.0,5196.0
2030-09-15 06:00:00,426.0,-3608.263468863101,5196.0
2030-09-15 12:00:00,426.0,13200.0,5196.0
2030-09-15 18:00:00,426.0,13200.0,5196.0
2030-09-16 00:00:00,426.0,13200.0,5196.0
2030-09-16 06:00:00,426.0,13200.0,5196.0
2030-09-16 12:00:00,426.0,13200.0,5196.0
2030-09-16 18:00:00,426.0,13200.0,5196.0
2030-09-17 00:00:00,426.0,11217.066887104877,5196.0
2030-09-17 06:00:00,426.0,-12000.0,5196.0
2030-09-17 12:00:00,426.0,-12000.0,5196.0
2030-09-17 18:00:00,426.0,-4978.401406783247,5196.0
2030-09-18 00:00:00,426.0,-1181.7394429091437,5196.0
2030-09-18 06:00:00,426.0,9856.041922010394,5196.0
2030-09-18 12:00:00,426.0,-8245.480903224881,5196.0
2030-09-18 18:00:00,426.0,-12000.0,5196.0
2030-09-19 00:00:00,426.0,-11967.938557126312,5196.0
2030-09-19 06:00:00,426.0,-12000.0,5196.0
2030-09-19 12:00:00,426.0,-12000.0,5196.0
2030-09-19 18:00:00,426.0,-1305.4754101479627,5196.0
2030-09-20 00:00:00,426.0,4025.7020644959994,5196.0
2030-09-20 06:00:00,426.0,-4963.67634826983,5196.0
2030-09-20 12:00:00,426.0,-10501.867263710512,5196.0
2030-09-20 18:00:00,426.0,-12000.0,5196.0
2030-09-21 00:00:00,426.0,-12000.0,5196.0
2030-09-21 06:00:00,426.0,-12000.0,5196.0
2030-09-21 12:00:00,426.0,-7038.117458999324,5196.0
2030-09-21 18:00:00,426.0,-12000.0,5196.0
2030-09-22 00:00:00,426.0,-12000.0,5196.0
2030-09-22 06:00:00,426.0,-12000.0,5196.0
2030-09-22 12:00:00,426.0,13036.213814355157,5196.0
2030-09-22 18:00:00,426.0,-11485.524270977052,5196.0
2030-09-23 00:00:00,426.0,-12000.0,5196.0
2030-09-23 06:00:00,426.0,-12000.0,5196.0
2030-09-23 12:00:00,426.0,-12000.0,5196.0
2030-09-23 18:00:00,426.0,-12000.0,5196.0
2030-09-24 00:00:00,426.0,-12000.0,5196.0
2030-09-24 06:00:00,426.0,-12000.0,5196.0
2030-09-24 12:00:00,426.0,-6664.822504450793,5196.0
2030-09-24 18:00:00,426.0,-12000.0,5196.0
2030-09-25 00:00:00,426.0,-12000.0,5196.0
2030-09-25 06:00:00,426.0,-12000.0,5196.0
2030-09-25 12:00:00,426.0,-6646.511208776392,5196.0
2030-09-25 18:00:00,426.0,13200.0,5196.0
2030-09-26 00:00:00,426.0,-12000.0,5196.0
2030-09-26 06:00:00,426.0,13200.0,5196.0
2030-09-26 12:00:00,426.0,-12000.0,5196.0
2030-09-26 18:00:00,426.0,-12000.0,5196.0
2030-09-27 00:00:00,426.0,8288.852783452505,5196.0
2030-09-27 06:00:00,426.0,13200.0,5196.0
2030-09-27 12:00:00,426.0,8756.96717967165,5196.0
2030-09-27 18:00:00,426.0,13200.0,5196.0
2030-09-28 00:00:00,426.0,13200.0,5196.0
2030-09-28 06:00:00,426.0,13200.0,5196.0
2030-09-28 12:00:00,426.0,-12000.0,5196.0
2030-09-28 18:00:00,426.0,13200.0,5196.0
2030-09-29 00:00:00,426.0,-12000.0,5196.0
2030-09-29 06:00:00,426.0,13200.0,5196.0
2030-09-29 12:00:00,426.0,13200.0,5196.0
2030-09-29 18:00:00,426.0,-12000.0,5196.0
2030-09-30 00:00:00,426.0,-12000.0,5196.0
2030-09-30 06:00:00,426.0,6454.435913450929,5196.0
2030-09-30 12:00:00,426.0,7938.935390156998,5196.0
2030-09-30 18:00:00,426.0,-3171.5893787740715,5196.0
2030-10-01 00:00:00,426.0,13200.0,5196.0
2030-10-01 06:00:00,426.0,-11090.964976394156,5196.0
2030-10-01 12:00:00,426.0,13200.0,5196.0
2030-10-01 18:00:00,-600.0,13200.0,5196.0
2030-10-02 00:00:00,-600.0,13200.0,5196.0
2030-10-02 06:00:00,-600.0,13200.0,5196.0
2030-10-02 12:00:00,-600.0,13200.0,5196.0
2030-10-02 18:00:00,-600.0,13200.0,5196.0
2030-10-03 00:00:00,-600.0,13200.0,5196.0
2030-10-03 06:00:00,-600.0,13200.0,5196.0
2030-10-03 12:00:00,-600.0,13200.0,5196.0
2030-10-03 18:00:00,-600.0,13200.0,5196.0
2030-10-04 00:00:00,-600.0,13200.0,5196.0
2030-10-04 06:00:00,-600.0,13200.0,5196.0
2030-10-04 12:00:00,-600.0,13200.0,5196.0
2030-10-04 18:00:00,-600.0,13200.0,5196.0
2030-10-05 00:00:00,-600.0,13200.0,5196.0
2030-10-05 06:00:00,-600.0,13200.0,5196.0
2030-10-05 12:00:00,-600.0,13200.0,5196.0
2030-10-05 18:00:00,-600.0,13200.0,5196.0
2030-10-06 00:00:00,-600.0,13200.0,5196.0
2030-10-06 06:00:00,-600.0,13200.0,5196.0
2030-10-06 12:00:00,-600.0,13200.0,5196.0
2030-10-06 18:00:00,-600.0,13200.0,5196.0
2030-10-07 00:00:00,-600.0,13200.0,5196.0
2030-10-07 06:00:00,-600.0,13200.0,5196.0
2030-10-07 12:00:00,-600.0,13200.0,5196.0
2030-10-07 18:00:00,-600.0,13200.0,5196.0
2030-10-08 00:00:00,-600.0,13200.0,5196.0
2030-10-08 06:00:00,-600.0,13200.0,5196.0
2030-10-08 12:00:00,-600.0,13200.0,5196.0
2030-10-08 18:00:00,-600.0,13200.0,5196.0
2030-10-09 00:00:00,-600.0,13200.0,5196.0
2030-10-09 06:00:00,-600.0,13200.0,5196.0
2030-10-09 12:00:00,-600.0,13200.0,5196.0
2030-10-09 18:00:00,-600.0,13200.0,5196.0
2030-10-10 00:00:00,-600.0,13200.0,5196.0
2030-10-10 06:00:00,-600.0,13200.0,5196.0
2030-10-10 12:00:00,-600.0,13200.0,5196.0
2030-10-10 18:00:00,-600.0,13200.0,5196.0
2030-10-11 00:00:00,-600.0,13200.0,5196.0
2030-10-11 06:00:00,-600.0,13200.0,5196.0
2030-10-11 12:00:00,-600.0,13200.0,5196.0
2030-10-11 18:00:00,-600.0,13200.0,5196.0
2030-10-12 00:00:00,-600.0,13200.0,5196.0
2030-10-12 06:00:00,-600.0,13200.0,5196.0
2030-10-12 12:00:00,-600.0,13200.0,5196.0
2030-10-12 18:00:00,-600.0,13200.0,5196.0
2030-10-13 00:00:00,-600.0,13200.0,5196.0
2030-10-13 06:00:00,-600.0,13200.0,5196.0
2030-10-13 12:00:00,-600.0,13200.0,5196.0
2030-10-13 18:00:00,-600.0,13200.0,5196.0
2030-10-14 00:00:00,-600.0,13200.0,5196.0
2030-10-14 06:00:00,-600.0,13200.0,5196.0
2030-10-14 12:00:00,-600.0,13200.0,5196.0
2030-10-14 18:00:00,-600.0,13200.0,5196.0
2030-10-15 00:00:00,-600.0,13200.0,5196.0
2030-10-15 06:00:00,-600.0,13200.0,5196.0
2030-10-15 12:00:00,-600.0,13200.0,5196.0
2030-10-15 18:00:00,-600.0,13200.0,5196.0
2030-10-16 00:00:00,-600.0,13200.0,5196.0
2030-10-16 06:00:00,-600.0,13200.0,5196.0
2030-10-16 12:00:00,-600.0,13200.0,5196.0
2030-10-16 18:00:00,-600.0,13200.0,5196.0
2030-10-17 00:00:00,-600.0,13200.0,5196.0
2030-10-17 06:00:00,-600.0,13200.0,5196.0
2030-10-17 12:00:00,-600.0,13200.0,5196.0
2030-10-17 18:00:00,-600.0,13200.0,5196.0
2030-10-18 00:00:00,-600.0,13200.0,5196.0
2030-10-18 06:00:00,-600.0,13200.0,5196.0
2030-10-18 12:00:00,-600.0,13200.0,5196.0
2030-10-18 18:00:00,-600.0,13200.0,5196.0
2030-10-19 00:00:00,-600.0,13200.0,5196.0
2030-10-19 06:00:00,-600.0,13200.0,5196.0
2030-10-19 12:00:00,-600.0,13200.0,5196.0
2030-10-19 18:00:00,-600.0,13200.0,5196.0
2030-10-20 00:00:00,-600.0,13200.0,5196.0
2030-10-20 06:00:00,-600.0,13200.0,5196.0
2030-10-20 12:00:00,-600.0,13200.0,5196.0
2030-10-20 18:00:00,-600.0,13200.0,5196.0
2030-10-21 00:00:00,-600.0,13200.0,5196.0
2030-10-21 06:00:00,-600.0,13200.0,5196.0
2030-10-21 12:00:00,-600.0,13200.0,5196.0
2030-10-21 18:00:00,-600.0,13200.0,5196.0
2030-10-22 00:00:00,-600.0,13200.0,5196.0
2030-10-22 06:00:00,-600.0,13200.0,5196.0
2030-10-22 12:00:00,-600.0,13200.0,5196.0
2030-10-22 18:00:00,-600.0,13200.0,5196.0
2030-10-23 00:00:00,-600.0,13200.0,5196.0
2030-10-23 06:00:00,-600.0,13200.0,5196.0
2030-10-23 12:00:00,-600.0,13200.0,5196.0
2030-10-23 18:00:00,-600.0,13200.0,5196.0
2030-10-24 00:00:00,-600.0,13200.0,5196.0
2030-10-24 06:00:00,-600.0,13200.0,5196.0
2030-10-24 12:00:00,-600.0,13200.0,5196.0
2030-10-24 18:00:00,-600.0,13200.0,5196.0
2030-10-25 00:00:00,-600.0,13200.0,5196.0
2030-10-25 06:00:00,-600.0,13200.0,5196.0
2030-10-25 12:00:00,-600.0,13200.0,5196.0
2030-10-25 18:00:00,-600.0,13200.0,5196.0
2030-10-26 00:00:00,-600.0,13200.0,5196.0
2030-10-26 06:00:00,-600.0,13200.0,5196.0
2030-10-26 12:00:00,-600.0,13200.0,5196.0
2030-10-26 18:00:00,-600.0,13200.0,5196.0
2030-10-27 00:00:00,-600.0,13200.0,5196.0
2030-10-27 06:00:00,-600.0,13200.0,5196.0
2030-10-27 12:00:00,-600.0,13200.0,5196.0
2030-10-27 18:00:00,-600.0,13200.0,5196.0
2030-10-28 00:00:00,-600.0,13200.0,5196.0
2030-10-28 06:00:00,-600.0,13200.0,5196.0
2030-10-28 12:00:00,426.0,13200.0,5196.0
2030-10-28 18:00:00,426.0,13200.0,5196.0
2030-10-29 00:00:00,-600.0,13200.0,5196.0
2030-10-29 06:00:00,-600.0,13200.0,5196.0
2030-10-29 12:00:00,-600.0,13200.0,5196.0
2030-10-29 18:00:00,-600.0,13200.0,5196.0
2030-10-30 00:00:00,-600.0,13200.0,5196.0
2030-10-30 06:00:00,-600.0,13200.0,5196.0
2030-10-30 12:00:00,-600.0,13200.0,5196.0
2030-10-30 18:00:00,-600.0,13200.0,5196.0
2030-10-31 00:00:00,-600.0,13200.0,5196.0
2030-10-31 06:00:00,-600.0,13200.0,5196.0
2030-10-31 12:00:00,-600.0,13200.0,5196.0
2030-10-31 18:00:00,-600.0,13200.0,5196.0
2030-11-01 00:00:00,-600.0,13200.0,5196.0
2030-11-01 06:00:00,-600.0,13200.0,5196.0
2030-11-01 12:00:00,-600.0,13200.0,5196.0
2030-11-01 18:00:00,-600.0,13200.0,5196.0
2030-11-02 00:00:00,-600.0,13200.0,5196.0
2030-11-02 06:00:00,-600.0,13200.0,5196.0
2030-11-02 12:00:00,-600.0,13200.0,5196.0
2030-11-02 18:00:00,-600.0,13200.0,5196.0
2030-11-03 00:00:00,-600.0,13200.0,5196.0
2030-11-03 06:00:00,-600.0,13200.0,5196.0
2030-11-03 12:00:00,-600.0,13200.0,5196.0
2030-11-03 18:00:00,-600.0,13200.0,5196.0
2030-11-04 00:00:00,-600.0,13200.0,5196.0
2030-11-04 06:00:00,-600.0,13200.0,5196.0
2030-11-04 12:00:00,-600.0,13200.0,5196.0
2030-11-04 18:00:00,-600.0,13200.0,5196.0
2030-11-05 00:00:00,-600.0,13200.0,5196.0
2030-11-05 06:00:00,-600.0,13200.0,5196.0
2030-11-05 12:00:00,-600.0,13200.0,5196.0
2030-11-05 18:00:00,-600.0,13200.0,5196.0
2030-11-06 00:00:00,-600.0,13200.0,5196.0
2030-11-06 06:00:00,-600.0,13200.0,5196.0
2030-11-06 12:00:00,-600.0,13200.0,5196.0
2030-11-06 18:00:00,-600.0,13200.0,5196.0
2030-11-07 00:00:00,-600.0,13200.0,5196.0
2030-11-07 06:00:00,-600.0,13200.0,5196.0
2030-11-07 12:00:00,-600.0,13200.0,5196.0
2030-11-07 18:00:00,-600.0,13200.0,5196.0
2030-11-08 00:00:00,-600.0,13200.0,5196.0
2030-11-08 06:00:00,-600.0,13200.0,5196.0
2030-11-08 12:00:00,-600.0,13200.0,5196.0
2030-11-08 18:00:00,-600.0,13200.0,5196.0
2030-11-09 00:00:00,-600.0,13200.0,5196.0
2030-11-09 06:00:00,-600.0,13200.0,5196.0
2030-11-09 12:00:00,-600.0,13200.0,5196.0
2030-11-09 18:00:00,-600.0,13200.0,5196.0
2030-11-10 00:00:00,-600.0,13200.0,5196.0
2030-11-10 06:00:00,-600.0,13200.0,5196.0
2030-11-10 12:00:00,-600.0,13200.0,5196.0
2030-11-10 18:00:00,-600.0,13200.0,5196.0
2030-11-11 00:00:00,426.0,13200.0,5196.0
2030-11-11 06:00:00,426.0,13200.0,5196.0
2030-11-11 12:00:00,426.0,13200.0,5196.0
2030-11-11 18:00:00,426.0,13200.0,5196.0
2030-11-12 00:00:00,426.0,13200.0,5196.0
2030-11-12 06:00:00,426.0,13200.0,5196.0
2030-11-12 12:00:00,-600.0,13200.0,5196.0
2030-11-12 18:00:00,-600.0,13200.0,5196.0
2030-11-13 00:00:00,-600.0,13200.0,5196.0
2030-11-13 06:00:00,426.0,13200.0,5196.0
2030-11-13 12:00:00,-600.0,13200.0,5196.0
2030-11-13 18:00:00,-600.0,13200.0,5196.0
2030-11-14 00:00:00,-600.0,13200.0,5196.0
2030-11-14 06:00:00,-600.0,13200.0,5196.0
2030-11-14 12:00:00,-600.0,13200.0,5196.0
2030-11-14 18:00:00,-600.0,13200.0,5196.0
2030-11-15 00:00:00,-600.0,13200.0,5196.0
2030-11-15 06:00:00,-600.0,13200.0,5196.0
2030-11-15 12:00:00,-600.0,13200.0,5196.0
2030-11-15 18:00:00,-600.0,13200.0,5196.0
2030-11-16 00:00:00,-600.0,13200.0,5196.0
2030-11-16 06:00:00,-600.0,13200.0,5196.0
2030-11-16 12:00:00,-600.0,13200.0,5196.0
2030-11-16 18:00:00,-600.0,13200.0,5196.0
2030-11-17 00:00:00,-600.0,13200.0,5196.0
2030-11-17 06:00:00,-600.0,13200.0,5196.0
2030-11-17 12:00:00,-600.0,13200.0,5196.0
2030-11-17 18:00:00,-600.0,13200.0,5196.0
2030-11-18 00:00:00,-600.0,13200.0,5196.0
2030-11-18 06:00:00,-600.0,13200.0,5196.0
2030-11-18 12:00:00,-600.0,13200.0,5196.0
2030-11-18 18:00:00,-600.0,13200.0,5196.0
2030-11-19 00:00:00,-600.0,13200.0,5196.0
2030-11-19 06:00:00,426.0,13200.0,5196.0
2030-11-19 12:00:00,-600.0,13200.0,5196.0
2030-11-19 18:00:00,-600.0,13200.0,5196.0
2030-11-20 00:00:00,-600.0,13200.0,5196.0
2030-11-20 06:00:00,-600.0,13200.0,5196.0
2030-11-20 12:00:00,-600.0,13200.0,5196.0
2030-11-20 18:00:00,-600.0,13200.0,5196.0
2030-11-21 00:00:00,-600.0,13200.0,5196.0
2030-11-21 06:00:00,-600.0,13200.0,5196.0
2030-11-21 12:00:00,-600.0,13200.0,5196.0
2030-11-21 18:00:00,-600.0,13200.0,5196.0
2030-11-22 00:00:00,-600.0,13200.0,5196.0
2030-11-22 06:00:00,-600.0,13200.0,5196.0
2030-11-22 12:00:00,-600.0,13200.0,5196.0
2030-11-22 18:00:00,-600.0,13200.0,5196.0
2030-11-23 00:00:00,-600.0,13200.0,5196.0
2030-11-23 06:00:00,-600.0,13200.0,5196.0
2030-11-23 12:00:00,-600.0,13200.0,5196.0
2030-11-23 18:00:00,-600.0,13200.0,5196.0
2030-11-24 00:00:00,-600.0,13200.0,5196.0
2030-11-24 06:00:00,-600.0,13200.0,5196.0
2030-11-24 12:00:00,-600.0,13200.0,5196.0
2030-11-24 18:00:00,426.0,13200.0,5196.0
2030-11-25 00:00:00,426.0,10641.830382680404,5196.0
2030-11-25 06:00:00,426.0,13200.0,5196.0
2030-11-25 12:00:00,426.0,13200.0,5196.0
2030-11-25 18:00:00,426.0,13200.0,5196.0
2030-11-26 00:00:00,-600.0,13200.0,5196.0
2030-11-26 06:00:00,426.0,13200.0,5196.0
2030-11-26 12:00:00,-600.0,13200.0,5196.0
2030-11-26 18:00:00,-600.0,13200.0,5196.0
2030-11-27 00:00:00,-600.0,13200.0,5196.0
2030-11-27 06:00:00,426.0,13200.0,5196.0
2030-11-27 12:00:00,-600.0,13200.0,5196.0
2030-11-27 18:00:00,-600.0,13200.0,5196.0
2030-11-28 00:00:00,-600.0,13200.0,5196.0
2030-11-28 06:00:00,426.0,13200.0,5196.0
2030-11-28 12:00:00,-600.0,13200.0,5196.0
2030-11-28 18:00:00,-600.0,13200.0,5196.0
2030-11-29 00:00:00,-600.0,13200.0,5196.0
2030-11-29 06:00:00,426.0,13200.0,5196.0
2030-11-29 12:00:00,-600.0,13200.0,5196.0
2030-11-29 18:00:00,-600.0,13200.0,5196.0
2030-11-30 00:00:00,-600.0,13200.0,5196.0
2030-11-30 06:00:00,426.0,13200.0,5196.0
2030-11-30 12:00:00,-600.0,13200.0,5196.0
2030-11-30 18:00:00,-600.0,13200.0,5196.0
2030-12-01 00:00:00,-600.0,13200.0,5196.0
2030-12-01 06:00:00,-600.0,13200.0,5196.0
2030-12-01 12:00:00,-600.0,13200.0,5196.0
2030-12-01 18:00:00,-600.0,13200.0,5196.0
2030-12-02 00:00:00,-600.0,13200.0,5196.0
2030-12-02 06:00:00,-600.0,13200.0,5196.0
2030-12-02 12:00:00,-600.0,13200.0,5196.0
2030-12-02 18:00:00,-600.0,13200.0,5196.0
2030-12-03 00:00:00,426.0,13200.0,5196.0
2030-12-03 06:00:00,426.0,13200.0,5196.0
2030-12-03 12:00:00,-600.0,13200.0,5196.0
2030-12-03 18:00:00,-600.0,13200.0,5196.0
2030-12-04 00:00:00,-600.0,13200.0,5196.0
2030-12-04 06:00:00,-600.0,13200.0,5196.0
2030-12-04 12:00:00,-600.0,13200.0,5196.0
2030-12-04 18:00:00,-600.0,13200.0,5196.0
2030-12-05 00:00:00,-600.0,13200.0,5196.0
2030-12-05 06:00:00,-600.0,13200.0,5196.0
2030-12-05 12:00:00,-600.0,13200.0,5196.0
2030-12-05 18:00:00,-600.0,13200.0,5196.0
2030-12-06 00:00:00,-600.0,13200.0,5196.0
2030-12-06 06:00:00,-600.0,13200.0,5196.0
2030-12-06 12:00:00,-600.0,13200.0,5196.0
2030-12-06 18:00:00,-600.0,13200.0,5196.0
2030-12-07 00:00:00,-600.0,13200.0,5196.0
2030-12-07 06:00:00,-600.0,13200.0,5196.0
2030-12-07 12:00:00,-600.0,13200.0,5196.0
2030-12-07 18:00:00,-600.0,13200.0,5196.0
2030-12-08 00:00:00,-600.0,13200.0,5196.0
2030-12-08 06:00:00,-600.0,13200.0,5196.0
2030-12-08 12:00:00,-600.0,13200.0,5196.0
2030-12-08 18:00:00,-600.0,13200.0,5196.0
2030-12-09 00:00:00,426.0,13200.0,5196.0
2030-12-09 06:00:00,426.0,13200.0,5196.0
2030-12-09 12:00:00,426.0,13200.0,5196.0
2030-12-09 18:00:00,426.0,13200.0,5196.0
2030-12-10 00:00:00,426.0,13200.0,5196.0
2030-12-10 06:00:00,-600.0,13200.0,5196.0
2030-12-10 12:00:00,-600.0,13200.0,5196.0
2030-12-10 18:00:00,-600.0,13200.0,5196.0
2030-12-11 00:00:00,-600.0,13200.0,5196.0
2030-12-11 06:00:00,-600.0,13200.0,5196.0
2030-12-11 12:00:00,-600.0,13200.0,5196.0
2030-12-11 18:00:00,-600.0,13200.0,5196.0
2030-12-12 00:00:00,-600.0,13200.0,5196.0
2030-12-12 06:00:00,-600.0,13200.0,5196.0
2030-12-12 12:00:00,-600.0,13200.0,5196.0
2030-12-12 18:00:00,-600.0,13200.0,5196.0
2030-12-13 00:00:00,-600.0,13200.0,5196.0
2030-12-13 06:00:00,-600.0,13200.0,5196.0
2030-12-13 12:00:00,-600.0,13200.0,5196.0
2030-12-13 18:00:00,-600.0,13200.0,5196.0
2030-12-14 00:00:00,-600.0,13200.0,5196.0
2030-12-14 06:00:00,-600.0,13200.0,5196.0
2030-12-14 12:00:00,-600.0,13200.0,5196.0
2030-12-14 18:00:00,-600.0,13200.0,5196.0
2030-12-15 00:00:00,-600.0,13200.0,5196.0
2030-12-15 06:00:00,-600.0,13200.0,5196.0
2030-12-15 12:00:00,-600.0,13200.0,5196.0
2030-12-15 18:00:00,-600.0,13200.0,5196.0
2030-12-16 00:00:00,-600.0,13200.0,5196.0
2030-12-16 06:00:00,-600.0,13200.0,5196.0
2030-12-16 12:00:00,-600.0,13200.0,5196.0
2030-12-16 18:00:00,-600.0,13200.0,5196.0
2030-12-17 00:00:00,-600.0,13200.0,5196.0
2030-12-17 06:00:00,-600.0,13200.0,5196.0
2030-12-17 12:00:00,-600.0,13200.0,5196.0
2030-12-17 18:00:00,-600.0,13200.0,5196.0
2030-12-18 00:00:00,-600.0,13200.0,5196.0
2030-12-18 06:00:00,-600.0,13200.0,5196.0
2030-12-18 12:00:00,-600.0,13200.0,5196.0
2030-12-18 18:00:00,426.0,13200.0,5196.0
2030-12-19 00:00:00,426.0,13200.0,5196.0
2030-12-19 06:00:00,426.0,13200.0,5196.0
2030-12-19 12:00:00,-105.27156425605062,13200.0,5196.0
2030-12-19 18:00:00,426.0,13200.0,5196.0
2030-12-20 00:00:00,-600.0,13200.0,5196.0
2030-12-20 06:00:00,-600.0,13200.0,5196.0
2030-12-20 12:00:00,-600.0,13200.0,5196.0
2030-12-20 18:00:00,-600.0,13200.0,5196.0
2030-12-21 00:00:00,-600.0,13200.0,5196.0
2030-12-21 06:00:00,-600.0,13200.0,5196.0
2030-12-21 12:00:00,-600.0,13200.0,5196.0
2030-12-21 18:00:00,-600.0,13200.0,5196.0
2030-12-22 00:00:00,-600.0,13200.0,5196.0
2030-12-22 06:00:00,-600.0,13200.0,5196.0
2030-12-22 12:00:00,-600.0,13200.0,5196.0
2030-12-22 18:00:00,-600.0,13200.0,5196.0
2030-12-23 00:00:00,-600.0,13200.0,5196.0
2030-12-23 06:00:00,-600.0,13200.0,5196.0
2030-12-23 12:00:00,-600.0,13200.0,5196.0
2030-12-23 18:00:00,-600.0,13200.0,5196.0
2030-12-24 00:00:00,-600.0,13200.0,5196.0
2030-12-24 06:00:00,-600.0,13200.0,5196.0
2030-12-24 12:00:00,-600.0,13200.0,5196.0
2030-12-24 18:00:00,426.0,13200.0,5196.0
2030-12-25 00:00:00,426.0,13200.0,5196.0
2030-12-25 06:00:00,426.0,13200.0,5196.0
2030-12-25 12:00:00,426.0,13200.0,5196.0
2030-12-25 18:00:00,426.0,13200.0,5196.0
2030-12-26 00:00:00,426.0,13200.0,5196.0
2030-12-26 06:00:00,-600.0,13200.0,5196.0
2030-12-26 12:00:00,-600.0,13200.0,5196.0
2030-12-26 18:00:00,-600.0,13200.0,5196.0
2030-12-27 00:00:00,-600.0,13200.0,5196.0
2030-12-27 06:00:00,-600.0,13200.0,5196.0
2030-12-27 12:00:00,-600.0,13200.0,5196.0
2030-12-27 18:00:00,-600.0,13200.0,5196.0
2030-12-28 00:00:00,-600.0,13200.0,5196.0
2030-12-28 06:00:00,-600.0,13200.0,5196.0
2030-12-28 12:00:00,-600.0,13200.0,5196.0
2030-12-28 18:00:00,-600.0,13200.0,5196.0
2030-12-29 00:00:00,-600.0,13200.0,5196.0
2030-12-29 06:00:00,-600.0,13200.0,5196.0
2030-12-29 12:00:00,-600.0,13200.0,5196.0
2030-12-29 18:00:00,-600.0,13200.0,5196.0
2030-12-30 00:00:00,-600.0,13200.0,5196.0
2030-12-30 06:00:00,-600.0,13200.0,5196.0
2030-12-30 12:00:00,-600.0,13200.0,5196.0
2030-12-30 18:00:00,-600.0,13200.0,5196.0
2030-12-31 00:00:00,-600.0,13200.0,5196.0
2030-12-31 06:00:00,-600.0,13200.0,5196.0
2030-12-31 12:00:00,-600.0,13200.0,5196.0
2030-12-31 18:00:00,-600.0,13200.0,5196.0
2031-01-01 00:00:00,-600.0,13200.0,5196.0
2031-01-01 06:00:00,-600.0,13200.0,5196.0
2031-01-01 12:00:00,-600.0,13200.0,5196.0
2031-01-01 18:00:00,-600.0,13200.0,5196.0
2031-01-02 00:00:00,-600.0,13200.0,5196.0
2031-01-02 06:00:00,-600.0,13200.0,5196.0
2031-01-02 12:00:00,-600.0,13200.0,5196.0
2031-01-02 18:00:00,-600.0,13200.0,5196.0
2031-01-03 00:00:00,-600.0,13200.0,5196.0
2031-01-03 06:00:00,-600.0,13200.0,5196.0
2031-01-03 12:00:00,-600.0,13200.0,5196.0
2031-01-03 18:00:00,-600.0,13200.0,5196.0
2031-01-04 00:00:00,-600.0,13200.0,5196.0
2031-01-04 06:00:00,-600.0,13200.0,5196.0
2031-01-04 12:00:00,-600.0,13200.0,5196.0
2031-01-04 18:00:00,-600.0,13200.0,5196.0
2031-01-05 00:00:00,-600.0,13200.0,5196.0
2031-01-05 06:00:00,-600.0,13200.0,5196.0
2031-01-05 12:00:00,-600.0,13200.0,5196.0
2031-01-05 18:00:00,-600.0,13200.0,5196.0
2031-01-06 00:00:00,-600.0,13200.0,-6960.0
2031-01-06 06:00:00,-600.0,13200.0,5196.0
2031-01-06 12:00:00,-600.0,13200.0,-6960.0
2031-01-06 18:00:00,-600.0,-1762.8167784624384,-6960.0
2031-01-07 00:00:00,-600.0,-12000.0,-6960.0
2031-01-07 06:00:00,-600.0,13200.0,-6960.0
2031-01-07 12:00:00,-600.0,13200.0,-6960.0
2031-01-07 18:00:00,-600.0,13200.0,-6960.0
2031-01-08 00:00:00,-600.0,13200.0,5196.0
2031-01-08 06:00:00,-600.0,13200.0,5196.0
2031-01-08 12:00:00,-600.0,13200.0,5196.0
2031-01-08 18:00:00,-600.0,13200.0,5196.0
2031-01-09 00:00:00,-600.0,13200.0,5196.0
2031-01-09 06:00:00,-600.0,13200.0,5196.0
2031-01-09 12:00:00,-600.0,13200.0,5196.0
2031-01-09 18:00:00,-600.0,13200.0,5196.0
2031-01-10 00:00:00,-600.0,13200.0,5196.0
2031-01-10 06:00:00,426.0,13200.0,5196.0
2031-01-10 12:00:00,426.0,13200.0,5196.0
2031-01-10 18:00:00,-600.0,13200.0,5196.0
2031-01-11 00:00:00,-600.0,13200.0,5196.0
2031-01-11 06:00:00,-600.0,13200.0,5196.0
2031-01-11 12:00:00,-600.0,13200.0,5196.0
2031-01-11 18:00:00,-600.0,13200.0,5196.0
2031-01-12 00:00:00,-600.0,13200.0,5196.0
2031-01-12 06:00:00,-600.0,13200.0,5196.0
2031-01-12 12:00:00,-600.0,13200.0,5196.0
2031-01-12 18:00:00,-600.0,13200.0,5196.0
2031-01-13 00:00:00,-600.0,13200.0,5196.0
2031-01-13 06:00:00,-600.0,13200.0,5196.0
2031-01-13 12:00:00,-600.0,13200.0,5196.0
2031-01-13 18:00:00,-600.0,13200.0,5196.0
2031-01-14 00:00:00,-600.0,13200.0,5196.0
2031-01-14 06:00:00,-600.0,13200.0,5196.0
2031-01-14 12:00:00,-600.0,13200.0,5196.0
2031-01-14 18:00:00,-600.0,13200.0,5196.0
2031-01-15 00:00:00,-600.0,13200.0,5196.0
2031-01-15 06:00:00,-600.0,13200.0,5196.0
2031-01-15 12:00:00,426.0,13200.0,5196.0
2031-01-15 18:00:00,-600.0,13200.0,5196.0
2031-01-16 00:00:00,-600.0,13200.0,5196.0
2031-01-16 06:00:00,-600.0,13200.0,5196.0
2031-01-16 12:00:00,426.0,13200.0,5196.0
2031-01-16 18:00:00,426.0,11452.257123742718,5196.0
2031-01-17 00:00:00,426.0,1560.6453779912115,5196.0
2031-01-17 06:00:00,426.0,13200.0,5196.0
2031-01-17 12:00:00,426.0,9488.469477515246,5196.0
2031-01-17 18:00:00,426.0,13200.0,5196.0
2031-01-18 00:00:00,426.0,13200.0,5196.0
2031-01-18 06:00:00,426.0,13200.0,5196.0
2031-01-18 12:00:00,426.0,4889.122353342084,5196.0
2031-01-18 18:00:00,426.0,13200.0,5196.0
2031-01-19 00:00:00,426.0,13200.0,5196.0
2031-01-19 06:00:00,426.0,13200.0,5196.0
2031-01-19 12:00:00,-600.0,13200.0,5196.0
2031-01-19 18:00:00,-600.0,13200.0,5196.0
2031-01-20 00:00:00,-600.0,13200.0,5196.0
2031-01-20 06:00:00,-600.0,13200.0,5196.0
2031-01-20 12:00:00,-600.0,13021.280479068751,-6960.0
2031-01-20 18:00:00,-600.0,13200.0,-6960.0
2031-01-21 00:00:00,-600.0,13200.0,-6960.0
2031-01-21 06:00:00,-600.0,13200.0,5196.0
2031-01-21 12:00:00,-600.0,13200.0,5196.0
2031-01-21 18:00:00,-600.0,13200.0,-6960.0
2031-01-22 00:00:00,-600.0,13200.0,-6960.0
2031-01-22 06:00:00,-600.0,13200.0,5196.0
2031-01-22 12:00:00,-600.0,13200.0,-4165.493691948242
2031-01-22 18:00:00,-600.0,13037.075440079614,-6960.0
2031-01-23 00:00:00,-600.0,13200.0,-6960.0
2031-01-23 06:00:00,-600.0,13200.0,5196.0
2031-01-23 12:00:00,-600.0,13200.0,-6960.0
2031-01-23 18:00:00,-600.0,13200.0,-6960.0
2031-01-24 00:00:00,-600.0,13200.0,-6960.0
2031-01-24 06:00:00,-600.0,13200.0,5196.0
2031-01-24 12:00:00,-600.0,12366.261043201564,-6960.0
2031-01-24 18:00:00,-600.0,-12000.0,-6960.0
2031-01-25 00:00:00,-600.0,-12000.0,-6960.0
2031-01-25 06:00:00,-600.0,2501.5028343517333,5196.0
2031-01-25 12:00:00,-600.0,13200.0,5196.0
2031-01-25 18:00:00,-600.0,13200.0,5196.0
2031-01-26 00:00:00,-600.0,13200.0,5196.0
2031-01-26 06:00:00,-600.0,13200.0,5196.0
2031-01-26 12:00:00,-600.0,13200.0,5196.0
2031-01-26 18:00:00,-600.0,13200.0,5196.0
2031-01-27 00:00:00,-600.0,13200.0,5196.0
2031-01-27 06:00:00,-600.0,13200.0,5196.0
2031-01-27 12:00:00,-600.0,13200.0,5196.0
2031-01-27 18:00:00,-600.0,13200.0,5196.0
2031-01-28 00:00:00,-600.0,13200.0,5196.0
2031-01-28 06:00:00,-600.0,13200.0,5196.0
2031-01-28 12:00:00,-600.0,13200.0,5196.0
2031-01-28 18:00:00,-600.0,13200.0,5196.0
2031-01-29 00:00:00,-600.0,13200.0,5196.0
2031-01-29 06:00:00,-600.0,13200.0,5196.0
2031-01-29 12:00:00,-600.0,13200.0,5196.0
2031-01-29 18:00:00,-600.0,13200.0,5196.0
2031-01-30 00:00:00,-600.0,13200.0,5196.0
2031-01-30 06:00:00,-600.0,13200.0,5196.0
2031-01-30 12:00:00,-600.0,13200.0,5196.0
2031-01-30 18:00:00,426.0,13200.0,5196.0
2031-01-31 00:00:00,426.0,13200.0,5196.0
2031-01-31 06:00:00,426.0,13200.0,5196.0
2031-01-31 12:00:00,426.0,13200.0,5196.0
2031-01-31 18:00:00,426.0,13200.0,5196.0
2031-02-01 00:00:00,426.0,13200.0,5196.0
2031-02-01 06:00:00,-600.0,13200.0,5196.0
2031-02-01 12:00:00,-600.0,13200.0,5196.0
2031-02-01 18:00:00,-600.0,13200.0,5196.0
2031-02-02 00:00:00,-600.0,13200.0,5196.0
2031-02-02 06:00:00,-600.0,13200.0,5196.0
2031-02-02 12:00:00,-600.0,13200.0,5196.0
2031-02-02 18:00:00,426.0,13200.0,5196.0
2031-02-03 00:00:00,426.0,13200.0,5196.0
2031-02-03 06:00:00,426.0,13200.0,5196.0
2031-02-03 12:00:00,426.0,13200.0,5196.0
2031-02-03 18:00:00,426.0,13200.0,5196.0
2031-02-04 00:00:00,-600.0,13200.0,5196.0
2031-02-04 06:00:00,426.0,13200.0,5196.0
2031-02-04 12:00:00,426.0,13200.0,5196.0
2031-02-04 18:00:00,-600.0,13200.0,5196.0
2031-02-05 00:00:00,426.0,13200.0,5196.0
2031-02-05 06:00:00,-600.0,13200.0,5196.0
2031-02-05 12:00:00,-600.0,13200.0,5196.0
2031-02-05 18:00:00,-600.0,13200.0,5196.0
2031-02-06 00:00:00,-600.0,13200.0,5196.0
2031-02-06 06:00:00,-600.0,13200.0,5196.0
2031-02-06 12:00:00,-600.0,13200.0,5196.0
2031-02-06 18:00:00,-58.97574542618531,13200.0,5196.0
2031-02-07 00:00:00,426.0,13200.0,5196.0
2031-02-07 06:00:00,-600.0,13200.0,5196.0
2031-02-07 12:00:00,426.0,13200.0,5196.0
2031-02-07 18:00:00,-600.0,13200.0,5196.0
2031-02-08 00:00:00,-600.0,13200.0,5196.0
2031-02-08 06:00:00,-600.0,13200.0,5196.0
2031-02-08 12:00:00,-600.0,13200.0,5196.0
2031-02-08 18:00:00,-600.0,13200.0,5196.0
2031-02-09 00:00:00,-600.0,13200.0,5196.0
2031-02-09 06:00:00,-600.0,13200.0,5196.0
2031-02-09 12:00:00,-600.0,13200.0,5196.0
2031-02-09 18:00:00,-600.0,13200.0,5196.0
2031-02-10 00:00:00,-600.0,13200.0,5196.0
2031-02-10 06:00:00,-600.0,13200.0,5196.0
2031-02-10 12:00:00,-600.0,13200.0,5196.0
2031-02-10 18:00:00,-600.0,13200.0,5196.0
2031-02-11 00:00:00,-600.0,13200.0,5196.0
2031-02-11 06:00:00,426.0,13200.0,5196.0
2031-02-11 12:00:00,426.0,13200.0,5196.0
2031-02-11 18:00:00,426.0,13200.0,5196.0
2031-02-12 00:00:00,426.0,13200.0,5196.0
2031-02-12 06:00:00,426.0,13200.0,5196.0
2031-02-12 12:00:00,426.0,13200.0,5196.0
2031-02-12 18:00:00,-600.0,13200.0,5196.0
2031-02-13 00:00:00,-600.0,13200.0,5196.0
2031-02-13 06:00:00,426.0,13200.0,5196.0
2031-02-13 12:00:00,426.0,13200.0,5196.0
2031-02-13 18:00:00,426.0,13200.0,5196.0
2031-02-14 00:00:00,426.0,13200.0,5196.0
2031-02-14 06:00:00,426.0,13200.0,5196.0
2031-02-14 12:00:00,-600.0,13200.0,5196.0
2031-02-14 18:00:00,-600.0,13200.0,5196.0
2031-02-15 00:00:00,-600.0,13200.0,5196.0
2031-02-15 06:00:00,-600.0,13200.0,5196.0
2031-02-15 12:00:00,-600.0,13200.0,5196.0
2031-02-15 18:00:00,-600.0,13200.0,5196.0
2031-02-16 00:00:00,426.0,13200.0,5196.0
2031-02-16 06:00:00,-600.0,13200.0,5196.0
2031-02-16 12:00:00,-600.0,13200.0,5196.0
2031-02-16 18:00:00,-600.0,13200.0,5196.0
2031-02-17 00:00:00,-600.0,13200.0,5196.0
2031-02-17 06:00:00,-600.0,13200.0,5196.0
2031-02-17 12:00:00,-600.0,13200.0,5196.0
2031-02-17 18:00:00,-600.0,13200.0,5196.0
2031-02-18 00:00:00,-600.0,13200.0,5196.0
2031-02-18 06:00:00,-600.0,13200.0,5196.0
2031-02-18 12:00:00,-600.0,13200.0,5196.0
2031-02-18 18:00:00,-600.0,13200.0,5196.0
2031-02-19 00:00:00,-600.0,13200.0,5196.0
2031-02-19 06:00:00,-600.0,13200.0,5196.0
2031-02-19 12:00:00,426.0,13200.0,5196.0
2031-02-19 18:00:00,426.0,13200.0,5196.0
2031-02-20 00:00:00,426.0,13200.0,5196.0
2031-02-20 06:00:00,426.0,13200.0,5196.0
2031-02-20 12:00:00,-600.0,13200.0,5196.0
2031-02-20 18:00:00,-600.0,13200.0,5196.0
2031-02-21 00:00:00,-600.0,13200.0,5196.0
2031-02-21 06:00:00,-600.0,13200.0,5196.0
2031-02-21 12:00:00,-600.0,13200.0,5196.0
2031-02-21 18:00:00,426.0,13200.0,5196.0
2031-02-22 00:00:00,426.0,13200.0,5196.0
2031-02-22 06:00:00,426.0,13200.0,5196.0
2031-02-22 12:00:00,-600.0,13200.0,5196.0
2031-02-22 18:00:00,18.598815486388048,13200.0,5196.0
2031-02-23 00:00:00,426.0,13200.0,5196.0
2031-02-23 06:00:00,426.0,13200.0,5196.0
2031-02-23 12:00:00,-600.0,13200.0,5196.0
2031-02-23 18:00:00,-600.0,13200.0,5196.0
2031-02-24 00:00:00,-600.0,13200.0,5196.0
2031-02-24 06:00:00,-600.0,13200.0,5196.0
2031-02-24 12:00:00,-600.0,13200.0,5196.0
2031-02-24 18:00:00,-600.0,13200.0,5196.0
2031-02-25 00:00:00,-600.0,13200.0,5196.0
2031-02-25 06:00:00,-600.0,13200.0,5196.0
2031-02-25 12:00:00,-600.0,13200.0,5196.0
2031-02-25 18:00:00,426.0,13200.0,5196.0
2031-02-26 00:00:00,426.0,13200.0,5196.0
2031-02-26 06:00:00,426.0,13200.0,5196.0
2031-02-26 12:00:00,426.0,13200.0,5196.0
2031-02-26 18:00:00,426.0,13200.0,5196.0
2031-02-27 00:00:00,426.0,13200.0,5196.0
2031-02-27 06:00:00,426.0,13200.0,5196.0
2031-02-27 12:00:00,426.0,13200.0,5196.0
2031-02-27 18:00:00,426.0,13200.0,5196.0
2031-02-28 00:00:00,-600.0,13200.0,5196.0
2031-02-28 06:00:00,426.0,13200.0,5196.0
2031-02-28 12:00:00,-600.0,13200.0,5196.0
2031-02-28 18:00:00,-600.0,13200.0,5196.0
2031-03-01 00:00:00,426.0,13200.0,5196.0
2031-03-01 06:00:00,426.0,13200.0,5196.0
2031-03-01 12:00:00,426.0,13200.0,5196.0
2031-03-01 18:00:00,426.0,13200.0,5196.0
2031-03-02 00:00:00,426.0,13200.0,5196.0
2031-03-02 06:00:00,426.0,13200.0,5196.0
2031-03-02 12:00:00,426.0,13200.0,5196.0
2031-03-02 18:00:00,426.0,13200.0,5196.0
2031-03-03 00:00:00,426.0,13200.0,5196.0
2031-03-03 06:00:00,426.0,13200.0,5196.0
2031-03-03 12:00:00,426.0,13200.0,5196.0
2031-03-03 18:00:00,426.0,13200.0,5196.0
2031-03-04 00:00:00,-600.0,13200.0,5196.0
2031-03-04 06:00:00,-600.0,13200.0,5196.0
2031-03-04 12:00:00,426.0,13200.0,5196.0
2031-03-04 18:00:00,426.0,13200.0,5196.0
2031-03-05 00:00:00,426.0,13200.0,5196.0
2031-03-05 06:00:00,426.0,13200.0,5196.0
2031-03-05 12:00:00,426.0,13200.0,5196.0
2031-03-05 18:00:00,426.0,13200.0,5196.0
2031-03-06 00:00:00,426.0,13200.0,5196.0
2031-03-06 06:00:00,426.0,13200.0,5196.0
2031-03-06 12:00:00,426.0,13200.0,5196.0
2031-03-06 18:00:00,426.0,13200.0,5196.0
2031-03-07 00:00:00,426.0,13200.0,5196.0
2031-03-07 06:00:00,426.0,13200.0,5196.0
2031-03-07 12:00:00,426.0,13200.0,5196.0
2031-03-07 18:00:00,426.0,13200.0,5196.0
2031-03-08 00:00:00,426.0,13200.0,5196.0
2031-03-08 06:00:00,426.0,13200.0,5196.0
2031-03-08 12:00:00,426.0,13200.0,5196.0
2031-03-08 18:00:00,426.0,13200.0,5196.0
2031-03-09 00:00:00,426.0,13200.0,5196.0
2031-03-09 06:00:00,426.0,13200.0,5196.0
2031-03-09 12:00:00,-600.0,13200.0,5196.0
2031-03-09 18:00:00,-600.0,13200.0,5196.0
2031-03-10 00:00:00,-600.0,13200.0,5196.0
2031-03-10 06:00:00,-600.0,13200.0,5196.0
2031-03-10 12:00:00,-600.0,13200.0,5196.0
2031-03-10 18:00:00,-600.0,13200.0,5196.0
2031-03-11 00:00:00,-600.0,13200.0,5196.0
2031-03-11 06:00:00,426.0,13200.0,5196.0
2031-03-11 12:00:00,-600.0,13200.0,5196.0
2031-03-11 18:00:00,426.0,13200.0,5196.0
2031-03-12 00:00:00,-600.0,13200.0,5196.0
2031-03-12 06:00:00,-600.0,13200.0,5196.0
2031-03-12 12:00:00,-600.0,13200.0,5196.0
2031-03-12 18:00:00,-600.0,13200.0,5196.0
2031-03-13 00:00:00,-600.0,13200.0,5196.0
2031-03-13 06:00:00,426.0,13200.0,5196.0
2031-03-13 12:00:00,-600.0,13200.0,5196.0
2031-03-13 18:00:00,426.0,13200.0,5196.0
2031-03-14 00:00:00,426.0,13200.0,5196.0
2031-03-14 06:00:00,426.0,13200.0,5196.0
2031-03-14 12:00:00,426.0,13200.0,5196.0
2031-03-14 18:00:00,426.0,9919.07696973346,5196.0
2031-03-15 00:00:00,426.0,10687.458295639197,5196.0
2031-03-15 06:00:00,426.0,13200.0,5196.0
2031-03-15 12:00:00,426.0,13200.0,5196.0
2031-03-15 18:00:00,426.0,13200.0,5196.0
2031-03-16 00:00:00,426.0,13200.0,5196.0
2031-03-16 06:00:00,426.0,13200.0,5196.0
2031-03-16 12:00:00,426.0,13200.0,5196.0
2031-03-16 18:00:00,426.0,13200.0,5196.0
2031-03-17 00:00:00,426.0,13200.0,5196.0
2031-03-17 06:00:00,426.0,13200.0,5196.0
2031-03-17 12:00:00,426.0,13200.0,5196.0
2031-03-17 18:00:00,426.0,13200.0,5196.0
2031-03-18 00:00:00,426.0,13200.0,5196.0
2031-03-18 06:00:00,426.0,13200.0,5196.0
2031-03-18 12:00:00,426.0,13200.0,5196.0
2031-03-18 18:00:00,426.0,13200.0,5196.0
2031-03-19 00:00:00,426.0,13200.0,5196.0
2031-03-19 06:00:00,426.0,13200.0,5196.0
2031-03-19 12:00:00,426.0,13200.0,5196.0
2031-03-19 18:00:00,426.0,13200.0,5196.0
2031-03-20 00:00:00,426.0,13200.0,5196.0
2031-03-20 06:00:00,426.0,13200.0,5196.0
2031-03-20 12:00:00,-600.0,13200.0,5196.0
2031-03-20 18:00:00,426.0,13200.0,5196.0
2031-03-21 00:00:00,426.0,13200.0,5196.0
2031-03-21 06:00:00,426.0,13200.0,5196.0
2031-03-21 12:00:00,-600.0,13200.0,5196.0
2031-03-21 18:00:00,-600.0,13200.0,5196.0
2031-03-22 00:00:00,-600.0,13200.0,5196.0
2031-03-22 06:00:00,-600.0,13200.0,5196.0
2031-03-22 12:00:00,-600.0,13200.0,5196.0
2031-03-22 18:00:00,-600.0,13200.0,5196.0
2031-03-23 00:00:00,-600.0,13200.0,5196.0
2031-03-23 06:00:00,-600.0,13200.0,5196.0
2031-03-23 12:00:00,-600.0,13200.0,5196.0
2031-03-23 18:00:00,-600.0,13200.0,5196.0
2031-03-24 00:00:00,-600.0,13200.0,5196.0
2031-03-24 06:00:00,-600.0,13200.0,5196.0
2031-03-24 12:00:00,-600.0,13200.0,5196.0
2031-03-24 18:00:00,-600.0,13200.0,5196.0
2031-03-25 00:00:00,426.0,13200.0,5196.0
2031-03-25 06:00:00,426.0,13200.0,5196.0
2031-03-25 12:00:00,426.0,13200.0,5196.0
2031-03-25 18:00:00,426.0,13200.0,5196.0
2031-03-26 00:00:00,426.0,13200.0,5196.0
2031-03-26 06:00:00,426.0,13200.0,5196.0
2031-03-26 12:00:00,426.0,13200.0,5196.0
2031-03-26 18:00:00,426.0,13200.0,5196.0
2031-03-27 00:00:00,426.0,13200.0,5196.0
2031-03-27 06:00:00,426.0,13200.0,5196.0
2031-03-27 12:00:00,426.0,13200.0,5196.0
2031-03-27 18:00:00,426.0,13200.0,5196.0
2031-03-28 00:00:00,426.0,13200.0,5196.0
2031-03-28 06:00:00,426.0,13200.0,5196.0
2031-03-28 12:00:00,426.0,13200.0,5196.0
2031-03-28 18:00:00,426.0,13200.0,5196.0
2031-03-29 00:00:00,426.0,13200.0,5196.0
2031-03-29 06:00:00,426.0,13200.0,5196.0
2031-03-29 12:00:00,-600.0,13200.0,5196.0
2031-03-29 18:00:00,-600.0,13200.0,5196.0
2031-03-30 00:00:00,-600.0,13200.0,5196.0
2031-03-30 06:00:00,-600.0,13200.0,5196.0
2031-03-30 12:00:00,-600.0,13200.0,5196.0
2031-03-30 18:00:00,-600.0,13200.0,5196.0
2031-03-31 00:00:00,-600.0,13200.0,5196.0
2031-03-31 06:00:00,426.0,13200.0,5196.0
2031-03-31 12:00:00,-600.0,10785.393262917918,-6960.0
2031-03-31 18:00:00,426.0,13200.0,5196.0
2031-04-01 00:00:00,-600.0,13200.0,5196.0
2031-04-01 06:00:00,-600.0,13200.0,5196.0
2031-04-01 12:00:00,-600.0,13200.0,5196.0
2031-04-01 18:00:00,-600.0,13200.0,5196.0
2031-04-02 00:00:00,-600.0,13200.0,5196.0
2031-04-02 06:00:00,426.0,13200.0,5196.0
2031-04-02 12:00:00,426.0,-12000.0,5196.0
2031-04-02 18:00:00,426.0,-10521.627981797792,5196.0
2031-04-03 00:00:00,426.0,-12000.0,5196.0
2031-04-03 06:00:00,426.0,-12000.0,5196.0
2031-04-03 12:00:00,426.0,12922.15006555368,5196.0
2031-04-03 18:00:00,426.0,-7645.865208039024,5196.0
2031-04-04 00:00:00,426.0,5313.265122568657,5196.0
2031-04-04 06:00:00,426.0,-12000.0,5196.0
2031-04-04 12:00:00,426.0,13200.0,5196.0
2031-04-04 18:00:00,426.0,13200.0,5196.0
2031-04-05 00:00:00,426.0,13200.0,5196.0
2031-04-05 06:00:00,426.0,13200.0,5196.0
2031-04-05 12:00:00,426.0,13200.0,5196.0
2031-04-05 18:00:00,426.0,13200.0,5196.0
2031-04-06 00:00:00,426.0,7656.592063906659,5196.0
2031-04-06 06:00:00,426.0,13200.0,5196.0
2031-04-06 12:00:00,426.0,13200.0,5196.0
2031-04-06 18:00:00,426.0,13200.0,5196.0
2031-04-07 00:00:00,426.0,13200.0,5196.0
2031-04-07 06:00:00,426.0,13200.0,5196.0
2031-04-07 12:00:00,426.0,6758.29879230159,-6960.0
2031-04-07 18:00:00,426.0,13200.0,5196.0
2031-04-08 00:00:00,-600.0,12225.523949047289,-6960.0
2031-04-08 06:00:00,426.0,-1063.806861835517,5196.0
2031-04-08 12:00:00,426.0,4420.601004914104,5196.0
2031-04-08 18:00:00,426.0,-4109.0287445816875,5196.0
2031-04-09 00:00:00,426.0,13200.0,5196.0
2031-04-09 06:00:00,426.0,13200.0,5196.0
2031-04-09 12:00:00,426.0,13200.0,5196.0
2031-04-09 18:00:00,426.0,-9948.819786928092,5196.0
2031-04-10 00:00:00,426.0,3024.897604026009,5196.0
2031-04-10 06:00:00,426.0,13200.0,5196.0
2031-04-10 12:00:00,426.0,-4393.262184696738,5196.0
2031-04-10 18:00:00,426.0,13200.0,5196.0
2031-04-11 00:00:00,426.0,10177.190301060677,5196.0
2031-04-11 06:00:00,426.0,5540.31298991853,5196.0
2031-04-11 12:00:00,426.0,13200.0,5196.0
2031-04-11 18:00:00,426.0,10798.300079797053,5196.0
2031-04-12 00:00:00,426.0,10595.707993353157,5196.0
2031-04-12 06:00:00,426.0,13200.0,5196.0
2031-04-12 12:00:00,426.0,13200.0,5196.0
2031-04-12 18:00:00,426.0,13200.0,5196.0
2031-04-13 00:00:00,426.0,13200.0,5196.0
2031-04-13 06:00:00,426.0,12731.36090675339,5196.0
2031-04-13 12:00:00,426.0,13200.0,5196.0
2031-04-13 18:00:00,426.0,-3627.1068143218727,5196.0
2031-04-14 00:00:00,426.0,13200.0,5196.0
2031-04-14 06:00:00,-600.0,13200.0,5196.0
2031-04-14 12:00:00,426.0,13200.0,5196.0
2031-04-14 18:00:00,426.0,13200.0,5196.0
2031-04-15 00:00:00,426.0,8184.212890071176,5196.0
2031-04-15 06:00:00,426.0,9299.05398756852,5196.0
2031-04-15 12:00:00,426.0,13200.0,5196.0
2031-04-15 18:00:00,426.0,-11775.14730734408,5196.0
2031-04-16 00:00:00,426.0,-6035.779867598793,5196.0
2031-04-16 06:00:00,426.0,2970.049963533631,5196.0
2031-04-16 12:00:00,426.0,13200.0,5196.0
2031-04-16 18:00:00,426.0,-818.7397803753192,5196.0
2031-04-17 00:00:00,426.0,10976.694886944017,5196.0
2031-04-17 06:00:00,426.0,-12000.0,5196.0
2031-04-17 12:00:00,426.0,13200.0,5196.0
2031-04-17 18:00:00,426.0,13200.0,5196.0
2031-04-18 00:00:00,426.0,12315.51606497896,5196.0
2031-04-18 06:00:00,426.0,13200.0,5196.0
2031-04-18 12:00:00,426.0,13200.0,5196.0
2031-04-18 18:00:00,426.0,13200.0,5196.0
2031-04-19 00:00:00,426.0,13200.0,5196.0
2031-04-19 06:00:00,426.0,13200.0,5196.0
2031-04-19 12:00:00,426.0,13200.0,5196.0
2031-04-19 18:00:00,426.0,-9481.720327207264,5196.0
2031-04-20 00:00:00,426.0,13200.0,5196.0
2031-04-20 06:00:00,426.0,13200.0,5196.0
2031-04-20 12:00:00,426.0,12621.498174524371,5196.0
2031-04-20 18:00:00,426.0,-12000.0,5196.0
2031-04-21 00:00:00,426.0,11492.98861679199,5196.0
2031-04-21 06:00:00,-600.0,-3119.287501631057,437.8241509252112
2031-04-21 12:00:00,-600.0,13200.0,5196.0
2031-04-21 18:00:00,426.0,13200.0,5196.0
2031-04-22 00:00:00,-600.0,8047.625942726925,-6960.0
2031-04-22 06:00:00,426.0,13200.0,5196.0
2031-04-22 12:00:00,426.0,13200.0,5196.0
2031-04-22 18:00:00,426.0,11035.470604867003,5196.0
2031-04-23 00:00:00,426.0,13200.0,5196.0
2031-04-23 06:00:00,426.0,13200.0,5196.0
2031-04-23 12:00:00,426.0,13200.0,5196.0
2031-04-23 18:00:00,426.0,-319.0968971437396,5196.0
2031-04-24 00:00:00,426.0,8064.580027633987,5196.0
2031-04-24 06:00:00,426.0,13200.0,5196.0
2031-04-24 12:00:00,426.0,734.7605944426031,5196.0
2031-04-24 18:00:00,426.0,6060.932249916776,5196.0
2031-04-25 00:00:00,426.0,1517.9891797092423,5196.0
2031-04-25 06:00:00,426.0,13200.0,5196.0
2031-04-25 12:00:00,426.0,-2085.6477852582607,5196.0
2031-04-25 18:00:00,426.0,-12000.0,5196.0
2031-04-26 00:00:00,426.0,-12000.0,5196.0
2031-04-26 06:00:00,426.0,4652.062401296193,5196.0
2031-04-26 12:00:00,426.0,-12000.0,5196.0
2031-04-26 18:00:00,426.0,-6603.096443991293,5196.0
2031-04-27 00:00:00,426.0,10017.9533776296,5196.0
2031-04-27 06:00:00,426.0,3471.9160333609902,5196.0
2031-04-27 12:00:00,426.0,4116.194715945523,5196.0
2031-04-27 18:00:00,426.0,-12000.0,5196.0
2031-04-28 00:00:00,426.0,-12000.0,5196.0
2031-04-28 06:00:00,-600.0,-12000.0,-6960.0
2031-04-28 12:00:00,-600.0,-12000.0,-6960.0
2031-04-28 18:00:00,426.0,-12000.0,-6960.0
2031-04-29 00:00:00,-600.0,2820.9550736106685,-6960.0
2031-04-29 06:00:00,426.0,12419.270378178117,5196.0
2031-04-29 12:00:00,426.0,1594.5667003980195,5196.0
2031-04-29 18:00:00,426.0,-12000.0,5196.0
2031-04-30 00:00:00,426.0,12261.092387347431,5196.0
2031-04-30 06:00:00,426.0,13200.0,5196.0
2031-04-30 12:00:00,426.0,13200.0,5196.0
2031-04-30 18:00:00,426.0,-11913.6412601756,5196.0
2031-05-01 00:00:00,426.0,-8960.970560838898,5196.0
2031-05-01 06:00:00,426.0,4924.436713478585,5196.0
2031-05-01 12:00:00,426.0,-2735.836174696102,5196.0
2031-05-01 18:00:00,426.0,-2652.031128906092,5196.0
2031-05-02 00:00:00,426.0,12444.778957797833,5196.0
2031-05-02 06:00:00,426.0,13200.0,5196.0
2031-05-02 12:00:00,426.0,13200.0,5196.0
2031-05-02 18:00:00,426.0,4012.447338396065,5196.0
2031-05-03 00:00:00,426.0,11022.984560121658,5196.0
2031-05-03 06:00:00,426.0,13200.0,5196.0
2031-05-03 12:00:00,426.0,13200.0,5196.0
2031-05-03 18:00:00,426.0,-12000.0,5196.0
2031-05-04 00:00:00,426.0,1182.5412350336483,5196.0
2031-05-04 06:00:00,426.0,9672.886828116449,878.5896078661899
2031-05-04 12:00:00,426.0,13200.0,5196.0
2031-05-04 18:00:00,426.0,13200.0,5196.0
2031-05-05 00:00:00,426.0,-1095.0238981985383,5196.0
2031-05-05 06:00:00,-600.0,3534.1101600090187,-3848.82348376984
2031-05-05 12:00:00,-59.58164834779018,13200.0,5196.0
2031-05-05 18:00:00,426.0,13200.0,5196.0
2031-05-06 00:00:00,426.0,-1973.0370877728487,5196.0
2031-05-06 06:00:00,426.0,13200.0,5196.0
2031-05-06 12:00:00,426.0,-5070.6614584011995,5196.0
2031-05-06 18:00:00,426.0,-4186.911759024712,5196.0
2031-05-07 00:00:00,426.0,5414.970378424303,5196.0
2031-05-07 06:00:00,426.0,-11648.951498865208,5196.0
2031-05-07 12:00:00,426.0,13200.0,5196.0
2031-05-07 18:00:00,426.0,-1399.693191562168,5196.0
2031-05-08 00:00:00,426.0,-2997.246655279225,5196.0
2031-05-08 06:00:00,426.0,13200.0,5196.0
2031-05-08 12:00:00,426.0,13200.0,5196.0
2031-05-08 18:00:00,426.0,13200.0,5196.0
2031-05-09 00:00:00,426.0,13200.0,5196.0
2031-05-09 06:00:00,426.0,13200.0,5196.0
2031-05-09 12:00:00,426.0,13200.0,5196.0
2031-05-09 18:00:00,426.0,13200.0,5196.0
2031-05-10 00:00:00,426.0,13200.0,5196.0
2031-05-10 06:00:00,426.0,13200.0,5196.0
2031-05-10 12:00:00,426.0,13200.0,5196.0
2031-05-10 18:00:00,426.0,13200.0,5196.0
2031-05-11 00:00:00,426.0,13200.0,5196.0
2031-05-11 06:00:00,426.0,13200.0,5196.0
2031-05-11 12:00:00,-600.0,13200.0,5196.0
2031-05-11 18:00:00,426.0,12526.63106419274,5196.0
2031-05-12 00:00:00,426.0,9724.155490413796,5196.0
2031-05-12 06:00:00,426.0,9326.176778451707,5196.0
2031-05-12 12:00:00,426.0,3038.846315746196,5196.0
2031-05-12 18:00:00,426.0,-2203.643564157166,5196.0
2031-05-13 00:00:00,426.0,9674.517060299235,5196.0
2031-05-13 06:00:00,426.0,9261.910883840812,5196.0
2031-05-13 12:00:00,426.0,7017.926392220754,5196.0
2031-05-13 18:00:00,426.0,13200.0,5196.0
2031-05-14 00:00:00,426.0,13200.0,5196.0
2031-05-14 06:00:00,426.0,13200.0,5196.0
2031-05-14 12:00:00,426.0,13200.0,5196.0
2031-05-14 18:00:00,426.0,13200.0,5196.0
2031-05-15 00:00:00,426.0,13200.0,5196.0
2031-05-15 06:00:00,426.0,13200.0,5196.0
2031-05-15 12:00:00,426.0,-4814.056479653213,5196.0
2031-05-15 18:00:00,426.0,2451.9439126587454,5196.0
2031-05-16 00:00:00,426.0,13200.0,5196.0
2031-05-16 06:00:00,426.0,8606.499399880471,5196.0
2031-05-16 12:00:00,426.0,-11122.734708694696,5196.0
2031-05-16 18:00:00,426.0,9208.994457262568,5196.0
2031-05-17 00:00:00,426.0,-3892.580381402855,5196.0
2031-05-17 06:00:00,426.0,13200.0,5196.0
2031-05-17 12:00:00,426.0,-7632.286958689685,5196.0
2031-05-17 18:00:00,426.0,-12000.0,5196.0
2031-05-18 00:00:00,426.0,-12000.0,5196.0
2031-05-18 06:00:00,-600.0,-12000.0,-6960.0
2031-05-18 12:00:00,426.0,4148.518921182353,-4697.209666492185
2031-05-18 18:00:00,426.0,13200.0,5196.0
2031-05-19 00:00:00,426.0,-1301.4106594609548,5196.0
2031-05-19 06:00:00,426.0,11254.407875646379,5196.0
2031-05-19 12:00:00,426.0,-12000.0,5196.0
2031-05-19 18:00:00,426.0,-8510.04691407911,5196.0
2031-05-20 00:00:00,426.0,-12000.0,5196.0
2031-05-20 06:00:00,426.0,13200.0,5196.0
2031-05-20 12:00:00,426.0,-12000.0,5196.0
2031-05-20 18:00:00,426.0,13200.0,5196.0
2031-05-21 00:00:00,426.0,13200.0,5196.0
2031-05-21 06:00:00,426.0,13200.0,5196.0
2031-05-21 12:00:00,426.0,13200.0,5196.0
2031-05-21 18:00:00,426.0,13200.0,5196.0
2031-05-22 00:00:00,426.0,13200.0,5196.0
2031-05-22 06:00:00,426.0,13200.0,5196.0
2031-05-22 12:00:00,426.0,13200.0,5196.0
2031-05-22 18:00:00,426.0,11204.354392284367,5196.0
2031-05-23 00:00:00,426.0,13200.0,5196.0
2031-05-23 06:00:00,426.0,13200.0,5196.0
2031-05-23 12:00:00,426.0,13200.0,5196.0
2031-05-23 18:00:00,426.0,13200.0,5196.0
2031-05-24 00:00:00,426.0,13200.0,5196.0
2031-05-24 06:00:00,426.0,13200.0,5196.0
2031-05-24 12:00:00,426.0,13200.0,5196.0
2031-05-24 18:00:00,426.0,4522.165000058398,5196.0
2031-05-25 00:00:00,426.0,13200.0,5196.0
2031-05-25 06:00:00,426.0,13200.0,5196.0
2031-05-25 12:00:00,426.0,5928.609242444276,5196.0
2031-05-25 18:00:00,426.0,13200.0,5196.0
2031-05-26 00:00:00,426.0,-12000.0,-1177.1158663614187
2031-05-26 06:00:00,426.0,4339.502335040584,-6960.0
2031-05-26 12:00:00,426.0,13200.0,5196.0
2031-05-26 18:00:00,426.0,1091.6879676671742,5196.0
2031-05-27 00:00:00,426.0,-12000.0,5196.0
2031-05-27 06:00:00,426.0,-12000.0,5196.0
2031-05-27 12:00:00,426.0,12465.58457253692,5196.0
2031-05-27 18:00:00,426.0,-12000.0,5196.0
2031-05-28 00:00:00,426.0,-12000.0,5196.0
2031-05-28 06:00:00,426.0,-1857.9156463550169,5196.0
2031-05-28 12:00:00,426.0,13200.0,5196.0
2031-05-28 18:00:00,426.0,13200.0,5196.0
2031-05-29 00:00:00,426.0,13200.0,5196.0
2031-05-29 06:00:00,426.0,9756.84879989612,5196.0
2031-05-29 12:00:00,426.0,8730.121491409758,5196.0
2031-05-29 18:00:00,426.0,-1666.9730445731764,5196.0
2031-05-30 00:00:00,426.0,2553.5893790477057,5196.0
2031-05-30 06:00:00,426.0,13200.0,5196.0
2031-05-30 12:00:00,426.0,13200.0,5196.0
2031-05-30 18:00:00,426.0,13200.0,5196.0
2031-05-31 00:00:00,426.0,13200.0,5196.0
2031-05-31 06:00:00,426.0,13200.0,5196.0
2031-05-31 12:00:00,426.0,13200.0,5196.0
2031-05-31 18:00:00,426.0,13200.0,5196.0
2031-06-01 00:00:00,426.0,13200.0,5196.0
2031-06-01 06:00:00,426.0,13200.0,5196.0
2031-06-01 12:00:00,426.0,13200.0,5196.0
2031-06-01 18:00:00,426.0,13200.0,5196.0
2031-06-02 00:00:00,426.0,13200.0,5196.0
2031-06-02 06:00:00,149.59242511605407,13200.0,5196.0
2031-06-02 12:00:00,426.0,13200.0,5196.0
2031-06-02 18:00:00,426.0,10236.914890898202,5196.0
2031-06-03 00:00:00,426.0,13200.0,5196.0
2031-06-03 06:00:00,426.0,13200.0,5196.0
2031-06-03 12:00:00,426.0,13200.0,5196.0
2031-06-03 18:00:00,426.0,13200.0,5196.0
2031-06-04 00:00:00,426.0,13200.0,5196.0
2031-06-04 06:00:00,426.0,13200.0,5196.0
2031-06-04 12:00:00,426.0,13200.0,5196.0
2031-06-04 18:00:00,426.0,13200.0,5196.0
2031-06-05 00:00:00,426.0,13200.0,5196.0
2031-06-05 06:00:00,426.0,13200.0,5196.0
2031-06-05 12:00:00,426.0,13200.0,5196.0
2031-06-05 18:00:00,426.0,13200.0,5196.0
2031-06-06 00:00:00,426.0,13200.0,5196.0
2031-06-06 06:00:00,426.0,13200.0,5196.0
2031-06-06 12:00:00,426.0,13200.0,5196.0
2031-06-06 18:00:00,426.0,13200.0,5196.0
2031-06-07 00:00:00,426.0,13200.0,5196.0
2031-06-07 06:00:00,426.0,13200.0,5196.0
2031-06-07 12:00:00,426.0,13200.0,5196.0
2031-06-07 18:00:00,426.0,13200.0,5196.0
2031-06-08 00:00:00,426.0,13200.0,5196.0
2031-06-08 06:00:00,426.0,13200.0,5196.0
2031-06-08 12:00:00,426.0,13200.0,5196.0
2031-06-08 18:00:00,426.0,13200.0,5196.0
2031-06-09 00:00:00,426.0,13200.0,5196.0
2031-06-09 06:00:00,426.0,13200.0,5196.0
2031-06-09 12:00:00,426.0,9124.600178104227,5196.0
2031-06-09 18:00:00,426.0,12281.39340009469,5196.0
2031-06-10 00:00:00,426.0,-5461.017366845663,5196.0
2031-06-10 06:00:00,426.0,11904.772640534544,5196.0
2031-06-10 12:00:00,426.0,-923.6930279177321,5196.0
2031-06-10 18:00:00,426.0,-4778.583951785877,5196.0
2031-06-11 00:00:00,426.0,-560.4212451455096,5196.0
2031-06-11 06:00:00,426.0,13200.0,5196.0
2031-06-11 12:00:00,426.0,-12000.0,5196.0
2031-06-11 18:00:00,426.0,-12000.0,5196.0
2031-06-12 00:00:00,426.0,-11199.561513067252,5196.0
2031-06-12 06:00:00,426.0,13200.0,5196.0
2031-06-12 12:00:00,426.0,13200.0,5196.0
2031-06-12 18:00:00,426.0,13200.0,5196.0
2031-06-13 00:00:00,426.0,13200.0,5196.0
2031-06-13 06:00:00,426.0,13200.0,5196.0
2031-06-13 12:00:00,426.0,13200.0,5196.0
2031-06-13 18:00:00,426.0,13200.0,5196.0
2031-06-14 00:00:00,426.0,13200.0,5196.0
2031-06-14 06:00:00,426.0,13200.0,5196.0
2031-06-14 12:00:00,426.0,13200.0,5196.0
2031-06-14 18:00:00,426.0,13200.0,5196.0
2031-06-15 00:00:00,426.0,13200.0,5196.0
2031-06-15 06:00:00,426.0,13200.0,5196.0
2031-06-15 12:00:00,426.0,13200.0,5196.0
2031-06-15 18:00:00,426.0,13200.0,5196.0
2031-06-16 00:00:00,426.0,13200.0,5196.0
2031-06-16 06:00:00,426.0,13200.0,5196.0
2031-06-16 12:00:00,426.0,13200.0,5196.0
2031-06-16 18:00:00,426.0,13200.0,5196.0
2031-06-17 00:00:00,426.0,13200.0,5196.0
2031-06-17 06:00:00,426.0,13200.0,5196.0
2031-06-17 12:00:00,426.0,13200.0,5196.0
2031-06-17 18:00:00,426.0,-3196.774611463632,5196.0
2031-06-18 00:00:00,426.0,3263.5192437118526,5196.0
2031-06-18 06:00:00,426.0,-4866.207102241111,5196.0
2031-06-18 12:00:00,426.0,3846.758835509419,5196.0
2031-06-18 18:00:00,426.0,7376.548197928367,5196.0
2031-06-19 00:00:00,426.0,-12000.0,5196.0
2031-06-19 06:00:00,426.0,13152.752234797663,5196.0
2031-06-19 12:00:00,426.0,13200.0,5196.0
2031-06-19 18:00:00,426.0,-5421.687469881959,5196.0
2031-06-20 00:00:00,426.0,-1293.0831620568931,5196.0
2031-06-20 06:00:00,426.0,-2766.66665440888,5196.0
2031-06-20 12:00:00,426.0,13200.0,5196.0
2031-06-20 18:00:00,426.0,13200.0,5196.0
2031-06-21 00:00:00,426.0,13200.0,5196.0
2031-06-21 06:00:00,426.0,13200.0,5196.0
2031-06-21 12:00:00,426.0,13200.0,5196.0
2031-06-21 18:00:00,426.0,13200.0,5196.0
2031-06-22 00:00:00,426.0,13200.0,5196.0
2031-06-22 06:00:00,426.0,13200.0,5196.0
2031-06-22 12:00:00,426.0,13200.0,5196.0
2031-06-22 18:00:00,426.0,13200.0,5196.0
2031-06-23 00:00:00,426.0,13200.0,5196.0
2031-06-23 06:00:00,-600.0,13200.0,5196.0
2031-06-23 12:00:00,426.0,13200.0,5196.0
2031-06-23 18:00:00,426.0,13200.0,5196.0
2031-06-24 00:00:00,426.0,13200.0,5196.0
2031-06-24 06:00:00,426.0,13200.0,5196.0
2031-06-24 12:00:00,426.0,13200.0,5196.0
2031-06-24 18:00:00,426.0,13200.0,5196.0
2031-06-25 00:00:00,426.0,13200.0,5196.0
2031-06-25 06:00:00,426.0,13200.0,5196.0
2031-06-25 12:00:00,426.0,13200.0,5196.0
2031-06-25 18:00:00,426.0,13200.0,5196.0
2031-06-26 00:00:00,426.0,13200.0,5196.0
2031-06-26 06:00:00,426.0,13200.0,5196.0
2031-06-26 12:00:00,426.0,13200.0,5196.0
2031-06-26 18:00:00,426.0,13200.0,5196.0
2031-06-27 00:00:00,426.0,13200.0,5196.0
2031-06-27 06:00:00,426.0,13200.0,5196.0
2031-06-27 12:00:00,426.0,13200.0,5196.0
2031-06-27 18:00:00,426.0,13200.0,5196.0
2031-06-28 00:00:00,426.0,13200.0,5196.0
2031-06-28 06:00:00,426.0,13200.0,5196.0
2031-06-28 12:00:00,426.0,13200.0,5196.0
2031-06-28 18:00:00,426.0,13200.0,5196.0
2031-06-29 00:00:00,426.0,13200.0,5196.0
2031-06-29 06:00:00,426.0,13200.0,5196.0
2031-06-29 12:00:00,426.0,13200.0,5196.0
2031-06-29 18:00:00,426.0,13200.0,5196.0
2031-06-30 00:00:00,426.0,13200.0,5196.0
2031-06-30 06:00:00,426.0,10994.802109528435,5196.0
2031-06-30 12:00:00,426.0,6514.155723456112,5196.0
2031-06-30 18:00:00,426.0,10056.846444313544,5196.0
