,Export,Import
2030-07-02 00:00:00,0.0,5436.218106589097
2030-07-02 06:00:00,0.0,12774.0
2030-07-02 12:00:00,0.0,12774.0
2030-07-02 18:00:00,0.0,12774.0
2030-07-03 00:00:00,0.0,12774.0
2030-07-03 06:00:00,0.0,12774.0
2030-07-03 12:00:00,0.0,12774.0
2030-07-03 18:00:00,0.0,12774.0
2030-07-04 00:00:00,0.0,12774.0
2030-07-04 06:00:00,0.0,12774.0
2030-07-04 12:00:00,0.0,12774.0
2030-07-04 18:00:00,0.0,12644.361400090544
2030-07-05 00:00:00,0.0,4299.219942304728
2030-07-05 06:00:00,0.0,9503.426990689186
2030-07-05 12:00:00,0.0,1425.8680241623297
2030-07-05 18:00:00,0.0,1375.763335214957
2030-07-06 00:00:00,1154.9457642708294,-0.0
2030-07-06 06:00:00,0.0,12774.0
2030-07-06 12:00:00,2545.383835165703,-0.0
2030-07-06 18:00:00,0.0,5529.34852496149
2030-07-07 00:00:00,7335.2137382603105,-0.0
2030-07-07 06:00:00,0.0,3816.231275389342
2030-07-07 12:00:00,0.0,12774.0
2030-07-07 18:00:00,0.0,6328.488870249887
2030-07-08 00:00:00,3491.816465108386,-0.0
2030-07-08 06:00:00,0.0,12774.0
2030-07-08 12:00:00,0.0,12774.0
2030-07-08 18:00:00,0.0,11916.727651897669
2030-07-09 00:00:00,12426.0,-0.0
2030-07-09 06:00:00,0.0,12774.0
2030-07-09 12:00:00,0.0,12774.0
2030-07-09 18:00:00,0.0,12774.0
2030-07-10 00:00:00,0.0,12774.0
2030-07-10 06:00:00,0.0,12774.0
2030-07-10 12:00:00,0.0,12774.0
2030-07-10 18:00:00,0.0,12774.0
2030-07-11 00:00:00,0.0,12774.0
2030-07-11 06:00:00,0.0,12774.0
2030-07-11 12:00:00,0.0,12774.0
2030-07-11 18:00:00,0.0,11445.511567819369
2030-07-12 00:00:00,0.0,9780.065641109031
2030-07-12 06:00:00,0.0,11291.855678620283
2030-07-12 12:00:00,0.0,12774.0
2030-07-12 18:00:00,0.0,12774.0
2030-07-13 00:00:00,0.0,12774.0
2030-07-13 06:00:00,0.0,12774.0
2030-07-13 12:00:00,0.0,5785.038144173486
2030-07-13 18:00:00,0.0,12774.0
2030-07-14 00:00:00,0.0,5972.870913489562
2030-07-14 06:00:00,0.0,12774.0
2030-07-14 12:00:00,0.0,9511.424859618739
2030-07-14 18:00:00,0.0,12774.0
2030-07-15 00:00:00,0.0,12774.0
2030-07-15 06:00:00,0.0,12774.0
2030-07-15 12:00:00,556.1000879719286,-0.0
2030-07-15 18:00:00,0.0,11734.122468626929
2030-07-16 00:00:00,12426.0,-0.0
2030-07-16 06:00:00,0.0,8703.741444364072
2030-07-16 12:00:00,0.0,12605.417694610893
2030-07-16 18:00:00,12426.0,-0.0
2030-07-17 00:00:00,12426.0,-0.0
2030-07-17 06:00:00,0.0,12774.0
2030-07-17 12:00:00,0.0,12774.0
2030-07-17 18:00:00,0.0,12774.0
2030-07-18 00:00:00,0.0,6837.818480010843
2030-07-18 06:00:00,0.0,12774.0
2030-07-18 12:00:00,0.0,12774.0
2030-07-18 18:00:00,0.0,12774.0
2030-07-19 00:00:00,0.0,12774.0
2030-07-19 06:00:00,0.0,12774.0
2030-07-19 12:00:00,0.0,12774.0
2030-07-19 18:00:00,0.0,12774.0
2030-07-20 00:00:00,0.0,12774.0
2030-07-20 06:00:00,0.0,12774.0
2030-07-20 12:00:00,0.0,12774.0
2030-07-20 18:00:00,0.0,12774.0
2030-07-21 00:00:00,0.0,12774.0
2030-07-21 06:00:00,0.0,12774.0
2030-07-21 12:00:00,0.0,12774.0
2030-07-21 18:00:00,0.0,12774.0
2030-07-22 00:00:00,0.0,12774.0
2030-07-22 06:00:00,0.0,12774.0
2030-07-22 12:00:00,0.0,12774.0
2030-07-22 18:00:00,0.0,12774.0
2030-07-23 00:00:00,12426.0,-0.0
2030-07-23 06:00:00,0.0,12774.0
2030-07-23 12:00:00,0.0,12774.0
2030-07-23 18:00:00,12426.0,-0.0
2030-07-24 00:00:00,10239.40679736356,-0.0
2030-07-24 06:00:00,2130.2006468763284,-0.0
2030-07-24 12:00:00,12426.0,-0.0
2030-07-24 18:00:00,12426.0,-0.0
2030-07-25 00:00:00,9407.78503707832,-0.0
2030-07-25 06:00:00,0.0,12774.0
2030-07-25 12:00:00,0.0,12774.0
2030-07-25 18:00:00,4192.304717452498,-0.0
2030-07-26 00:00:00,0.0,12774.0
2030-07-26 06:00:00,0.0,12774.0
2030-07-26 12:00:00,0.0,12774.0
2030-07-26 18:00:00,0.0,12774.0
2030-07-27 00:00:00,0.0,12774.0
2030-07-27 06:00:00,0.0,12774.0
2030-07-27 12:00:00,0.0,12774.0
2030-07-27 18:00:00,0.0,10683.620223504375
2030-07-28 00:00:00,0.0,8718.583299870545
2030-07-28 06:00:00,0.0,9325.388387628807
2030-07-28 12:00:00,0.0,12774.0
2030-07-28 18:00:00,0.0,578.9328669281748
2030-07-29 00:00:00,0.0,510.21376789158955
2030-07-29 06:00:00,0.0,12774.0
2030-07-29 12:00:00,0.0,12774.0
2030-07-29 18:00:00,0.0,12271.070173782478
2030-07-30 00:00:00,0.0,12774.0
2030-07-30 06:00:00,0.0,12774.0
2030-07-30 12:00:00,0.0,12774.0
2030-07-30 18:00:00,0.0,12774.0
2030-07-31 00:00:00,0.0,12774.0
2030-07-31 06:00:00,0.0,12774.0
2030-07-31 12:00:00,0.0,12774.0
2030-07-31 18:00:00,0.0,12774.0
2030-08-01 00:00:00,0.0,12774.0
2030-08-01 06:00:00,0.0,12774.0
2030-08-01 12:00:00,0.0,12774.0
2030-08-01 18:00:00,0.0,12774.0
2030-08-02 00:00:00,0.0,12774.0
2030-08-02 06:00:00,0.0,12774.0
2030-08-02 12:00:00,0.0,12774.0
2030-08-02 18:00:00,0.0,12774.0
2030-08-03 00:00:00,0.0,12774.0
2030-08-03 06:00:00,0.0,12774.0
2030-08-03 12:00:00,0.0,12774.0
2030-08-03 18:00:00,0.0,12774.0
2030-08-04 00:00:00,0.0,12774.0
2030-08-04 06:00:00,0.0,12774.0
2030-08-04 12:00:00,0.0,12774.0
2030-08-04 18:00:00,0.0,12774.0
2030-08-05 00:00:00,0.0,12774.0
2030-08-05 06:00:00,0.0,12774.0
2030-08-05 12:00:00,0.0,12774.0
2030-08-05 18:00:00,0.0,12774.0
2030-08-06 00:00:00,0.0,12774.0
2030-08-06 06:00:00,0.0,12774.0
2030-08-06 12:00:00,0.0,12774.0
2030-08-06 18:00:00,0.0,12774.0
2030-08-07 00:00:00,0.0,12774.0
2030-08-07 06:00:00,0.0,12774.0
2030-08-07 12:00:00,0.0,12774.0
2030-08-07 18:00:00,0.0,12774.0
2030-08-08 00:00:00,0.0,12774.0
2030-08-08 06:00:00,0.0,12774.0
2030-08-08 12:00:00,0.0,12774.0
2030-08-08 18:00:00,0.0,12774.0
2030-08-09 00:00:00,0.0,12774.0
2030-08-09 06:00:00,0.0,12774.0
2030-08-09 12:00:00,0.0,12774.0
2030-08-09 18:00:00,0.0,3331.191924578219
2030-08-10 00:00:00,12426.0,-0.0
2030-08-10 06:00:00,0.0,12774.0
2030-08-10 12:00:00,0.0,12774.0
2030-08-10 18:00:00,0.0,12774.0
2030-08-11 00:00:00,0.0,12774.0
2030-08-11 06:00:00,0.0,11382.2913030548
2030-08-11 12:00:00,0.0,12774.0
2030-08-11 18:00:00,0.0,12774.0
2030-08-12 00:00:00,0.0,12774.0
2030-08-12 06:00:00,0.0,12774.0
2030-08-12 12:00:00,0.0,12774.0
2030-08-12 18:00:00,0.0,12774.0
2030-08-13 00:00:00,0.0,12774.0
2030-08-13 06:00:00,0.0,12774.0
2030-08-13 12:00:00,0.0,12774.0
2030-08-13 18:00:00,0.0,12774.0
2030-08-14 00:00:00,0.0,12774.0
2030-08-14 06:00:00,0.0,13800.0
2030-08-14 12:00:00,0.0,12774.0
2030-08-14 18:00:00,0.0,12774.0
2030-08-15 00:00:00,0.0,13800.0
2030-08-15 06:00:00,0.0,12774.0
2030-08-15 12:00:00,0.0,12774.0
2030-08-15 18:00:00,0.0,12774.0
2030-08-16 00:00:00,0.0,13800.0
2030-08-16 06:00:00,0.0,13800.0
2030-08-16 12:00:00,0.0,12774.0
2030-08-16 18:00:00,0.0,12774.0
2030-08-17 00:00:00,0.0,12774.0
2030-08-17 06:00:00,0.0,13800.0
2030-08-17 12:00:00,0.0,13800.0
2030-08-17 18:00:00,0.0,12774.0
2030-08-18 00:00:00,0.0,13800.0
2030-08-18 06:00:00,0.0,13800.0
2030-08-18 12:00:00,0.0,12774.0
2030-08-18 18:00:00,0.0,12774.0
2030-08-19 00:00:00,0.0,13800.0
2030-08-19 06:00:00,0.0,12774.0
2030-08-19 12:00:00,0.0,12774.0
2030-08-19 18:00:00,0.0,12774.0
2030-08-20 00:00:00,0.0,12774.0
2030-08-20 06:00:00,0.0,12774.0
2030-08-20 12:00:00,0.0,12774.0
2030-08-20 18:00:00,0.0,12774.0
2030-08-21 00:00:00,0.0,12774.0
2030-08-21 06:00:00,0.0,12774.0
2030-08-21 12:00:00,0.0,12774.0
2030-08-21 18:00:00,0.0,12774.0
2030-08-22 00:00:00,0.0,12774.0
2030-08-22 06:00:00,0.0,12774.0
2030-08-22 12:00:00,0.0,12774.0
2030-08-22 18:00:00,0.0,12774.0
2030-08-23 00:00:00,0.0,12774.0
2030-08-23 06:00:00,0.0,12774.0
2030-08-23 12:00:00,0.0,12774.0
2030-08-23 18:00:00,0.0,12774.0
2030-08-24 00:00:00,0.0,12774.0
2030-08-24 06:00:00,0.0,13800.0
2030-08-24 12:00:00,0.0,12774.0
2030-08-24 18:00:00,0.0,12774.0
2030-08-25 00:00:00,0.0,12774.0
2030-08-25 06:00:00,0.0,12774.0
2030-08-25 12:00:00,0.0,12774.0
2030-08-25 18:00:00,0.0,12774.0
2030-08-26 00:00:00,0.0,12774.0
2030-08-26 06:00:00,0.0,12774.0
2030-08-26 12:00:00,0.0,12774.0
2030-08-26 18:00:00,0.0,12774.0
2030-08-27 00:00:00,0.0,12774.0
2030-08-27 06:00:00,0.0,12774.0
2030-08-27 12:00:00,0.0,12774.0
2030-08-27 18:00:00,0.0,12774.0
2030-08-28 00:00:00,0.0,12774.0
2030-08-28 06:00:00,0.0,12774.0
2030-08-28 12:00:00,0.0,12774.0
2030-08-28 18:00:00,0.0,12774.0
2030-08-29 00:00:00,0.0,12774.0
2030-08-29 06:00:00,0.0,12774.0
2030-08-29 12:00:00,0.0,12774.0
2030-08-29 18:00:00,0.0,12774.0
2030-08-30 00:00:00,0.0,12774.0
2030-08-30 06:00:00,0.0,12774.0
2030-08-30 12:00:00,0.0,12774.0
2030-08-30 18:00:00,0.0,12774.0
2030-08-31 00:00:00,0.0,12774.0
2030-08-31 06:00:00,0.0,12774.0
2030-08-31 12:00:00,0.0,12774.0
2030-08-31 18:00:00,0.0,12774.0
2030-09-01 00:00:00,0.0,12774.0
2030-09-01 06:00:00,0.0,12774.0
2030-09-01 12:00:00,0.0,12774.0
2030-09-01 18:00:00,0.0,12774.0
2030-09-02 00:00:00,0.0,12774.0
2030-09-02 06:00:00,0.0,12774.0
2030-09-02 12:00:00,3685.9647867912063,-0.0
2030-09-02 18:00:00,624.6469558825775,-0.0
2030-09-03 00:00:00,0.0,12774.0
2030-09-03 06:00:00,0.0,12774.0
2030-09-03 12:00:00,0.0,12774.0
2030-09-03 18:00:00,0.0,12774.0
2030-09-04 00:00:00,0.0,12774.0
2030-09-04 06:00:00,0.0,12774.0
2030-09-04 12:00:00,0.0,12774.0
2030-09-04 18:00:00,0.0,12774.0
2030-09-05 00:00:00,0.0,12774.0
2030-09-05 06:00:00,0.0,12774.0
2030-09-05 12:00:00,0.0,12774.0
2030-09-05 18:00:00,0.0,12774.0
2030-09-06 00:00:00,0.0,12774.0
2030-09-06 06:00:00,0.0,12774.0
2030-09-06 12:00:00,0.0,12774.0
2030-09-06 18:00:00,0.0,12774.0
2030-09-07 00:00:00,0.0,12774.0
2030-09-07 06:00:00,0.0,12774.0
2030-09-07 12:00:00,0.0,12774.0
2030-09-07 18:00:00,0.0,12774.0
2030-09-08 00:00:00,0.0,9516.652144071855
2030-09-08 06:00:00,0.0,8452.928226236065
2030-09-08 12:00:00,0.0,12774.0
2030-09-08 18:00:00,0.0,12774.0
2030-09-09 00:00:00,0.0,276.3676950812369
2030-09-09 06:00:00,0.0,12774.0
2030-09-09 12:00:00,0.0,12774.0
2030-09-09 18:00:00,0.0,12774.0
2030-09-10 00:00:00,0.0,12774.0
2030-09-10 06:00:00,6842.666262462619,-0.0
2030-09-10 12:00:00,0.0,12774.0
2030-09-10 18:00:00,0.0,12774.0
2030-09-11 00:00:00,0.0,12774.0
2030-09-11 06:00:00,6270.27778143136,-0.0
2030-09-11 12:00:00,2459.3018024742632,-0.0
2030-09-11 18:00:00,2282.528175146763,-0.0
2030-09-12 00:00:00,0.0,380.6146198232891
2030-09-12 06:00:00,0.0,8446.465278181246
2030-09-12 12:00:00,0.0,3222.6335588735815
2030-09-12 18:00:00,8409.956217051178,-0.0
2030-09-13 00:00:00,0.0,5823.434688282665
2030-09-13 06:00:00,898.6139218489116,-0.0
2030-09-13 12:00:00,0.0,12774.0
2030-09-13 18:00:00,0.0,12774.0
2030-09-14 00:00:00,0.0,6673.867093674082
2030-09-14 06:00:00,8064.011430218394,-0.0
2030-09-14 12:00:00,4198.087453748361,-0.0
2030-09-14 18:00:00,0.0,12774.0
2030-09-15 00:00:00,0.0,12774.0
2030-09-15 06:00:00,0.0,12774.0
2030-09-15 12:00:00,0.0,12774.0
2030-09-15 18:00:00,0.0,12774.0
2030-09-16 00:00:00,0.0,12774.0
2030-09-16 06:00:00,0.0,12774.0
2030-09-16 12:00:00,0.0,12774.0
2030-09-16 18:00:00,0.0,12774.0
2030-09-17 00:00:00,0.0,968.947485413395
2030-09-17 06:00:00,12426.0,-0.0
2030-09-17 12:00:00,12426.0,-0.0
2030-09-17 18:00:00,12426.0,-0.0
2030-09-18 00:00:00,12426.0,-0.0
2030-09-18 06:00:00,2875.46478497838,-0.0
2030-09-18 12:00:00,0.0,6293.453569611069
2030-09-18 18:00:00,12426.0,-0.0
2030-09-19 00:00:00,12426.0,-0.0
2030-09-19 06:00:00,12426.0,-0.0
2030-09-19 12:00:00,12426.0,-0.0
2030-09-19 18:00:00,12426.0,-0.0
2030-09-20 00:00:00,12426.0,-0.0
2030-09-20 06:00:00,11538.587775745516,-0.0
2030-09-20 12:00:00,10583.348160647256,-0.0
2030-09-20 18:00:00,12426.0,-0.0
2030-09-21 00:00:00,12426.0,-0.0
2030-09-21 06:00:00,12426.0,-0.0
2030-09-21 12:00:00,12426.0,-0.0
2030-09-21 18:00:00,12426.0,-0.0
2030-09-22 00:00:00,12426.0,-0.0
2030-09-22 06:00:00,0.0,4495.4078469164315
2030-09-22 12:00:00,0.0,12121.468376709823
2030-09-22 18:00:00,11088.2445472463,-0.0
2030-09-23 00:00:00,12426.0,-0.0
2030-09-23 06:00:00,12426.0,-0.0
2030-09-23 12:00:00,12426.0,-0.0
2030-09-23 18:00:00,12426.0,-0.0
2030-09-24 00:00:00,12426.0,-0.0
2030-09-24 06:00:00,12426.0,-0.0
2030-09-24 12:00:00,11081.532005715759,-0.0
2030-09-24 18:00:00,12426.0,-0.0
2030-09-25 00:00:00,0.0,12774.0
2030-09-25 06:00:00,0.0,12774.0
2030-09-25 12:00:00,12426.0,-0.0
2030-09-25 18:00:00,12426.0,-0.0
2030-09-26 00:00:00,12426.0,-0.0
2030-09-26 06:00:00,12426.0,-0.0
2030-09-26 12:00:00,12426.0,-0.0
2030-09-26 18:00:00,12426.0,-0.0
2030-09-27 00:00:00,12426.0,-0.0
2030-09-27 06:00:00,0.0,11718.583231871722
2030-09-27 12:00:00,0.0,9290.019511350622
2030-09-27 18:00:00,1268.3886634897572,-0.0
2030-09-28 00:00:00,7484.384536224286,-0.0
2030-09-28 06:00:00,760.0737009155491,-0.0
2030-09-28 12:00:00,5981.387413871911,-0.0
2030-09-28 18:00:00,0.0,12774.0
2030-09-29 00:00:00,0.0,12774.0
2030-09-29 06:00:00,0.0,12774.0
2030-09-29 12:00:00,0.0,12774.0
2030-09-29 18:00:00,0.0,8154.933917027518
2030-09-30 00:00:00,0.0,4605.35099441027
2030-09-30 06:00:00,0.0,12774.0
2030-09-30 12:00:00,0.0,12774.0
2030-09-30 18:00:00,0.0,12774.0
2030-10-01 00:00:00,0.0,11871.788206248932
2030-10-01 06:00:00,0.0,3022.122204785519
2030-10-01 12:00:00,0.0,3071.1426121561817
2030-10-01 18:00:00,0.0,13800.0
2030-10-02 00:00:00,0.0,13800.0
2030-10-02 06:00:00,0.0,13800.0
2030-10-02 12:00:00,0.0,13800.0
2030-10-02 18:00:00,0.0,13800.0
2030-10-03 00:00:00,0.0,13800.0
2030-10-03 06:00:00,0.0,13800.0
2030-10-03 12:00:00,0.0,13800.0
2030-10-03 18:00:00,0.0,13800.0
2030-10-04 00:00:00,0.0,13800.0
2030-10-04 06:00:00,0.0,13800.0
2030-10-04 12:00:00,0.0,13800.0
2030-10-04 18:00:00,0.0,13800.0
2030-10-05 00:00:00,0.0,13800.0
2030-10-05 06:00:00,0.0,13800.0
2030-10-05 12:00:00,0.0,13800.0
2030-10-05 18:00:00,0.0,13800.0
2030-10-06 00:00:00,0.0,13800.0
2030-10-06 06:00:00,0.0,13800.0
2030-10-06 12:00:00,0.0,13800.0
2030-10-06 18:00:00,0.0,13800.0
2030-10-07 00:00:00,0.0,13800.0
2030-10-07 06:00:00,0.0,13800.0
2030-10-07 12:00:00,0.0,13800.0
2030-10-07 18:00:00,0.0,13800.0
2030-10-08 00:00:00,0.0,13800.0
2030-10-08 06:00:00,0.0,13800.0
2030-10-08 12:00:00,0.0,13800.0
2030-10-08 18:00:00,0.0,13800.0
2030-10-09 00:00:00,0.0,13800.0
2030-10-09 06:00:00,0.0,13800.0
2030-10-09 12:00:00,0.0,13800.0
2030-10-09 18:00:00,0.0,13800.0
2030-10-10 00:00:00,0.0,13800.0
2030-10-10 06:00:00,0.0,13800.0
2030-10-10 12:00:00,0.0,13800.0
2030-10-10 18:00:00,0.0,13800.0
2030-10-11 00:00:00,0.0,13800.0
2030-10-11 06:00:00,0.0,13800.0
2030-10-11 12:00:00,0.0,13800.0
2030-10-11 18:00:00,0.0,13800.0
2030-10-12 00:00:00,0.0,13800.0
2030-10-12 06:00:00,0.0,13800.0
2030-10-12 12:00:00,0.0,13800.0
2030-10-12 18:00:00,0.0,13800.0
2030-10-13 00:00:00,0.0,13800.0
2030-10-13 06:00:00,0.0,13800.0
2030-10-13 12:00:00,0.0,13800.0
2030-10-13 18:00:00,0.0,13800.0
2030-10-14 00:00:00,0.0,13800.0
2030-10-14 06:00:00,0.0,13800.0
2030-10-14 12:00:00,0.0,13800.0
2030-10-14 18:00:00,0.0,13800.0
2030-10-15 00:00:00,0.0,13800.0
2030-10-15 06:00:00,0.0,13800.0
2030-10-15 12:00:00,0.0,13800.0
2030-10-15 18:00:00,0.0,13800.0
2030-10-16 00:00:00,0.0,13800.0
2030-10-16 06:00:00,0.0,13800.0
2030-10-16 12:00:00,0.0,13800.0
2030-10-16 18:00:00,0.0,13800.0
2030-10-17 00:00:00,0.0,13800.0
2030-10-17 06:00:00,0.0,13800.0
2030-10-17 12:00:00,0.0,13800.0
2030-10-17 18:00:00,0.0,13800.0
2030-10-18 00:00:00,0.0,13800.0
2030-10-18 06:00:00,0.0,13800.0
2030-10-18 12:00:00,0.0,13800.0
2030-10-18 18:00:00,0.0,13800.0
2030-10-19 00:00:00,0.0,13800.0
2030-10-19 06:00:00,0.0,13800.0
2030-10-19 12:00:00,0.0,13800.0
2030-10-19 18:00:00,0.0,13800.0
2030-10-20 00:00:00,0.0,13800.0
2030-10-20 06:00:00,0.0,13800.0
2030-10-20 12:00:00,0.0,13800.0
2030-10-20 18:00:00,0.0,13800.0
2030-10-21 00:00:00,0.0,13800.0
2030-10-21 06:00:00,0.0,13800.0
2030-10-21 12:00:00,0.0,13800.0
2030-10-21 18:00:00,0.0,13800.0
2030-10-22 00:00:00,0.0,13800.0
2030-10-22 06:00:00,0.0,13800.0
2030-10-22 12:00:00,0.0,13800.0
2030-10-22 18:00:00,0.0,13800.0
2030-10-23 00:00:00,0.0,13800.0
2030-10-23 06:00:00,0.0,13800.0
2030-10-23 12:00:00,0.0,13800.0
2030-10-23 18:00:00,0.0,13800.0
2030-10-24 00:00:00,0.0,13800.0
2030-10-24 06:00:00,0.0,13800.0
2030-10-24 12:00:00,0.0,13800.0
2030-10-24 18:00:00,0.0,13800.0
2030-10-25 00:00:00,0.0,13800.0
2030-10-25 06:00:00,0.0,13800.0
2030-10-25 12:00:00,0.0,13800.0
2030-10-25 18:00:00,0.0,13800.0
2030-10-26 00:00:00,0.0,13800.0
2030-10-26 06:00:00,0.0,13800.0
2030-10-26 12:00:00,0.0,13800.0
2030-10-26 18:00:00,0.0,13800.0
2030-10-27 00:00:00,0.0,13800.0
2030-10-27 06:00:00,0.0,13800.0
2030-10-27 12:00:00,0.0,13800.0
2030-10-27 18:00:00,0.0,13800.0
2030-10-28 00:00:00,0.0,13800.0
2030-10-28 06:00:00,0.0,13800.0
2030-10-28 12:00:00,0.0,13800.0
2030-10-28 18:00:00,0.0,13800.0
2030-10-29 00:00:00,0.0,13800.0
2030-10-29 06:00:00,0.0,13800.0
2030-10-29 12:00:00,0.0,13800.0
2030-10-29 18:00:00,0.0,13800.0
2030-10-30 00:00:00,0.0,13800.0
2030-10-30 06:00:00,0.0,13800.0
2030-10-30 12:00:00,0.0,13800.0
2030-10-30 18:00:00,0.0,13800.0
2030-10-31 00:00:00,0.0,13800.0
2030-10-31 06:00:00,0.0,13800.0
2030-10-31 12:00:00,0.0,13800.0
2030-10-31 18:00:00,0.0,13800.0
2030-11-01 00:00:00,0.0,13800.0
2030-11-01 06:00:00,0.0,13800.0
2030-11-01 12:00:00,0.0,13800.0
2030-11-01 18:00:00,0.0,13800.0
2030-11-02 00:00:00,0.0,13800.0
2030-11-02 06:00:00,0.0,13800.0
2030-11-02 12:00:00,0.0,13800.0
2030-11-02 18:00:00,0.0,13800.0
2030-11-03 00:00:00,0.0,13800.0
2030-11-03 06:00:00,0.0,13800.0
2030-11-03 12:00:00,0.0,13800.0
2030-11-03 18:00:00,0.0,13800.0
2030-11-04 00:00:00,0.0,13800.0
2030-11-04 06:00:00,0.0,13800.0
2030-11-04 12:00:00,0.0,13800.0
2030-11-04 18:00:00,0.0,13800.0
2030-11-05 00:00:00,0.0,13800.0
2030-11-05 06:00:00,0.0,13800.0
2030-11-05 12:00:00,0.0,13800.0
2030-11-05 18:00:00,0.0,13800.0
2030-11-06 00:00:00,0.0,13800.0
2030-11-06 06:00:00,0.0,13800.0
2030-11-06 12:00:00,0.0,13800.0
2030-11-06 18:00:00,0.0,13800.0
2030-11-07 00:00:00,0.0,13800.0
2030-11-07 06:00:00,0.0,13800.0
2030-11-07 12:00:00,0.0,13800.0
2030-11-07 18:00:00,0.0,13800.0
2030-11-08 00:00:00,0.0,13800.0
2030-11-08 06:00:00,0.0,13800.0
2030-11-08 12:00:00,0.0,13800.0
2030-11-08 18:00:00,0.0,13800.0
2030-11-09 00:00:00,0.0,13800.0
2030-11-09 06:00:00,0.0,13800.0
2030-11-09 12:00:00,0.0,13800.0
2030-11-09 18:00:00,0.0,13800.0
2030-11-10 00:00:00,0.0,13800.0
2030-11-10 06:00:00,0.0,13800.0
2030-11-10 12:00:00,0.0,13800.0
2030-11-10 18:00:00,0.0,13800.0
2030-11-11 00:00:00,0.0,13800.0
2030-11-11 06:00:00,0.0,13800.0
2030-11-11 12:00:00,0.0,12774.0
2030-11-11 18:00:00,0.0,12794.797525811577
2030-11-12 00:00:00,0.0,13800.0
2030-11-12 06:00:00,0.0,13800.0
2030-11-12 12:00:00,0.0,13800.0
2030-11-12 18:00:00,0.0,13800.0
2030-11-13 00:00:00,0.0,13800.0
2030-11-13 06:00:00,0.0,13800.0
2030-11-13 12:00:00,0.0,13800.0
2030-11-13 18:00:00,0.0,13800.0
2030-11-14 00:00:00,0.0,13800.0
2030-11-14 06:00:00,0.0,13800.0
2030-11-14 12:00:00,0.0,13800.0
2030-11-14 18:00:00,0.0,13800.0
2030-11-15 00:00:00,0.0,13800.0
2030-11-15 06:00:00,0.0,13800.0
2030-11-15 12:00:00,0.0,13800.0
2030-11-15 18:00:00,0.0,13800.0
2030-11-16 00:00:00,0.0,13800.0
2030-11-16 06:00:00,0.0,13800.0
2030-11-16 12:00:00,0.0,13800.0
2030-11-16 18:00:00,0.0,13800.0
2030-11-17 00:00:00,0.0,13800.0
2030-11-17 06:00:00,0.0,13800.0
2030-11-17 12:00:00,0.0,13800.0
2030-11-17 18:00:00,0.0,13800.0
2030-11-18 00:00:00,0.0,13800.0
2030-11-18 06:00:00,0.0,13800.0
2030-11-18 12:00:00,0.0,13800.0
2030-11-18 18:00:00,0.0,13800.0
2030-11-19 00:00:00,0.0,13800.0
2030-11-19 06:00:00,0.0,13800.0
2030-11-19 12:00:00,0.0,13800.0
2030-11-19 18:00:00,0.0,13800.0
2030-11-20 00:00:00,0.0,13800.0
2030-11-20 06:00:00,0.0,13800.0
2030-11-20 12:00:00,0.0,13800.0
2030-11-20 18:00:00,0.0,13800.0
2030-11-21 00:00:00,0.0,13800.0
2030-11-21 06:00:00,0.0,13800.0
2030-11-21 12:00:00,0.0,13800.0
2030-11-21 18:00:00,0.0,13800.0
2030-11-22 00:00:00,0.0,13800.0
2030-11-22 06:00:00,0.0,13800.0
2030-11-22 12:00:00,0.0,13800.0
2030-11-22 18:00:00,0.0,13800.0
2030-11-23 00:00:00,0.0,13800.0
2030-11-23 06:00:00,0.0,13800.0
2030-11-23 12:00:00,0.0,13800.0
2030-11-23 18:00:00,0.0,13800.0
2030-11-24 00:00:00,0.0,13800.0
2030-11-24 06:00:00,0.0,13800.0
2030-11-24 12:00:00,0.0,13800.0
2030-11-24 18:00:00,0.0,12774.0
2030-11-25 00:00:00,0.0,12774.0
2030-11-25 06:00:00,0.0,12774.0
2030-11-25 12:00:00,0.0,12774.0
2030-11-25 18:00:00,0.0,12774.0
2030-11-26 00:00:00,0.0,13800.0
2030-11-26 06:00:00,0.0,13800.0
2030-11-26 12:00:00,0.0,13800.0
2030-11-26 18:00:00,0.0,13800.0
2030-11-27 00:00:00,0.0,13800.0
2030-11-27 06:00:00,0.0,12774.0
2030-11-27 12:00:00,0.0,13800.0
2030-11-27 18:00:00,0.0,13800.0
2030-11-28 00:00:00,0.0,13800.0
2030-11-28 06:00:00,0.0,13800.0
2030-11-28 12:00:00,0.0,13800.0
2030-11-28 18:00:00,0.0,13800.0
2030-11-29 00:00:00,0.0,13800.0
2030-11-29 06:00:00,0.0,13800.0
2030-11-29 12:00:00,0.0,13800.0
2030-11-29 18:00:00,0.0,13800.0
2030-11-30 00:00:00,0.0,13800.0
2030-11-30 06:00:00,0.0,13800.0
2030-11-30 12:00:00,0.0,13800.0
2030-11-30 18:00:00,0.0,13800.0
2030-12-01 00:00:00,0.0,13800.0
2030-12-01 06:00:00,0.0,13800.0
2030-12-01 12:00:00,0.0,13800.0
2030-12-01 18:00:00,0.0,13800.0
2030-12-02 00:00:00,0.0,13800.0
2030-12-02 06:00:00,0.0,13800.0
2030-12-02 12:00:00,0.0,13800.0
2030-12-02 18:00:00,0.0,13800.0
2030-12-03 00:00:00,0.0,13800.0
2030-12-03 06:00:00,0.0,13800.0
2030-12-03 12:00:00,0.0,13800.0
2030-12-03 18:00:00,0.0,13800.0
2030-12-04 00:00:00,0.0,13800.0
2030-12-04 06:00:00,0.0,13800.0
2030-12-04 12:00:00,0.0,13800.0
2030-12-04 18:00:00,0.0,13800.0
2030-12-05 00:00:00,0.0,13800.0
2030-12-05 06:00:00,0.0,12774.0
2030-12-05 12:00:00,0.0,13800.0
2030-12-05 18:00:00,0.0,13800.0
2030-12-06 00:00:00,0.0,13800.0
2030-12-06 06:00:00,0.0,12774.0
2030-12-06 12:00:00,0.0,13800.0
2030-12-06 18:00:00,0.0,13800.0
2030-12-07 00:00:00,0.0,13800.0
2030-12-07 06:00:00,0.0,13800.0
2030-12-07 12:00:00,0.0,13800.0
2030-12-07 18:00:00,0.0,13800.0
2030-12-08 00:00:00,0.0,13800.0
2030-12-08 06:00:00,0.0,13800.0
2030-12-08 12:00:00,0.0,13800.0
2030-12-08 18:00:00,0.0,13800.0
2030-12-09 00:00:00,0.0,13800.0
2030-12-09 06:00:00,0.0,13800.0
2030-12-09 12:00:00,0.0,12320.889381069775
2030-12-09 18:00:00,0.0,12774.0
2030-12-10 00:00:00,0.0,12774.0
2030-12-10 06:00:00,0.0,13800.0
2030-12-10 12:00:00,0.0,13800.0
2030-12-10 18:00:00,0.0,13800.0
2030-12-11 00:00:00,0.0,13800.0
2030-12-11 06:00:00,0.0,13800.0
2030-12-11 12:00:00,0.0,13800.0
2030-12-11 18:00:00,0.0,13800.0
2030-12-12 00:00:00,0.0,13800.0
2030-12-12 06:00:00,0.0,13800.0
2030-12-12 12:00:00,0.0,13800.0
2030-12-12 18:00:00,0.0,13800.0
2030-12-13 00:00:00,0.0,13800.0
2030-12-13 06:00:00,0.0,13800.0
2030-12-13 12:00:00,0.0,13800.0
2030-12-13 18:00:00,0.0,13800.0
2030-12-14 00:00:00,0.0,13800.0
2030-12-14 06:00:00,0.0,13800.0
2030-12-14 12:00:00,0.0,13800.0
2030-12-14 18:00:00,0.0,13800.0
2030-12-15 00:00:00,0.0,13800.0
2030-12-15 06:00:00,0.0,13800.0
2030-12-15 12:00:00,0.0,13800.0
2030-12-15 18:00:00,0.0,13800.0
2030-12-16 00:00:00,0.0,13800.0
2030-12-16 06:00:00,0.0,13800.0
2030-12-16 12:00:00,0.0,13800.0
2030-12-16 18:00:00,0.0,13800.0
2030-12-17 00:00:00,0.0,13800.0
2030-12-17 06:00:00,0.0,13800.0
2030-12-17 12:00:00,0.0,13800.0
2030-12-17 18:00:00,0.0,13800.0
2030-12-18 00:00:00,0.0,13800.0
2030-12-18 06:00:00,0.0,13800.0
2030-12-18 12:00:00,0.0,13800.0
2030-12-18 18:00:00,0.0,13800.0
2030-12-19 00:00:00,0.0,13800.0
2030-12-19 06:00:00,0.0,13800.0
2030-12-19 12:00:00,0.0,13800.0
2030-12-19 18:00:00,0.0,13800.0
2030-12-20 00:00:00,0.0,13800.0
2030-12-20 06:00:00,0.0,13800.0
2030-12-20 12:00:00,0.0,13800.0
2030-12-20 18:00:00,0.0,13800.0
2030-12-21 00:00:00,0.0,13800.0
2030-12-21 06:00:00,0.0,13800.0
2030-12-21 12:00:00,0.0,13800.0
2030-12-21 18:00:00,0.0,13800.0
2030-12-22 00:00:00,0.0,13800.0
2030-12-22 06:00:00,0.0,13800.0
2030-12-22 12:00:00,0.0,13800.0
2030-12-22 18:00:00,0.0,13800.0
2030-12-23 00:00:00,0.0,13800.0
2030-12-23 06:00:00,0.0,13800.0
2030-12-23 12:00:00,0.0,13800.0
2030-12-23 18:00:00,0.0,13800.0
2030-12-24 00:00:00,0.0,13800.0
2030-12-24 06:00:00,0.0,13800.0
2030-12-24 12:00:00,0.0,13800.0
2030-12-24 18:00:00,0.0,13800.0
2030-12-25 00:00:00,0.0,13800.0
2030-12-25 06:00:00,0.0,13800.0
2030-12-25 12:00:00,0.0,13800.0
2030-12-25 18:00:00,0.0,13800.0
2030-12-26 00:00:00,0.0,13800.0
2030-12-26 06:00:00,0.0,13800.0
2030-12-26 12:00:00,0.0,13800.0
2030-12-26 18:00:00,0.0,13800.0
2030-12-27 00:00:00,0.0,13800.0
2030-12-27 06:00:00,0.0,13800.0
2030-12-27 12:00:00,0.0,13800.0
2030-12-27 18:00:00,0.0,13800.0
2030-12-28 00:00:00,0.0,13800.0
2030-12-28 06:00:00,0.0,13800.0
2030-12-28 12:00:00,0.0,13800.0
2030-12-28 18:00:00,0.0,13800.0
2030-12-29 00:00:00,0.0,13800.0
2030-12-29 06:00:00,0.0,13800.0
2030-12-29 12:00:00,0.0,13800.0
2030-12-29 18:00:00,0.0,13800.0
2030-12-30 00:00:00,0.0,13800.0
2030-12-30 06:00:00,0.0,13800.0
2030-12-30 12:00:00,0.0,13800.0
2030-12-30 18:00:00,0.0,13800.0
2030-12-31 00:00:00,0.0,13800.0
2030-12-31 06:00:00,0.0,13800.0
2030-12-31 12:00:00,0.0,13800.0
2030-12-31 18:00:00,0.0,13800.0
2031-01-01 00:00:00,0.0,13800.0
2031-01-01 06:00:00,0.0,13800.0
2031-01-01 12:00:00,0.0,13800.0
2031-01-01 18:00:00,0.0,13800.0
2031-01-02 00:00:00,0.0,13800.0
2031-01-02 06:00:00,0.0,13800.0
2031-01-02 12:00:00,0.0,13800.0
2031-01-02 18:00:00,0.0,13800.0
2031-01-03 00:00:00,0.0,13800.0
2031-01-03 06:00:00,0.0,13800.0
2031-01-03 12:00:00,0.0,13800.0
2031-01-03 18:00:00,0.0,12774.0
2031-01-04 00:00:00,0.0,13800.0
2031-01-04 06:00:00,0.0,12774.0
2031-01-04 12:00:00,0.0,13800.0
2031-01-04 18:00:00,0.0,13439.39694428393
2031-01-05 00:00:00,0.0,12774.0
2031-01-05 06:00:00,0.0,13800.0
2031-01-05 12:00:00,0.0,13800.0
2031-01-05 18:00:00,0.0,13800.0
2031-01-06 00:00:00,11400.0,-0.0
2031-01-06 06:00:00,0.0,13800.0
2031-01-06 12:00:00,0.0,13800.0
2031-01-06 18:00:00,0.0,5657.885190292815
2031-01-07 00:00:00,11400.0,-0.0
2031-01-07 06:00:00,11400.0,-0.0
2031-01-07 12:00:00,0.0,13800.0
2031-01-07 18:00:00,0.0,13800.0
2031-01-08 00:00:00,0.0,13800.0
2031-01-08 06:00:00,0.0,13800.0
2031-01-08 12:00:00,0.0,13800.0
2031-01-08 18:00:00,0.0,13800.0
2031-01-09 00:00:00,0.0,13800.0
2031-01-09 06:00:00,0.0,13800.0
2031-01-09 12:00:00,0.0,13800.0
2031-01-09 18:00:00,0.0,12774.0
2031-01-10 00:00:00,0.0,13800.0
2031-01-10 06:00:00,0.0,13800.0
2031-01-10 12:00:00,0.0,12774.0
2031-01-10 18:00:00,0.0,13800.0
2031-01-11 00:00:00,0.0,13800.0
2031-01-11 06:00:00,0.0,13800.0
2031-01-11 12:00:00,0.0,12774.0
2031-01-11 18:00:00,0.0,13800.0
2031-01-12 00:00:00,0.0,13800.0
2031-01-12 06:00:00,0.0,13800.0
2031-01-12 12:00:00,0.0,13800.0
2031-01-12 18:00:00,0.0,13800.0
2031-01-13 00:00:00,0.0,13800.0
2031-01-13 06:00:00,0.0,13800.0
2031-01-13 12:00:00,0.0,13800.0
2031-01-13 18:00:00,0.0,13800.0
2031-01-14 00:00:00,0.0,13800.0
2031-01-14 06:00:00,0.0,13800.0
2031-01-14 12:00:00,0.0,13800.0
2031-01-14 18:00:00,0.0,13800.0
2031-01-15 00:00:00,0.0,13800.0
2031-01-15 06:00:00,0.0,12774.0
2031-01-15 12:00:00,0.0,13800.0
2031-01-15 18:00:00,0.0,13800.0
2031-01-16 00:00:00,0.0,13800.0
2031-01-16 06:00:00,0.0,13800.0
2031-01-16 12:00:00,0.0,13800.0
2031-01-16 18:00:00,11400.0,-0.0
2031-01-17 00:00:00,11400.0,-0.0
2031-01-17 06:00:00,0.0,13800.0
2031-01-17 12:00:00,0.0,13800.0
2031-01-17 18:00:00,0.0,13800.0
2031-01-18 00:00:00,0.0,13800.0
2031-01-18 06:00:00,0.0,13800.0
2031-01-18 12:00:00,11400.0,-0.0
2031-01-18 18:00:00,0.0,13800.0
2031-01-19 00:00:00,0.0,13800.0
2031-01-19 06:00:00,0.0,13800.0
2031-01-19 12:00:00,0.0,13800.0
2031-01-19 18:00:00,0.0,13800.0
2031-01-20 00:00:00,0.0,13800.0
2031-01-20 06:00:00,0.0,13800.0
2031-01-20 12:00:00,0.0,13800.0
2031-01-20 18:00:00,0.0,10672.748020159866
2031-01-21 00:00:00,11400.0,-0.0
2031-01-21 06:00:00,0.0,13800.0
2031-01-21 12:00:00,0.0,13800.0
2031-01-21 18:00:00,11400.0,-0.0
2031-01-22 00:00:00,6827.790743202435,-0.0
2031-01-22 06:00:00,0.0,13800.0
2031-01-22 12:00:00,0.0,13800.0
2031-01-22 18:00:00,0.0,13800.0
2031-01-23 00:00:00,0.0,13800.0
2031-01-23 06:00:00,0.0,13800.0
2031-01-23 12:00:00,0.0,13800.0
2031-01-23 18:00:00,0.0,13800.0
2031-01-24 00:00:00,0.0,13800.0
2031-01-24 06:00:00,0.0,13800.0
2031-01-24 12:00:00,11400.0,-0.0
2031-01-24 18:00:00,11400.0,-0.0
2031-01-25 00:00:00,11400.0,-0.0
2031-01-25 06:00:00,11400.0,-0.0
2031-01-25 12:00:00,0.0,12774.0
2031-01-25 18:00:00,0.0,13800.0
2031-01-26 00:00:00,0.0,13800.0
2031-01-26 06:00:00,0.0,13800.0
2031-01-26 12:00:00,0.0,13800.0
2031-01-26 18:00:00,0.0,13800.0
2031-01-27 00:00:00,0.0,13800.0
2031-01-27 06:00:00,0.0,13800.0
2031-01-27 12:00:00,0.0,13800.0
2031-01-27 18:00:00,0.0,13800.0
2031-01-28 00:00:00,0.0,13800.0
2031-01-28 06:00:00,0.0,12774.0
2031-01-28 12:00:00,0.0,12774.0
2031-01-28 18:00:00,0.0,13800.0
2031-01-29 00:00:00,0.0,13800.0
2031-01-29 06:00:00,0.0,12774.0
2031-01-29 12:00:00,0.0,13800.0
2031-01-29 18:00:00,0.0,13800.0
2031-01-30 00:00:00,0.0,13338.692373177153
2031-01-30 06:00:00,0.0,12774.0
2031-01-30 12:00:00,0.0,13800.0
2031-01-30 18:00:00,0.0,12774.0
2031-01-31 00:00:00,0.0,12774.0
2031-01-31 06:00:00,0.0,13800.0
2031-01-31 12:00:00,0.0,13800.0
2031-01-31 18:00:00,0.0,12774.0
2031-02-01 00:00:00,0.0,13800.0
2031-02-01 06:00:00,0.0,13800.0
2031-02-01 12:00:00,0.0,13800.0
2031-02-01 18:00:00,0.0,13800.0
2031-02-02 00:00:00,0.0,13800.0
2031-02-02 06:00:00,0.0,12774.0
2031-02-02 12:00:00,0.0,13800.0
2031-02-02 18:00:00,0.0,13800.0
2031-02-03 00:00:00,0.0,13800.0
2031-02-03 06:00:00,0.0,13800.0
2031-02-03 12:00:00,0.0,13800.0
2031-02-03 18:00:00,0.0,13800.0
2031-02-04 00:00:00,0.0,13800.0
2031-02-04 06:00:00,0.0,13800.0
2031-02-04 12:00:00,0.0,13800.0
2031-02-04 18:00:00,0.0,13800.0
2031-02-05 00:00:00,0.0,13800.0
2031-02-05 06:00:00,0.0,13800.0
2031-02-05 12:00:00,0.0,13800.0
2031-02-05 18:00:00,0.0,13800.0
2031-02-06 00:00:00,0.0,13800.0
2031-02-06 06:00:00,0.0,13800.0
2031-02-06 12:00:00,0.0,13800.0
2031-02-06 18:00:00,0.0,13800.0
2031-02-07 00:00:00,0.0,13800.0
2031-02-07 06:00:00,0.0,13800.0
2031-02-07 12:00:00,0.0,13800.0
2031-02-07 18:00:00,0.0,13800.0
2031-02-08 00:00:00,0.0,13800.0
2031-02-08 06:00:00,0.0,13800.0
2031-02-08 12:00:00,0.0,13800.0
2031-02-08 18:00:00,0.0,13800.0
2031-02-09 00:00:00,0.0,13800.0
2031-02-09 06:00:00,0.0,13800.0
2031-02-09 12:00:00,0.0,13800.0
2031-02-09 18:00:00,0.0,13800.0
2031-02-10 00:00:00,0.0,13800.0
2031-02-10 06:00:00,0.0,13800.0
2031-02-10 12:00:00,0.0,13800.0
2031-02-10 18:00:00,0.0,13800.0
2031-02-11 00:00:00,0.0,13800.0
2031-02-11 06:00:00,0.0,13800.0
2031-02-11 12:00:00,0.0,13800.0
2031-02-11 18:00:00,0.0,13800.0
2031-02-12 00:00:00,0.0,13800.0
2031-02-12 06:00:00,0.0,13800.0
2031-02-12 12:00:00,0.0,13800.0
2031-02-12 18:00:00,0.0,13800.0
2031-02-13 00:00:00,0.0,13800.0
2031-02-13 06:00:00,0.0,13800.0
2031-02-13 12:00:00,0.0,13800.0
2031-02-13 18:00:00,0.0,13800.0
2031-02-14 00:00:00,0.0,13800.0
2031-02-14 06:00:00,0.0,13800.0
2031-02-14 12:00:00,0.0,13800.0
2031-02-14 18:00:00,0.0,13800.0
2031-02-15 00:00:00,0.0,13800.0
2031-02-15 06:00:00,0.0,13800.0
2031-02-15 12:00:00,0.0,13800.0
2031-02-15 18:00:00,0.0,13800.0
2031-02-16 00:00:00,0.0,13800.0
2031-02-16 06:00:00,0.0,13800.0
2031-02-16 12:00:00,0.0,13800.0
2031-02-16 18:00:00,0.0,13800.0
2031-02-17 00:00:00,0.0,13800.0
2031-02-17 06:00:00,0.0,13800.0
2031-02-17 12:00:00,0.0,13800.0
2031-02-17 18:00:00,0.0,13800.0
2031-02-18 00:00:00,0.0,13800.0
2031-02-18 06:00:00,0.0,13800.0
2031-02-18 12:00:00,0.0,13800.0
2031-02-18 18:00:00,0.0,12774.0
2031-02-19 00:00:00,0.0,13800.0
2031-02-19 06:00:00,0.0,13800.0
2031-02-19 12:00:00,0.0,13800.0
2031-02-19 18:00:00,0.0,13800.0
2031-02-20 00:00:00,0.0,12774.0
2031-02-20 06:00:00,0.0,13800.0
2031-02-20 12:00:00,0.0,13800.0
2031-02-20 18:00:00,0.0,12774.0
2031-02-21 00:00:00,0.0,13800.0
2031-02-21 06:00:00,0.0,13800.0
2031-02-21 12:00:00,0.0,13800.0
2031-02-21 18:00:00,0.0,12774.0
2031-02-22 00:00:00,0.0,12774.0
2031-02-22 06:00:00,0.0,13800.0
2031-02-22 12:00:00,0.0,13800.0
2031-02-22 18:00:00,0.0,13800.0
2031-02-23 00:00:00,0.0,13800.0
2031-02-23 06:00:00,0.0,13800.0
2031-02-23 12:00:00,0.0,13800.0
2031-02-23 18:00:00,0.0,13800.0
2031-02-24 00:00:00,0.0,13800.0
2031-02-24 06:00:00,0.0,12774.0
2031-02-24 12:00:00,0.0,13800.0
2031-02-24 18:00:00,0.0,13800.0
2031-02-25 00:00:00,0.0,13800.0
2031-02-25 06:00:00,0.0,13800.0
2031-02-25 12:00:00,0.0,13800.0
2031-02-25 18:00:00,0.0,13800.0
2031-02-26 00:00:00,0.0,12774.0
2031-02-26 06:00:00,0.0,13800.0
2031-02-26 12:00:00,0.0,13800.0
2031-02-26 18:00:00,0.0,12774.0
2031-02-27 00:00:00,0.0,12774.0
2031-02-27 06:00:00,0.0,13800.0
2031-02-27 12:00:00,0.0,12774.0
2031-02-27 18:00:00,0.0,12774.0
2031-02-28 00:00:00,0.0,13800.0
2031-02-28 06:00:00,0.0,13800.0
2031-02-28 12:00:00,0.0,13800.0
2031-02-28 18:00:00,0.0,13800.0
2031-03-01 00:00:00,0.0,13800.0
2031-03-01 06:00:00,0.0,13800.0
2031-03-01 12:00:00,0.0,12774.0
2031-03-01 18:00:00,0.0,12774.0
2031-03-02 00:00:00,0.0,12774.0
2031-03-02 06:00:00,0.0,12774.0
2031-03-02 12:00:00,0.0,13800.0
2031-03-02 18:00:00,0.0,13800.0
2031-03-03 00:00:00,0.0,13800.0
2031-03-03 06:00:00,0.0,13800.0
2031-03-03 12:00:00,0.0,13800.0
2031-03-03 18:00:00,0.0,13800.0
2031-03-04 00:00:00,0.0,13800.0
2031-03-04 06:00:00,0.0,13800.0
2031-03-04 12:00:00,0.0,13800.0
2031-03-04 18:00:00,0.0,13800.0
2031-03-05 00:00:00,0.0,13800.0
2031-03-05 06:00:00,0.0,12774.0
2031-03-05 12:00:00,0.0,12774.0
2031-03-05 18:00:00,0.0,13800.0
2031-03-06 00:00:00,0.0,13800.0
2031-03-06 06:00:00,0.0,12774.0
2031-03-06 12:00:00,0.0,12774.0
2031-03-06 18:00:00,0.0,13800.0
2031-03-07 00:00:00,0.0,13800.0
2031-03-07 06:00:00,0.0,12774.0
2031-03-07 12:00:00,0.0,12774.0
2031-03-07 18:00:00,0.0,13800.0
2031-03-08 00:00:00,0.0,13800.0
2031-03-08 06:00:00,0.0,13800.0
2031-03-08 12:00:00,0.0,13800.0
2031-03-08 18:00:00,0.0,13800.0
2031-03-09 00:00:00,0.0,13800.0
2031-03-09 06:00:00,0.0,13800.0
2031-03-09 12:00:00,0.0,13800.0
2031-03-09 18:00:00,0.0,13800.0
2031-03-10 00:00:00,0.0,13800.0
2031-03-10 06:00:00,0.0,13800.0
2031-03-10 12:00:00,0.0,13800.0
2031-03-10 18:00:00,0.0,13800.0
2031-03-11 00:00:00,0.0,13800.0
2031-03-11 06:00:00,0.0,13800.0
2031-03-11 12:00:00,0.0,13800.0
2031-03-11 18:00:00,0.0,13800.0
2031-03-12 00:00:00,0.0,13800.0
2031-03-12 06:00:00,0.0,13800.0
2031-03-12 12:00:00,0.0,13800.0
2031-03-12 18:00:00,0.0,13800.0
2031-03-13 00:00:00,0.0,13800.0
2031-03-13 06:00:00,0.0,13800.0
2031-03-13 12:00:00,0.0,13800.0
2031-03-13 18:00:00,0.0,13800.0
2031-03-14 00:00:00,0.0,13800.0
2031-03-14 06:00:00,0.0,12774.0
2031-03-14 12:00:00,0.0,12774.0
2031-03-14 18:00:00,0.0,12774.0
2031-03-15 00:00:00,0.0,12774.0
2031-03-15 06:00:00,0.0,12774.0
2031-03-15 12:00:00,0.0,13800.0
2031-03-15 18:00:00,0.0,13800.0
2031-03-16 00:00:00,0.0,13800.0
2031-03-16 06:00:00,0.0,13800.0
2031-03-16 12:00:00,0.0,13800.0
2031-03-16 18:00:00,0.0,13800.0
2031-03-17 00:00:00,0.0,13800.0
2031-03-17 06:00:00,0.0,13800.0
2031-03-17 12:00:00,0.0,12774.0
2031-03-17 18:00:00,0.0,12774.0
2031-03-18 00:00:00,0.0,13800.0
2031-03-18 06:00:00,0.0,13800.0
2031-03-18 12:00:00,0.0,13800.0
2031-03-18 18:00:00,0.0,12774.0
2031-03-19 00:00:00,0.0,13800.0
2031-03-19 06:00:00,0.0,13800.0
2031-03-19 12:00:00,0.0,13800.0
2031-03-19 18:00:00,0.0,13800.0
2031-03-20 00:00:00,0.0,13800.0
2031-03-20 06:00:00,0.0,13800.0
2031-03-20 12:00:00,0.0,13800.0
2031-03-20 18:00:00,0.0,13800.0
2031-03-21 00:00:00,0.0,12774.0
2031-03-21 06:00:00,0.0,13800.0
2031-03-21 12:00:00,0.0,13800.0
2031-03-21 18:00:00,0.0,13800.0
2031-03-22 00:00:00,0.0,13800.0
2031-03-22 06:00:00,0.0,13800.0
2031-03-22 12:00:00,0.0,13800.0
2031-03-22 18:00:00,0.0,13800.0
2031-03-23 00:00:00,0.0,13800.0
2031-03-23 06:00:00,0.0,13800.0
2031-03-23 12:00:00,0.0,13800.0
2031-03-23 18:00:00,0.0,13800.0
2031-03-24 00:00:00,0.0,13800.0
2031-03-24 06:00:00,0.0,13800.0
2031-03-24 12:00:00,0.0,13800.0
2031-03-24 18:00:00,0.0,13800.0
2031-03-25 00:00:00,0.0,13800.0
2031-03-25 06:00:00,0.0,13800.0
2031-03-25 12:00:00,0.0,13800.0
2031-03-25 18:00:00,0.0,13800.0
2031-03-26 00:00:00,0.0,13800.0
2031-03-26 06:00:00,0.0,13800.0
2031-03-26 12:00:00,0.0,13800.0
2031-03-26 18:00:00,0.0,13800.0
2031-03-27 00:00:00,0.0,13800.0
2031-03-27 06:00:00,0.0,13800.0
2031-03-27 12:00:00,0.0,13800.0
2031-03-27 18:00:00,0.0,13800.0
2031-03-28 00:00:00,0.0,13800.0
2031-03-28 06:00:00,0.0,13800.0
2031-03-28 12:00:00,0.0,13800.0
2031-03-28 18:00:00,0.0,13800.0
2031-03-29 00:00:00,0.0,13800.0
2031-03-29 06:00:00,0.0,13800.0
2031-03-29 12:00:00,0.0,13800.0
2031-03-29 18:00:00,0.0,13800.0
2031-03-30 00:00:00,0.0,13800.0
2031-03-30 06:00:00,0.0,13800.0
2031-03-30 12:00:00,0.0,13800.0
2031-03-30 18:00:00,0.0,13800.0
2031-03-31 00:00:00,0.0,13800.0
2031-03-31 06:00:00,0.0,13800.0
2031-03-31 12:00:00,0.0,13800.0
2031-03-31 18:00:00,0.0,13800.0
2031-04-01 00:00:00,0.0,13800.0
2031-04-01 06:00:00,0.0,13800.0
2031-04-01 12:00:00,0.0,13800.0
2031-04-01 18:00:00,0.0,13800.0
2031-04-02 00:00:00,0.0,13800.0
2031-04-02 06:00:00,0.0,12774.0
2031-04-02 12:00:00,11404.673481908072,-0.0
2031-04-02 18:00:00,12426.0,-0.0
2031-04-03 00:00:00,12426.0,-0.0
2031-04-03 06:00:00,12426.0,-0.0
2031-04-03 12:00:00,0.0,12774.0
2031-04-03 18:00:00,6199.913755601192,-0.0
2031-04-04 00:00:00,0.0,7826.748653154289
2031-04-04 06:00:00,0.0,12774.0
2031-04-04 12:00:00,0.0,12774.0
2031-04-04 18:00:00,0.0,12756.061260584216
2031-04-05 00:00:00,0.0,12774.0
2031-04-05 06:00:00,0.0,12774.0
2031-04-05 12:00:00,0.0,12774.0
2031-04-05 18:00:00,0.0,9428.110834956113
2031-04-06 00:00:00,8920.992681352145,-0.0
2031-04-06 06:00:00,0.0,12774.0
2031-04-06 12:00:00,12267.50618354074,-0.0
2031-04-06 18:00:00,2514.8762540935927,-0.0
2031-04-07 00:00:00,0.0,4175.466222790601
2031-04-07 06:00:00,0.0,12774.0
2031-04-07 12:00:00,0.0,6804.7400156245785
2031-04-07 18:00:00,12426.0,-0.0
2031-04-08 00:00:00,0.0,13800.0
2031-04-08 06:00:00,0.0,11907.313519222544
2031-04-08 12:00:00,0.0,11845.146482701472
2031-04-08 18:00:00,12426.0,-0.0
2031-04-09 00:00:00,0.0,10111.689953056659
2031-04-09 06:00:00,0.0,12774.0
2031-04-09 12:00:00,0.0,6491.3393873136665
2031-04-09 18:00:00,8502.10841731845,-0.0
2031-04-10 00:00:00,0.0,5536.014145025336
2031-04-10 06:00:00,0.0,12774.0
2031-04-10 12:00:00,4015.33731318175,-0.0
2031-04-10 18:00:00,0.0,6495.654100875385
2031-04-11 00:00:00,0.0,12689.227571579364
2031-04-11 06:00:00,0.0,7420.402229188694
2031-04-11 12:00:00,0.0,7045.965673198779
2031-04-11 18:00:00,0.0,12242.26292464284
2031-04-12 00:00:00,0.0,12774.0
2031-04-12 06:00:00,12426.0,-0.0
2031-04-12 12:00:00,0.0,12774.0
2031-04-12 18:00:00,0.0,2499.756777966453
2031-04-13 00:00:00,12426.0,-0.0
2031-04-13 06:00:00,8788.183223322281,-0.0
2031-04-13 12:00:00,0.0,12774.0
2031-04-13 18:00:00,0.0,12774.0
2031-04-14 00:00:00,0.0,6899.631266020144
2031-04-14 06:00:00,0.0,13800.0
2031-04-14 12:00:00,0.0,12774.0
2031-04-14 18:00:00,0.0,12774.0
2031-04-15 00:00:00,0.0,12774.0
2031-04-15 06:00:00,0.0,12774.0
2031-04-15 12:00:00,0.0,7938.040237124194
2031-04-15 18:00:00,10357.101526982777,-0.0
2031-04-16 00:00:00,3530.74371503498,-0.0
2031-04-16 06:00:00,0.0,5249.23135822473
2031-04-16 12:00:00,10872.505211908734,-0.0
2031-04-16 18:00:00,0.0,621.9311411204253
2031-04-17 00:00:00,0.0,12774.0
2031-04-17 06:00:00,0.0,12774.0
2031-04-17 12:00:00,0.0,12774.0
2031-04-17 18:00:00,0.0,12774.0
2031-04-18 00:00:00,0.0,12774.0
2031-04-18 06:00:00,0.0,12774.0
2031-04-18 12:00:00,0.0,12774.0
2031-04-18 18:00:00,2915.890592082462,-0.0
2031-04-19 00:00:00,0.0,12774.0
2031-04-19 06:00:00,0.0,12774.0
2031-04-19 12:00:00,0.0,12774.0
2031-04-19 18:00:00,0.0,12774.0
2031-04-20 00:00:00,0.0,12774.0
2031-04-20 06:00:00,0.0,411.55657901836094
2031-04-20 12:00:00,0.0,12774.0
2031-04-20 18:00:00,0.0,12754.582884639844
2031-04-21 00:00:00,4300.006684020744,-0.0
2031-04-21 06:00:00,0.0,12774.0
2031-04-21 12:00:00,0.0,12774.0
2031-04-21 18:00:00,6558.388708635481,-0.0
2031-04-22 00:00:00,0.0,11576.909976445102
2031-04-22 06:00:00,0.0,12774.0
2031-04-22 12:00:00,0.0,12774.0
2031-04-22 18:00:00,0.0,12774.0
2031-04-23 00:00:00,0.0,12774.0
2031-04-23 06:00:00,0.0,12774.0
2031-04-23 12:00:00,0.0,12774.0
2031-04-23 18:00:00,0.0,1107.1240364157275
2031-04-24 00:00:00,0.0,12387.081379048648
2031-04-24 06:00:00,0.0,12774.0
2031-04-24 12:00:00,0.0,12774.0
2031-04-24 18:00:00,7964.7547783528125,-0.0
2031-04-25 00:00:00,12426.0,-0.0
2031-04-25 06:00:00,0.0,7528.095375897131
2031-04-25 12:00:00,0.0,12774.0
2031-04-25 18:00:00,12426.0,-0.0
2031-04-26 00:00:00,12426.0,-0.0
2031-04-26 06:00:00,0.0,1890.4633309163041
2031-04-26 12:00:00,12426.0,-0.0
2031-04-26 18:00:00,12426.0,-0.0
2031-04-27 00:00:00,12426.0,-0.0
2031-04-27 06:00:00,12426.0,-0.0
2031-04-27 12:00:00,12426.0,-0.0
2031-04-27 18:00:00,12426.0,-0.0
2031-04-28 00:00:00,12426.0,-0.0
2031-04-28 06:00:00,11400.0,-0.0
2031-04-28 12:00:00,11400.0,-0.0
2031-04-28 18:00:00,12426.0,-0.0
2031-04-29 00:00:00,0.0,7926.732947820535
2031-04-29 06:00:00,0.0,12774.0
2031-04-29 12:00:00,0.0,2310.4308373514796
2031-04-29 18:00:00,4149.15355443622,-0.0
2031-04-30 00:00:00,0.0,12774.0
2031-04-30 06:00:00,0.0,12774.0
2031-04-30 12:00:00,0.0,12774.0
2031-04-30 18:00:00,0.0,12774.0
2031-05-01 00:00:00,6461.991673366494,-0.0
2031-05-01 06:00:00,0.0,6609.158920624541
2031-05-01 12:00:00,8945.402852777042,-0.0
2031-05-01 18:00:00,1231.0938794719987,-0.0
2031-05-02 00:00:00,0.0,12774.0
2031-05-02 06:00:00,0.0,12774.0
2031-05-02 12:00:00,0.0,12774.0
2031-05-02 18:00:00,0.0,5457.018747615955
2031-05-03 00:00:00,0.0,12774.0
2031-05-03 06:00:00,0.0,12774.0
2031-05-03 12:00:00,11126.425908798468,-0.0
2031-05-03 18:00:00,3126.2458155100685,-0.0
2031-05-04 00:00:00,0.0,3679.6208551070886
2031-05-04 06:00:00,0.0,11118.647142094169
2031-05-04 12:00:00,0.0,12774.0
2031-05-04 18:00:00,0.0,3352.4474941894
2031-05-05 00:00:00,0.0,12774.0
2031-05-05 06:00:00,0.0,12774.0
2031-05-05 12:00:00,0.0,13800.0
2031-05-05 18:00:00,12298.084068272809,-0.0
2031-05-06 00:00:00,4273.802313190201,-0.0
2031-05-06 06:00:00,0.0,13610.192141076535
2031-05-06 12:00:00,4655.720317236803,-0.0
2031-05-06 18:00:00,2759.970848615056,-0.0
2031-05-07 00:00:00,6061.682968349777,-0.0
2031-05-07 06:00:00,0.0,12774.0
2031-05-07 12:00:00,8186.137391049167,-0.0
2031-05-07 18:00:00,0.0,32.89822329506569
2031-05-08 00:00:00,0.0,12774.0
2031-05-08 06:00:00,0.0,12774.0
2031-05-08 12:00:00,0.0,12774.0
2031-05-08 18:00:00,0.0,12774.0
2031-05-09 00:00:00,0.0,227.63317353995808
2031-05-09 06:00:00,3215.298247473431,-0.0
2031-05-09 12:00:00,0.0,12774.0
2031-05-09 18:00:00,0.0,8291.429612402802
2031-05-10 00:00:00,0.0,12774.0
2031-05-10 06:00:00,0.0,12774.0
2031-05-10 12:00:00,0.0,12774.0
2031-05-10 18:00:00,0.0,12774.0
2031-05-11 00:00:00,0.0,12774.0
2031-05-11 06:00:00,0.0,12774.0
2031-05-11 12:00:00,0.0,13800.0
2031-05-11 18:00:00,0.0,12774.0
2031-05-12 00:00:00,0.0,12141.469154356504
2031-05-12 06:00:00,0.0,10959.898226634976
2031-05-12 12:00:00,256.16984460202366,-0.0
2031-05-12 18:00:00,0.0,2271.809762907694
2031-05-13 00:00:00,0.0,9896.22645357484
2031-05-13 06:00:00,0.0,10359.568171589852
2031-05-13 12:00:00,0.0,6735.331888642373
2031-05-13 18:00:00,5025.3496912238625,-0.0
2031-05-14 00:00:00,0.0,7279.612662944688
2031-05-14 06:00:00,0.0,10874.362803613389
2031-05-14 12:00:00,0.0,12774.0
2031-05-14 18:00:00,0.0,2098.9725440242983
2031-05-15 00:00:00,0.0,5976.0451722889275
2031-05-15 06:00:00,0.0,12774.0
2031-05-15 12:00:00,0.0,11283.741468621913
2031-05-15 18:00:00,0.0,3831.551337708901
2031-05-16 00:00:00,12426.0,-0.0
2031-05-16 06:00:00,0.0,10072.466363412663
2031-05-16 12:00:00,10806.397813111793,-0.0
2031-05-16 18:00:00,12426.0,-0.0
2031-05-17 00:00:00,12426.0,-0.0
2031-05-17 06:00:00,12426.0,-0.0
2031-05-17 12:00:00,12426.0,-0.0
2031-05-17 18:00:00,730.6270126747404,-0.0
2031-05-18 00:00:00,12426.0,-0.0
2031-05-18 06:00:00,0.0,5755.33973209765
2031-05-18 12:00:00,0.0,3555.3726511221103
2031-05-18 18:00:00,12426.0,-0.0
2031-05-19 00:00:00,0.0,12774.0
2031-05-19 06:00:00,0.0,10413.807900854436
2031-05-19 12:00:00,12426.0,-0.0
2031-05-19 18:00:00,10157.939674563364,-0.0
2031-05-20 00:00:00,0.0,2843.014359614928
2031-05-20 06:00:00,12426.0,-0.0
2031-05-20 12:00:00,12426.0,-0.0
2031-05-20 18:00:00,0.0,12774.0
2031-05-21 00:00:00,0.0,12774.0
2031-05-21 06:00:00,0.0,12774.0
2031-05-21 12:00:00,0.0,2655.7478277075716
2031-05-21 18:00:00,0.0,7722.520568370477
2031-05-22 00:00:00,0.0,12774.0
2031-05-22 06:00:00,0.0,12774.0
2031-05-22 12:00:00,0.0,12774.0
2031-05-22 18:00:00,0.0,12604.582584960495
2031-05-23 00:00:00,12426.0,-0.0
2031-05-23 06:00:00,0.0,12774.0
2031-05-23 12:00:00,0.0,9443.329422615185
2031-05-23 18:00:00,0.0,12774.0
2031-05-24 00:00:00,0.0,5868.106356195704
2031-05-24 06:00:00,9547.608591205586,-0.0
2031-05-24 12:00:00,0.0,12774.0
2031-05-24 18:00:00,0.0,12774.0
2031-05-25 00:00:00,0.0,7205.000515539758
2031-05-25 06:00:00,1288.631103561609,-0.0
2031-05-25 12:00:00,0.0,13800.0
2031-05-25 18:00:00,0.0,12774.0
2031-05-26 00:00:00,0.0,13239.692872475716
2031-05-26 06:00:00,0.0,12774.0
2031-05-26 12:00:00,0.0,12774.0
2031-05-26 18:00:00,1039.3666004153129,-0.0
2031-05-27 00:00:00,1924.4114250522616,-0.0
2031-05-27 06:00:00,12426.0,-0.0
2031-05-27 12:00:00,0.0,12633.640921997743
2031-05-27 18:00:00,6384.4420817430655,-0.0
2031-05-28 00:00:00,12426.0,-0.0
2031-05-28 06:00:00,1580.8431624552177,-0.0
2031-05-28 12:00:00,0.0,12774.0
2031-05-28 18:00:00,0.0,12774.0
2031-05-29 00:00:00,0.0,12774.0
2031-05-29 06:00:00,0.0,12774.0
2031-05-29 12:00:00,0.0,11439.429851169589
2031-05-29 18:00:00,0.0,12774.0
2031-05-30 00:00:00,12426.0,-0.0
2031-05-30 06:00:00,0.0,12774.0
2031-05-30 12:00:00,9258.304696243838,-0.0
2031-05-30 18:00:00,0.0,12774.0
2031-05-31 00:00:00,0.0,12774.0
2031-05-31 06:00:00,0.0,12774.0
2031-05-31 12:00:00,0.0,12774.0
2031-05-31 18:00:00,0.0,12774.0
2031-06-01 00:00:00,0.0,12774.0
2031-06-01 06:00:00,0.0,13800.0
2031-06-01 12:00:00,0.0,12774.0
2031-06-01 18:00:00,0.0,12774.0
2031-06-02 00:00:00,0.0,13800.0
2031-06-02 06:00:00,0.0,13800.0
2031-06-02 12:00:00,0.0,13800.0
2031-06-02 18:00:00,0.0,11658.582627793432
2031-06-03 00:00:00,0.0,12774.0
2031-06-03 06:00:00,0.0,12774.0
2031-06-03 12:00:00,0.0,12774.0
2031-06-03 18:00:00,12426.0,-0.0
2031-06-04 00:00:00,12426.0,-0.0
2031-06-04 06:00:00,8221.511145530458,-0.0
2031-06-04 12:00:00,0.0,12774.0
2031-06-04 18:00:00,0.0,12774.0
2031-06-05 00:00:00,0.0,8800.607091739772
2031-06-05 06:00:00,0.0,7682.061467589127
2031-06-05 12:00:00,12426.0,-0.0
2031-06-05 18:00:00,0.0,12774.0
2031-06-06 00:00:00,0.0,12774.0
2031-06-06 06:00:00,0.0,12774.0
2031-06-06 12:00:00,0.0,12774.0
2031-06-06 18:00:00,0.0,12774.0
2031-06-07 00:00:00,0.0,12774.0
2031-06-07 06:00:00,0.0,12774.0
2031-06-07 12:00:00,0.0,12774.0
2031-06-07 18:00:00,0.0,12774.0
2031-06-08 00:00:00,0.0,2845.586778750345
2031-06-08 06:00:00,0.0,12774.0
2031-06-08 12:00:00,0.0,12774.0
2031-06-08 18:00:00,0.0,492.92444409951713
2031-06-09 00:00:00,0.0,12774.0
2031-06-09 06:00:00,0.0,12774.0
2031-06-09 12:00:00,0.0,1564.2794527474837
2031-06-09 18:00:00,0.0,11482.807335800431
2031-06-10 00:00:00,3007.3076807418615,-0.0
2031-06-10 06:00:00,12426.0,-0.0
2031-06-10 12:00:00,339.74862007905904,-0.0
2031-06-10 18:00:00,3366.508198445088,-0.0
2031-06-11 00:00:00,12426.0,-0.0
2031-06-11 06:00:00,0.0,4389.341337150123
2031-06-11 12:00:00,4301.32438027201,-0.0
2031-06-11 18:00:00,0.0,12774.0
2031-06-12 00:00:00,8755.45221900665,-0.0
2031-06-12 06:00:00,0.0,12774.0
2031-06-12 12:00:00,0.0,12774.0
2031-06-12 18:00:00,0.0,12774.0
2031-06-13 00:00:00,0.0,12774.0
2031-06-13 06:00:00,0.0,12774.0
2031-06-13 12:00:00,0.0,12774.0
2031-06-13 18:00:00,0.0,12774.0
2031-06-14 00:00:00,0.0,12774.0
2031-06-14 06:00:00,0.0,12774.0
2031-06-14 12:00:00,0.0,12774.0
2031-06-14 18:00:00,0.0,12774.0
2031-06-15 00:00:00,0.0,12774.0
2031-06-15 06:00:00,0.0,12774.0
2031-06-15 12:00:00,0.0,12774.0
2031-06-15 18:00:00,0.0,12774.0
2031-06-16 00:00:00,0.0,12774.0
2031-06-16 06:00:00,0.0,12774.0
2031-06-16 12:00:00,0.0,12774.0
2031-06-16 18:00:00,0.0,12774.0
2031-06-17 00:00:00,0.0,12774.0
2031-06-17 06:00:00,0.0,8683.119781306246
2031-06-17 12:00:00,0.0,12774.0
2031-06-17 18:00:00,0.0,12774.0
2031-06-18 00:00:00,0.0,5709.617145364493
2031-06-18 06:00:00,12426.0,-0.0
2031-06-18 12:00:00,1060.926905907967,-0.0
2031-06-18 18:00:00,0.0,8757.80894208121
2031-06-19 00:00:00,12426.0,-0.0
2031-06-19 06:00:00,12426.0,-0.0
2031-06-19 12:00:00,0.0,12774.0
2031-06-19 18:00:00,0.0,12774.0
2031-06-20 00:00:00,0.0,1142.64707295307
2031-06-20 06:00:00,1675.799221334586,-0.0
2031-06-20 12:00:00,0.0,12774.0
2031-06-20 18:00:00,0.0,12774.0
2031-06-21 00:00:00,0.0,12774.0
2031-06-21 06:00:00,0.0,12774.0
2031-06-21 12:00:00,0.0,12774.0
2031-06-21 18:00:00,0.0,12774.0
2031-06-22 00:00:00,0.0,12774.0
2031-06-22 06:00:00,0.0,12774.0
2031-06-22 12:00:00,0.0,12774.0
2031-06-22 18:00:00,0.0,12774.0
2031-06-23 00:00:00,0.0,12774.0
2031-06-23 06:00:00,0.0,13800.0
2031-06-23 12:00:00,0.0,12774.0
2031-06-23 18:00:00,0.0,12774.0
2031-06-24 00:00:00,0.0,12774.0
2031-06-24 06:00:00,0.0,12774.0
2031-06-24 12:00:00,0.0,12774.0
2031-06-24 18:00:00,0.0,12774.0
2031-06-25 00:00:00,0.0,12774.0
2031-06-25 06:00:00,0.0,12774.0
2031-06-25 12:00:00,0.0,12774.0
2031-06-25 18:00:00,0.0,12774.0
2031-06-26 00:00:00,0.0,12774.0
2031-06-26 06:00:00,0.0,12774.0
2031-06-26 12:00:00,0.0,12774.0
2031-06-26 18:00:00,0.0,12774.0
2031-06-27 00:00:00,0.0,12774.0
2031-06-27 06:00:00,0.0,12774.0
2031-06-27 12:00:00,0.0,12774.0
2031-06-27 18:00:00,0.0,12774.0
2031-06-28 00:00:00,0.0,12774.0
2031-06-28 06:00:00,0.0,12774.0
2031-06-28 12:00:00,0.0,12774.0
2031-06-28 18:00:00,0.0,12774.0
2031-06-29 00:00:00,0.0,12774.0
2031-06-29 06:00:00,0.0,12774.0
2031-06-29 12:00:00,0.0,12774.0
2031-06-29 18:00:00,0.0,12774.0
2031-06-30 00:00:00,0.0,12774.0
2031-06-30 06:00:00,0.0,12774.0
2031-06-30 12:00:00,0.0,3718.160272107706
2031-06-30 18:00:00,0.0,12774.0
