Time,DolAmroth>RoGonDor,Harad>RoGonDor,RoGonDor>DolAmroth,RoGonDor>Harad,TotalExportsCountriesIn,TotalImportsCountriesIn
2030-07-02 00:00:00,-0.0,-0.0,0.0,5196.0,5196.0,0.0
2030-07-02 06:00:00,-0.0,-0.0,13200.0,5196.0,18396.0,0.0
2030-07-02 12:00:00,-0.0,-0.0,13200.0,5196.0,18396.0,0.0
2030-07-02 18:00:00,-0.0,-0.0,13200.0,5196.0,18396.0,0.0
2030-07-03 00:00:00,-0.0,-0.0,13200.0,5196.0,18396.0,0.0
2030-07-03 06:00:00,-0.0,-0.0,13200.0,5196.0,18396.0,0.0
2030-07-03 12:00:00,-0.0,-0.0,13200.0,5196.0,18396.0,0.0
2030-07-03 18:00:00,-0.0,-0.0,13200.0,5196.0,18396.0,0.0
2030-07-04 00:00:00,-0.0,-0.0,13200.0,5196.0,18396.0,0.0
2030-07-04 06:00:00,-0.0,-0.0,13200.0,5196.0,18396.0,0.0
2030-07-04 12:00:00,-0.0,-0.0,13200.0,5196.0,18396.0,0.0
2030-07-04 18:00:00,-0.0,-0.0,12247.0,5196.0,17443.0,0.0
2030-07-05 00:00:00,-0.0,-0.0,3820.3,5196.0,9016.3,0.0
2030-07-05 06:00:00,-0.0,-0.0,7582.0,5196.0,12778.0,0.0
2030-07-05 12:00:00,-0.0,-0.0,0.0,5196.0,5196.0,0.0
2030-07-05 18:00:00,-0.0,-0.0,978.5,5196.0,6174.5,0.0
2030-07-06 00:00:00,-0.0,-0.0,0.0,5196.0,5196.0,0.0
2030-07-06 06:00:00,-0.0,-0.0,0.0,5196.0,5196.0,0.0
2030-07-06 12:00:00,-0.0,-0.0,12363.9,5196.0,17559.9,0.0
2030-07-06 18:00:00,-0.0,-0.0,0.0,5196.0,5196.0,0.0
2030-07-07 00:00:00,-0.0,-0.0,3803.6,5196.0,8999.6,0.0
2030-07-07 06:00:00,-0.0,-0.0,0.0,5196.0,5196.0,0.0
2030-07-07 12:00:00,-0.0,-0.0,13200.0,5196.0,18396.0,0.0
2030-07-07 18:00:00,-0.0,-0.0,5931.2,5196.0,11127.2,0.0
2030-07-08 00:00:00,-0.0,-0.0,0.0,5196.0,5196.0,0.0
2030-07-08 06:00:00,-0.0,-0.0,13200.0,5196.0,18396.0,0.0
2030-07-08 12:00:00,-0.0,-0.0,13200.0,5196.0,18396.0,0.0
2030-07-08 18:00:00,-0.0,-0.0,9440.8,5196.0,14636.8,0.0
2030-07-09 00:00:00,-0.0,-0.0,0.0,5196.0,5196.0,0.0
2030-07-09 06:00:00,-0.0,-0.0,13200.0,5196.0,18396.0,0.0
2030-07-09 12:00:00,-0.0,-0.0,13200.0,5196.0,18396.0,0.0
2030-07-09 18:00:00,-0.0,-0.0,13200.0,5196.0,18396.0,0.0
2030-07-10 00:00:00,-0.0,-0.0,13200.0,5196.0,18396.0,0.0
2030-07-10 06:00:00,-0.0,-0.0,13200.0,5196.0,18396.0,0.0
2030-07-10 12:00:00,-0.0,-0.0,13200.0,5196.0,18396.0,0.0
2030-07-10 18:00:00,-0.0,-0.0,13200.0,5196.0,18396.0,0.0
2030-07-11 00:00:00,-0.0,-0.0,13200.0,5196.0,18396.0,0.0
2030-07-11 06:00:00,-0.0,-0.0,13200.0,5196.0,18396.0,0.0
2030-07-11 12:00:00,-0.0,-0.0,13200.0,5196.0,18396.0,0.0
2030-07-11 18:00:00,-0.0,-0.0,11048.2,5196.0,16244.2,0.0
2030-07-12 00:00:00,-0.0,-0.0,0.0,5196.0,5196.0,0.0
2030-07-12 06:00:00,-0.0,-0.0,13200.0,5196.0,18396.0,0.0
2030-07-12 12:00:00,-0.0,-0.0,13200.0,5196.0,18396.0,0.0
2030-07-12 18:00:00,-0.0,-0.0,13200.0,5196.0,18396.0,0.0
2030-07-13 00:00:00,-0.0,-0.0,13200.0,5196.0,18396.0,0.0
2030-07-13 06:00:00,-0.0,-0.0,13200.0,5196.0,18396.0,0.0
2030-07-13 12:00:00,-0.0,-0.0,13200.0,5196.0,18396.0,0.0
2030-07-13 18:00:00,-0.0,-0.0,12195.3,5196.0,17391.3,0.0
2030-07-14 00:00:00,-0.0,-0.0,5493.9,5196.0,10689.9,0.0
2030-07-14 06:00:00,-0.0,-0.0,632.4,5196.0,5828.4,0.0
2030-07-14 12:00:00,-0.0,-0.0,10672.3,5196.0,15868.3,0.0
2030-07-14 18:00:00,-0.0,-0.0,7177.7,5196.0,12373.7,0.0
2030-07-15 00:00:00,-0.0,-0.0,13200.0,5196.0,18396.0,0.0
2030-07-15 06:00:00,-0.0,-0.0,13200.0,5196.0,18396.0,0.0
2030-07-15 12:00:00,-0.0,-0.0,0.0,5196.0,5196.0,0.0
2030-07-15 18:00:00,-0.0,-0.0,11336.8,5196.0,16532.8,0.0
2030-07-16 00:00:00,-0.0,-0.0,0.0,5196.0,5196.0,0.0
2030-07-16 06:00:00,-0.0,-0.0,13200.0,5196.0,18396.0,0.0
2030-07-16 12:00:00,-0.0,-0.0,13200.0,5196.0,18396.0,0.0
2030-07-16 18:00:00,-0.0,-0.0,0.0,5196.0,5196.0,0.0
2030-07-17 00:00:00,-0.0,-0.0,0.0,5196.0,5196.0,0.0
2030-07-17 06:00:00,-0.0,-0.0,13200.0,5196.0,18396.0,0.0
2030-07-17 12:00:00,-0.0,-0.0,13200.0,5196.0,18396.0,0.0
2030-07-17 18:00:00,-0.0,-0.0,13200.0,5196.0,18396.0,0.0
2030-07-18 00:00:00,-0.0,-0.0,13200.0,5196.0,18396.0,0.0
2030-07-18 06:00:00,-0.0,-0.0,13200.0,5196.0,18396.0,0.0
2030-07-18 12:00:00,-0.0,-0.0,13200.0,5196.0,18396.0,0.0
2030-07-18 18:00:00,-0.0,-0.0,13200.0,5196.0,18396.0,0.0
2030-07-19 00:00:00,-0.0,-0.0,13200.0,5196.0,18396.0,0.0
2030-07-19 06:00:00,-0.0,-0.0,13200.0,5196.0,18396.0,0.0
2030-07-19 12:00:00,-0.0,-0.0,13200.0,5196.0,18396.0,0.0
2030-07-19 18:00:00,-0.0,-0.0,13200.0,5196.0,18396.0,0.0
2030-07-20 00:00:00,-0.0,-0.0,13200.0,5196.0,18396.0,0.0
2030-07-20 06:00:00,-0.0,-0.0,13200.0,5196.0,18396.0,0.0
2030-07-20 12:00:00,-0.0,-0.0,13200.0,5196.0,18396.0,0.0
2030-07-20 18:00:00,-0.0,-0.0,13200.0,5196.0,18396.0,0.0
2030-07-21 00:00:00,-0.0,-0.0,13200.0,5196.0,18396.0,0.0
2030-07-21 06:00:00,-0.0,-0.0,13200.0,5196.0,18396.0,0.0
2030-07-21 12:00:00,-0.0,-0.0,13200.0,5196.0,18396.0,0.0
2030-07-21 18:00:00,-0.0,-0.0,13200.0,5196.0,18396.0,0.0
2030-07-22 00:00:00,-0.0,-0.0,13200.0,5196.0,18396.0,0.0
2030-07-22 06:00:00,-0.0,-0.0,13200.0,5196.0,18396.0,0.0
2030-07-22 12:00:00,-0.0,-0.0,13200.0,5196.0,18396.0,0.0
2030-07-22 18:00:00,-0.0,-0.0,13200.0,5196.0,18396.0,0.0
2030-07-23 00:00:00,-0.0,-0.0,0.0,5196.0,5196.0,0.0
2030-07-23 06:00:00,-0.0,-0.0,13200.0,5196.0,18396.0,0.0
2030-07-23 12:00:00,-0.0,-0.0,13200.0,5196.0,18396.0,0.0
2030-07-23 18:00:00,-0.0,-0.0,0.0,5196.0,5196.0,0.0
2030-07-24 00:00:00,-0.0,-0.0,0.0,5196.0,5196.0,0.0
2030-07-24 06:00:00,-0.0,-0.0,13200.0,5196.0,18396.0,0.0
2030-07-24 12:00:00,-0.0,-0.0,0.0,5196.0,5196.0,0.0
2030-07-24 18:00:00,-0.0,-0.0,0.0,5196.0,5196.0,0.0
2030-07-25 00:00:00,-0.0,-0.0,0.0,5196.0,5196.0,0.0
2030-07-25 06:00:00,-0.0,-0.0,13200.0,5196.0,18396.0,0.0
2030-07-25 12:00:00,-0.0,-0.0,13200.0,5196.0,18396.0,0.0
2030-07-25 18:00:00,-0.0,-0.0,13200.0,5196.0,18396.0,0.0
2030-07-26 00:00:00,-0.0,-0.0,13200.0,5196.0,18396.0,0.0
2030-07-26 06:00:00,-0.0,-0.0,13200.0,5196.0,18396.0,0.0
2030-07-26 12:00:00,-0.0,-0.0,13200.0,5196.0,18396.0,0.0
2030-07-26 18:00:00,-0.0,-0.0,13200.0,5196.0,18396.0,0.0
2030-07-27 00:00:00,-0.0,-0.0,13200.0,5196.0,18396.0,0.0
2030-07-27 06:00:00,-0.0,-0.0,13200.0,5196.0,18396.0,0.0
2030-07-27 12:00:00,-0.0,-0.0,13200.0,5196.0,18396.0,0.0
2030-07-27 18:00:00,-0.0,-0.0,10286.3,5196.0,15482.3,0.0
2030-07-28 00:00:00,-0.0,-0.0,13200.0,5196.0,18396.0,0.0
2030-07-28 06:00:00,-0.0,-0.0,3284.7,5196.0,8480.7,0.0
2030-07-28 12:00:00,-0.0,-0.0,13200.0,5196.0,18396.0,0.0
2030-07-28 18:00:00,-0.0,-0.0,181.6,5196.0,5377.6,0.0
2030-07-29 00:00:00,-0.0,-0.0,31.3,5196.0,5227.3,0.0
2030-07-29 06:00:00,-0.0,-0.0,13200.0,5196.0,18396.0,0.0
2030-07-29 12:00:00,-0.0,-0.0,13200.0,5196.0,18396.0,0.0
2030-07-29 18:00:00,-0.0,-0.0,11873.8,5196.0,17069.8,0.0
2030-07-30 00:00:00,-0.0,-0.0,13200.0,5196.0,18396.0,0.0
2030-07-30 06:00:00,-0.0,-0.0,13200.0,5196.0,18396.0,0.0
2030-07-30 12:00:00,-0.0,-0.0,13200.0,5196.0,18396.0,0.0
2030-07-30 18:00:00,-0.0,-0.0,13200.0,5196.0,18396.0,0.0
2030-07-31 00:00:00,-0.0,-0.0,13200.0,5196.0,18396.0,0.0
2030-07-31 06:00:00,-0.0,-0.0,13200.0,5196.0,18396.0,0.0
2030-07-31 12:00:00,-0.0,-0.0,13200.0,5196.0,18396.0,0.0
2030-07-31 18:00:00,-0.0,-0.0,13200.0,5196.0,18396.0,0.0
2030-08-01 00:00:00,-0.0,-0.0,13200.0,5196.0,18396.0,0.0
2030-08-01 06:00:00,-0.0,-0.0,13200.0,5196.0,18396.0,0.0
2030-08-01 12:00:00,-0.0,-0.0,13200.0,5196.0,18396.0,0.0
2030-08-01 18:00:00,-0.0,-0.0,13200.0,5196.0,18396.0,0.0
2030-08-02 00:00:00,-0.0,-0.0,13200.0,5196.0,18396.0,0.0
2030-08-02 06:00:00,-0.0,-0.0,13200.0,5196.0,18396.0,0.0
2030-08-02 12:00:00,-0.0,-0.0,13200.0,5196.0,18396.0,0.0
2030-08-02 18:00:00,-0.0,-0.0,13200.0,5196.0,18396.0,0.0
2030-08-03 00:00:00,-0.0,-0.0,13200.0,5196.0,18396.0,0.0
2030-08-03 06:00:00,-0.0,-0.0,13200.0,5196.0,18396.0,0.0
2030-08-03 12:00:00,-0.0,-0.0,13200.0,5196.0,18396.0,0.0
2030-08-03 18:00:00,-0.0,-0.0,13200.0,5196.0,18396.0,0.0
2030-08-04 00:00:00,-0.0,-0.0,13200.0,5196.0,18396.0,0.0
2030-08-04 06:00:00,-0.0,-0.0,13200.0,5196.0,18396.0,0.0
2030-08-04 12:00:00,-0.0,-0.0,13200.0,5196.0,18396.0,0.0
2030-08-04 18:00:00,-0.0,-0.0,13200.0,5196.0,18396.0,0.0
2030-08-05 00:00:00,-0.0,-0.0,13200.0,5196.0,18396.0,0.0
2030-08-05 06:00:00,-0.0,-0.0,13200.0,5196.0,18396.0,0.0
2030-08-05 12:00:00,-0.0,-0.0,13200.0,5196.0,18396.0,0.0
2030-08-05 18:00:00,-0.0,-0.0,13200.0,5196.0,18396.0,0.0
2030-08-06 00:00:00,-0.0,-0.0,13200.0,5196.0,18396.0,0.0
2030-08-06 06:00:00,-0.0,-0.0,13200.0,5196.0,18396.0,0.0
2030-08-06 12:00:00,-0.0,-0.0,13200.0,5196.0,18396.0,0.0
2030-08-06 18:00:00,-0.0,-0.0,13200.0,5196.0,18396.0,0.0
2030-08-07 00:00:00,-0.0,-0.0,13200.0,5196.0,18396.0,0.0
2030-08-07 06:00:00,-0.0,-0.0,13200.0,5196.0,18396.0,0.0
2030-08-07 12:00:00,-0.0,-0.0,13200.0,5196.0,18396.0,0.0
2030-08-07 18:00:00,-0.0,-0.0,13200.0,5196.0,18396.0,0.0
2030-08-08 00:00:00,-0.0,-0.0,13200.0,5196.0,18396.0,0.0
2030-08-08 06:00:00,-0.0,-0.0,13200.0,5196.0,18396.0,0.0
2030-08-08 12:00:00,-0.0,-0.0,13200.0,5196.0,18396.0,0.0
2030-08-08 18:00:00,-0.0,-0.0,13200.0,5196.0,18396.0,0.0
2030-08-09 00:00:00,-0.0,-0.0,13200.0,5196.0,18396.0,0.0
2030-08-09 06:00:00,-0.0,-0.0,13200.0,5196.0,18396.0,0.0
2030-08-09 12:00:00,-0.0,-0.0,13200.0,5196.0,18396.0,0.0
2030-08-09 18:00:00,-0.0,-0.0,1353.7,5196.0,6549.7,0.0
2030-08-10 00:00:00,-0.0,-0.0,0.0,5196.0,5196.0,0.0
2030-08-10 06:00:00,-0.0,-0.0,13200.0,5196.0,18396.0,0.0
2030-08-10 12:00:00,-0.0,-0.0,9926.3,5196.0,15122.3,0.0
2030-08-10 18:00:00,-0.0,-0.0,13200.0,5196.0,18396.0,0.0
2030-08-11 00:00:00,-0.0,-0.0,13200.0,5196.0,18396.0,0.0
2030-08-11 06:00:00,-0.0,-0.0,13200.0,5196.0,18396.0,0.0
2030-08-11 12:00:00,-0.0,-0.0,10092.1,5196.0,15288.1,0.0
2030-08-11 18:00:00,-0.0,-0.0,13200.0,5196.0,18396.0,0.0
2030-08-12 00:00:00,-0.0,-0.0,13200.0,5196.0,18396.0,0.0
2030-08-12 06:00:00,-0.0,-0.0,13200.0,5196.0,18396.0,0.0
2030-08-12 12:00:00,-0.0,-0.0,13200.0,5196.0,18396.0,0.0
2030-08-12 18:00:00,-0.0,-0.0,13200.0,5196.0,18396.0,0.0
2030-08-13 00:00:00,-0.0,-0.0,13200.0,5196.0,18396.0,0.0
2030-08-13 06:00:00,-0.0,-0.0,13200.0,5196.0,18396.0,0.0
2030-08-13 12:00:00,-0.0,-0.0,13200.0,5196.0,18396.0,0.0
2030-08-13 18:00:00,-0.0,-0.0,13200.0,5196.0,18396.0,0.0
2030-08-14 00:00:00,-0.0,-0.0,13200.0,5196.0,18396.0,0.0
2030-08-14 06:00:00,-0.0,-0.0,13200.0,5196.0,18396.0,0.0
2030-08-14 12:00:00,-0.0,-0.0,13200.0,5196.0,18396.0,0.0
2030-08-14 18:00:00,-0.0,-0.0,13200.0,5196.0,18396.0,0.0
2030-08-15 00:00:00,-0.0,-0.0,13200.0,5196.0,18396.0,0.0
2030-08-15 06:00:00,-0.0,-0.0,13200.0,5196.0,18396.0,0.0
2030-08-15 12:00:00,-0.0,-0.0,13200.0,5196.0,18396.0,0.0
2030-08-15 18:00:00,-0.0,-0.0,13200.0,5196.0,18396.0,0.0
2030-08-16 00:00:00,-0.0,-0.0,13200.0,5196.0,18396.0,0.0
2030-08-16 06:00:00,-0.0,-0.0,13200.0,5196.0,18396.0,0.0
2030-08-16 12:00:00,-0.0,-0.0,13200.0,5196.0,18396.0,0.0
2030-08-16 18:00:00,-0.0,-0.0,13200.0,5196.0,18396.0,0.0
2030-08-17 00:00:00,-0.0,-0.0,13200.0,5196.0,18396.0,0.0
2030-08-17 06:00:00,-0.0,-0.0,13200.0,5196.0,18396.0,0.0
2030-08-17 12:00:00,-0.0,-0.0,13200.0,5196.0,18396.0,0.0
2030-08-17 18:00:00,-0.0,-0.0,13200.0,5196.0,18396.0,0.0
2030-08-18 00:00:00,-0.0,-0.0,13200.0,5196.0,18396.0,0.0
2030-08-18 06:00:00,-0.0,-0.0,13200.0,5196.0,18396.0,0.0
2030-08-18 12:00:00,-0.0,-0.0,13200.0,5196.0,18396.0,0.0
2030-08-18 18:00:00,-0.0,-0.0,13200.0,5196.0,18396.0,0.0
2030-08-19 00:00:00,-0.0,-0.0,13200.0,5196.0,18396.0,0.0
2030-08-19 06:00:00,-0.0,-0.0,13200.0,5196.0,18396.0,0.0
2030-08-19 12:00:00,-0.0,-0.0,13200.0,5196.0,18396.0,0.0
2030-08-19 18:00:00,-0.0,-0.0,13200.0,5196.0,18396.0,0.0
2030-08-20 00:00:00,-0.0,-0.0,13200.0,5196.0,18396.0,0.0
2030-08-20 06:00:00,-0.0,-0.0,13200.0,5196.0,18396.0,0.0
2030-08-20 12:00:00,-0.0,-0.0,13200.0,5196.0,18396.0,0.0
2030-08-20 18:00:00,-0.0,-0.0,13200.0,5196.0,18396.0,0.0
2030-08-21 00:00:00,-0.0,-0.0,13200.0,5196.0,18396.0,0.0
2030-08-21 06:00:00,-0.0,-0.0,13200.0,5196.0,18396.0,0.0
2030-08-21 12:00:00,-0.0,-0.0,13200.0,5196.0,18396.0,0.0
2030-08-21 18:00:00,-0.0,-0.0,13200.0,5196.0,18396.0,0.0
2030-08-22 00:00:00,-0.0,-0.0,13200.0,5196.0,18396.0,0.0
2030-08-22 06:00:00,-0.0,-0.0,13200.0,5196.0,18396.0,0.0
2030-08-22 12:00:00,-0.0,-0.0,13200.0,5196.0,18396.0,0.0
2030-08-22 18:00:00,-0.0,-0.0,13200.0,5196.0,18396.0,0.0
2030-08-23 00:00:00,-0.0,-0.0,13200.0,5196.0,18396.0,0.0
2030-08-23 06:00:00,-0.0,-0.0,13200.0,5196.0,18396.0,0.0
2030-08-23 12:00:00,-0.0,-0.0,13200.0,5196.0,18396.0,0.0
2030-08-23 18:00:00,-0.0,-0.0,13200.0,5196.0,18396.0,0.0
2030-08-24 00:00:00,-0.0,-0.0,13200.0,5196.0,18396.0,0.0
2030-08-24 06:00:00,-0.0,-0.0,13200.0,5196.0,18396.0,0.0
2030-08-24 12:00:00,-0.0,-0.0,13200.0,5196.0,18396.0,0.0
2030-08-24 18:00:00,-0.0,-0.0,13200.0,5196.0,18396.0,0.0
2030-08-25 00:00:00,-0.0,-0.0,13200.0,5196.0,18396.0,0.0
2030-08-25 06:00:00,-0.0,-0.0,13200.0,5196.0,18396.0,0.0
2030-08-25 12:00:00,-0.0,-0.0,13200.0,5196.0,18396.0,0.0
2030-08-25 18:00:00,-0.0,-0.0,13200.0,5196.0,18396.0,0.0
2030-08-26 00:00:00,-0.0,-0.0,13200.0,5196.0,18396.0,0.0
2030-08-26 06:00:00,-0.0,-0.0,13200.0,5196.0,18396.0,0.0
2030-08-26 12:00:00,-0.0,-0.0,13200.0,5196.0,18396.0,0.0
2030-08-26 18:00:00,-0.0,-0.0,13200.0,5196.0,18396.0,0.0
2030-08-27 00:00:00,-0.0,-0.0,13200.0,5196.0,18396.0,0.0
2030-08-27 06:00:00,-0.0,-0.0,13200.0,5196.0,18396.0,0.0
2030-08-27 12:00:00,-0.0,-0.0,13200.0,5196.0,18396.0,0.0
2030-08-27 18:00:00,-0.0,-0.0,13200.0,5196.0,18396.0,0.0
2030-08-28 00:00:00,-0.0,-0.0,13200.0,5196.0,18396.0,0.0
2030-08-28 06:00:00,-0.0,-0.0,13200.0,5196.0,18396.0,0.0
2030-08-28 12:00:00,-0.0,-0.0,13200.0,5196.0,18396.0,0.0
2030-08-28 18:00:00,-0.0,-0.0,13200.0,5196.0,18396.0,0.0
2030-08-29 00:00:00,-0.0,-0.0,13200.0,5196.0,18396.0,0.0
2030-08-29 06:00:00,-0.0,-0.0,13200.0,5196.0,18396.0,0.0
2030-08-29 12:00:00,-0.0,-0.0,13200.0,5196.0,18396.0,0.0
2030-08-29 18:00:00,-0.0,-0.0,13200.0,5196.0,18396.0,0.0
2030-08-30 00:00:00,-0.0,-0.0,13200.0,5196.0,18396.0,0.0
2030-08-30 06:00:00,-0.0,-0.0,13200.0,5196.0,18396.0,0.0
2030-08-30 12:00:00,-0.0,-0.0,13200.0,5196.0,18396.0,0.0
2030-08-30 18:00:00,-0.0,-0.0,13200.0,5196.0,18396.0,0.0
2030-08-31 00:00:00,-0.0,-0.0,13200.0,5196.0,18396.0,0.0
2030-08-31 06:00:00,-0.0,-0.0,13200.0,5196.0,18396.0,0.0
2030-08-31 12:00:00,-0.0,-0.0,13200.0,5196.0,18396.0,0.0
2030-08-31 18:00:00,-0.0,-0.0,13200.0,5196.0,18396.0,0.0
2030-09-01 00:00:00,-0.0,-0.0,13200.0,5196.0,18396.0,0.0
2030-09-01 06:00:00,-0.0,-0.0,12090.5,5196.0,17286.5,0.0
2030-09-01 12:00:00,-0.0,-0.0,13200.0,5196.0,18396.0,0.0
2030-09-01 18:00:00,-0.0,-0.0,11353.0,5196.0,16549.0,0.0
2030-09-02 00:00:00,-0.0,-0.0,13200.0,5196.0,18396.0,0.0
2030-09-02 06:00:00,-0.0,-0.0,13200.0,5196.0,18396.0,0.0
2030-09-02 12:00:00,-0.0,-0.0,0.0,5196.0,5196.0,0.0
2030-09-02 18:00:00,-0.0,-0.0,0.0,5196.0,5196.0,0.0
2030-09-03 00:00:00,-0.0,-0.0,0.0,5196.0,5196.0,0.0
2030-09-03 06:00:00,-0.0,-0.0,0.0,5196.0,5196.0,0.0
2030-09-03 12:00:00,-0.0,-0.0,0.0,5196.0,5196.0,0.0
2030-09-03 18:00:00,-0.0,-0.0,0.0,5196.0,5196.0,0.0
2030-09-04 00:00:00,-0.0,-0.0,0.0,5196.0,5196.0,0.0
2030-09-04 06:00:00,-0.0,-0.0,0.0,5196.0,5196.0,0.0
2030-09-04 12:00:00,-0.0,-0.0,312.0,5196.0,5508.0,0.0
2030-09-04 18:00:00,-0.0,-0.0,0.0,5196.0,5196.0,0.0
2030-09-05 00:00:00,-0.0,-0.0,13200.0,5196.0,18396.0,0.0
2030-09-05 06:00:00,-0.0,-0.0,0.0,5196.0,5196.0,0.0
2030-09-05 12:00:00,-0.0,-0.0,0.0,5196.0,5196.0,0.0
2030-09-05 18:00:00,-0.0,-0.0,13200.0,5196.0,18396.0,0.0
2030-09-06 00:00:00,-0.0,-0.0,13200.0,5196.0,18396.0,0.0
2030-09-06 06:00:00,-0.0,-0.0,13200.0,5196.0,18396.0,0.0
2030-09-06 12:00:00,-0.0,-0.0,13200.0,5196.0,18396.0,0.0
2030-09-06 18:00:00,-0.0,-0.0,0.0,5196.0,5196.0,0.0
2030-09-07 00:00:00,-0.0,-0.0,13200.0,5196.0,18396.0,0.0
2030-09-07 06:00:00,-0.0,-0.0,0.0,5196.0,5196.0,0.0
2030-09-07 12:00:00,-0.0,-0.0,13200.0,5196.0,18396.0,0.0
2030-09-07 18:00:00,-0.0,-0.0,0.0,5196.0,5196.0,0.0
2030-09-08 00:00:00,-0.0,-0.0,9037.7,5196.0,14233.7,0.0
2030-09-08 06:00:00,-0.0,-0.0,0.0,5196.0,5196.0,0.0
2030-09-08 12:00:00,-0.0,-0.0,0.0,5196.0,5196.0,0.0
2030-09-08 18:00:00,-0.0,-0.0,5382.2,5196.0,10578.2,0.0
2030-09-09 00:00:00,-0.0,-0.0,0.0,5196.0,5196.0,0.0
2030-09-09 06:00:00,-0.0,-0.0,13200.0,5196.0,18396.0,0.0
2030-09-09 12:00:00,-0.0,-0.0,2967.0,5196.0,8163.0,0.0
2030-09-09 18:00:00,-0.0,-0.0,10936.7,5196.0,16132.7,0.0
2030-09-10 00:00:00,-0.0,-0.0,12219.2,5196.0,17415.2,0.0
2030-09-10 06:00:00,-0.0,-0.0,0.0,5196.0,5196.0,0.0
2030-09-10 12:00:00,-0.0,-0.0,0.0,5196.0,5196.0,0.0
2030-09-10 18:00:00,-0.0,-0.0,13200.0,5196.0,18396.0,0.0
2030-09-11 00:00:00,-0.0,-0.0,215.5,5196.0,5411.5,0.0
2030-09-11 06:00:00,-0.0,-0.0,13200.0,5196.0,18396.0,0.0
2030-09-11 12:00:00,-0.0,-0.0,0.0,5196.0,5196.0,0.0
2030-09-11 18:00:00,-0.0,-0.0,13200.0,5196.0,18396.0,0.0
2030-09-12 00:00:00,-0.0,-0.0,13200.0,5196.0,18396.0,0.0
2030-09-12 06:00:00,-0.0,-0.0,13200.0,5196.0,18396.0,0.0
2030-09-12 12:00:00,-0.0,-0.0,1646.2,5196.0,6842.2,0.0
2030-09-12 18:00:00,-0.0,-0.0,0.0,5196.0,5196.0,0.0
2030-09-13 00:00:00,-0.0,-0.0,0.0,5196.0,5196.0,0.0
2030-09-13 06:00:00,-0.0,-0.0,0.0,5196.0,5196.0,0.0
2030-09-13 12:00:00,-0.0,-0.0,8051.8,5196.0,13247.8,0.0
2030-09-13 18:00:00,-0.0,-0.0,13200.0,5196.0,18396.0,0.0
2030-09-14 00:00:00,-0.0,-0.0,0.0,5196.0,5196.0,0.0
2030-09-14 06:00:00,-0.0,-0.0,0.0,5196.0,5196.0,0.0
2030-09-14 12:00:00,-0.0,-0.0,0.0,5196.0,5196.0,0.0
2030-09-14 18:00:00,-0.0,-0.0,13200.0,5196.0,18396.0,0.0
2030-09-15 00:00:00,-0.0,-0.0,13200.0,5196.0,18396.0,0.0
2030-09-15 06:00:00,-0.0,-0.0,13200.0,5196.0,18396.0,0.0
2030-09-15 12:00:00,-0.0,-0.0,13200.0,5196.0,18396.0,0.0
2030-09-15 18:00:00,-0.0,-0.0,13200.0,5196.0,18396.0,0.0
2030-09-16 00:00:00,-0.0,-0.0,13200.0,5196.0,18396.0,0.0
2030-09-16 06:00:00,-0.0,-0.0,13200.0,5196.0,18396.0,0.0
2030-09-16 12:00:00,-0.0,-0.0,13200.0,5196.0,18396.0,0.0
2030-09-16 18:00:00,-0.0,-0.0,13200.0,5196.0,18396.0,0.0
2030-09-17 00:00:00,-0.0,-0.0,0.0,5196.0,5196.0,0.0
2030-09-17 06:00:00,-0.0,-0.0,4093.4,5196.0,9289.4,0.0
2030-09-17 12:00:00,-0.0,-0.0,0.0,5196.0,5196.0,0.0
2030-09-17 18:00:00,-0.0,-0.0,0.0,5196.0,5196.0,0.0
2030-09-18 00:00:00,-0.0,-0.0,0.0,5196.0,5196.0,0.0
2030-09-18 06:00:00,-0.0,-0.0,13200.0,5196.0,18396.0,0.0
2030-09-18 12:00:00,-0.0,-0.0,9843.3,5196.0,15039.3,0.0
2030-09-18 18:00:00,-0.0,-0.0,0.0,5196.0,5196.0,0.0
2030-09-19 00:00:00,-0.0,-0.0,0.0,5196.0,5196.0,0.0
2030-09-19 06:00:00,-0.0,-0.0,0.0,5196.0,5196.0,0.0
2030-09-19 12:00:00,-0.0,-0.0,0.0,5196.0,5196.0,0.0
2030-09-19 18:00:00,-0.0,-0.0,145.7,5196.0,5341.7,0.0
2030-09-20 00:00:00,-0.0,-0.0,0.0,5196.0,5196.0,0.0
2030-09-20 06:00:00,-0.0,-0.0,0.0,5196.0,5196.0,0.0
2030-09-20 12:00:00,-0.0,-0.0,0.0,5196.0,5196.0,0.0
2030-09-20 18:00:00,-0.0,-0.0,0.0,5196.0,5196.0,0.0
2030-09-21 00:00:00,-0.0,-0.0,0.0,5196.0,5196.0,0.0
2030-09-21 06:00:00,-0.0,-0.0,0.0,5196.0,5196.0,0.0
2030-09-21 12:00:00,-0.0,-0.0,1300.7,5196.0,6496.7,0.0
2030-09-21 18:00:00,-0.0,-0.0,0.0,5196.0,5196.0,0.0
2030-09-22 00:00:00,-0.0,-0.0,0.0,5196.0,5196.0,0.0
2030-09-22 06:00:00,-0.0,-0.0,13200.0,5196.0,18396.0,0.0
2030-09-22 12:00:00,-0.0,-0.0,10545.1,5196.0,15741.1,0.0
2030-09-22 18:00:00,-0.0,-0.0,0.0,5196.0,5196.0,0.0
2030-09-23 00:00:00,-0.0,-0.0,0.0,5196.0,5196.0,0.0
2030-09-23 06:00:00,-0.0,-0.0,0.0,5196.0,5196.0,0.0
2030-09-23 12:00:00,-0.0,-0.0,0.0,5196.0,5196.0,0.0
2030-09-23 18:00:00,-0.0,-0.0,0.0,5196.0,5196.0,0.0
2030-09-24 00:00:00,-0.0,-0.0,0.0,5196.0,5196.0,0.0
2030-09-24 06:00:00,-0.0,-0.0,0.0,5196.0,5196.0,0.0
2030-09-24 12:00:00,-0.0,-0.0,0.0,5196.0,5196.0,0.0
2030-09-24 18:00:00,-0.0,-0.0,0.0,5196.0,5196.0,0.0
2030-09-25 00:00:00,-0.0,-0.0,0.0,5196.0,5196.0,0.0
2030-09-25 06:00:00,-0.0,-0.0,1357.6,5196.0,6553.6,0.0
2030-09-25 12:00:00,-0.0,-0.0,13200.0,5196.0,18396.0,0.0
2030-09-25 18:00:00,-0.0,-0.0,0.0,5196.0,5196.0,0.0
2030-09-26 00:00:00,-0.0,-0.0,9745.7,5196.0,14941.7,0.0
2030-09-26 06:00:00,-0.0,-0.0,0.0,5196.0,5196.0,0.0
2030-09-26 12:00:00,-0.0,-0.0,0.0,5196.0,5196.0,0.0
2030-09-26 18:00:00,-0.0,-0.0,0.0,5196.0,5196.0,0.0
2030-09-27 00:00:00,-0.0,-0.0,0.0,5196.0,5196.0,0.0
2030-09-27 06:00:00,-0.0,-0.0,0.0,5196.0,5196.0,0.0
2030-09-27 12:00:00,-0.0,-0.0,13200.0,5196.0,18396.0,0.0
2030-09-27 18:00:00,-0.0,-0.0,0.0,5196.0,5196.0,0.0
2030-09-28 00:00:00,-0.0,-0.0,13200.0,5196.0,18396.0,0.0
2030-09-28 06:00:00,-0.0,-0.0,13200.0,5196.0,18396.0,0.0
2030-09-28 12:00:00,-0.0,-0.0,13200.0,5196.0,18396.0,0.0
2030-09-28 18:00:00,-0.0,-0.0,13200.0,5196.0,18396.0,0.0
2030-09-29 00:00:00,-0.0,-0.0,0.0,5196.0,5196.0,0.0
2030-09-29 06:00:00,-0.0,-0.0,13200.0,5196.0,18396.0,0.0
2030-09-29 12:00:00,-0.0,-0.0,13200.0,5196.0,18396.0,0.0
2030-09-29 18:00:00,-0.0,-0.0,0.0,5196.0,5196.0,0.0
2030-09-30 00:00:00,-0.0,-0.0,4126.4,5196.0,9322.4,0.0
2030-09-30 06:00:00,-0.0,-0.0,13200.0,5196.0,18396.0,0.0
2030-09-30 12:00:00,-0.0,-0.0,13200.0,5196.0,18396.0,0.0
2030-09-30 18:00:00,-0.0,-0.0,0.0,5196.0,5196.0,0.0
2030-10-01 00:00:00,-0.0,-0.0,13200.0,5196.0,18396.0,0.0
2030-10-01 06:00:00,-0.0,-0.0,13200.0,5196.0,18396.0,0.0
2030-10-01 12:00:00,-0.0,-0.0,13200.0,5196.0,18396.0,0.0
2030-10-01 18:00:00,-0.0,-0.0,13200.0,5196.0,18396.0,0.0
2030-10-02 00:00:00,-0.0,-0.0,13200.0,5196.0,18396.0,0.0
2030-10-02 06:00:00,-0.0,-0.0,13200.0,5196.0,18396.0,0.0
2030-10-02 12:00:00,-0.0,-0.0,13200.0,5196.0,18396.0,0.0
2030-10-02 18:00:00,-0.0,-0.0,13200.0,5196.0,18396.0,0.0
2030-10-03 00:00:00,-0.0,-0.0,13200.0,5196.0,18396.0,0.0
2030-10-03 06:00:00,-0.0,-0.0,13200.0,5196.0,18396.0,0.0
2030-10-03 12:00:00,-0.0,-0.0,13200.0,5196.0,18396.0,0.0
2030-10-03 18:00:00,-0.0,-0.0,13200.0,5196.0,18396.0,0.0
2030-10-04 00:00:00,-0.0,-0.0,13200.0,5196.0,18396.0,0.0
2030-10-04 06:00:00,-0.0,-0.0,13200.0,5196.0,18396.0,0.0
2030-10-04 12:00:00,-0.0,-0.0,13200.0,5196.0,18396.0,0.0
2030-10-04 18:00:00,-0.0,-0.0,13200.0,5196.0,18396.0,0.0
2030-10-05 00:00:00,-0.0,-0.0,13200.0,5196.0,18396.0,0.0
2030-10-05 06:00:00,-0.0,-0.0,13200.0,5196.0,18396.0,0.0
2030-10-05 12:00:00,-0.0,-0.0,13200.0,5196.0,18396.0,0.0
2030-10-05 18:00:00,-0.0,-0.0,13200.0,5196.0,18396.0,0.0
2030-10-06 00:00:00,-0.0,-0.0,13200.0,5196.0,18396.0,0.0
2030-10-06 06:00:00,-0.0,-0.0,13200.0,5196.0,18396.0,0.0
2030-10-06 12:00:00,-0.0,-0.0,13200.0,5196.0,18396.0,0.0
2030-10-06 18:00:00,-0.0,-0.0,13200.0,5196.0,18396.0,0.0
2030-10-07 00:00:00,-0.0,-0.0,13200.0,5196.0,18396.0,0.0
2030-10-07 06:00:00,-0.0,-0.0,13200.0,5196.0,18396.0,0.0
2030-10-07 12:00:00,-0.0,-0.0,13200.0,5196.0,18396.0,0.0
2030-10-07 18:00:00,-0.0,-0.0,13200.0,5196.0,18396.0,0.0
2030-10-08 00:00:00,-0.0,-0.0,13200.0,5196.0,18396.0,0.0
2030-10-08 06:00:00,-0.0,-0.0,13200.0,5196.0,18396.0,0.0
2030-10-08 12:00:00,-0.0,-0.0,13200.0,5196.0,18396.0,0.0
2030-10-08 18:00:00,-0.0,-0.0,13200.0,5196.0,18396.0,0.0
2030-10-09 00:00:00,-0.0,-0.0,13200.0,5196.0,18396.0,0.0
2030-10-09 06:00:00,-0.0,-0.0,13200.0,5196.0,18396.0,0.0
2030-10-09 12:00:00,-0.0,-0.0,13200.0,5196.0,18396.0,0.0
2030-10-09 18:00:00,-0.0,-0.0,13200.0,5196.0,18396.0,0.0
2030-10-10 00:00:00,-0.0,-0.0,13200.0,5196.0,18396.0,0.0
2030-10-10 06:00:00,-0.0,-0.0,13200.0,5196.0,18396.0,0.0
2030-10-10 12:00:00,-0.0,-0.0,13200.0,5196.0,18396.0,0.0
2030-10-10 18:00:00,-0.0,-0.0,13200.0,5196.0,18396.0,0.0
2030-10-11 00:00:00,-0.0,-0.0,13200.0,5196.0,18396.0,0.0
2030-10-11 06:00:00,-0.0,-0.0,13200.0,5196.0,18396.0,0.0
2030-10-11 12:00:00,-0.0,-0.0,13200.0,5196.0,18396.0,0.0
2030-10-11 18:00:00,-0.0,-0.0,13200.0,5196.0,18396.0,0.0
2030-10-12 00:00:00,-0.0,-0.0,13200.0,5196.0,18396.0,0.0
2030-10-12 06:00:00,-0.0,-0.0,13200.0,5196.0,18396.0,0.0
2030-10-12 12:00:00,-0.0,-0.0,13200.0,5196.0,18396.0,0.0
2030-10-12 18:00:00,-0.0,-0.0,13200.0,5196.0,18396.0,0.0
2030-10-13 00:00:00,-0.0,-0.0,13200.0,5196.0,18396.0,0.0
2030-10-13 06:00:00,-0.0,-0.0,13200.0,5196.0,18396.0,0.0
2030-10-13 12:00:00,-0.0,-0.0,13200.0,5196.0,18396.0,0.0
2030-10-13 18:00:00,-0.0,-0.0,13200.0,5196.0,18396.0,0.0
2030-10-14 00:00:00,-0.0,-0.0,13200.0,5196.0,18396.0,0.0
2030-10-14 06:00:00,-0.0,-0.0,13200.0,5196.0,18396.0,0.0
2030-10-14 12:00:00,-0.0,-0.0,13200.0,5196.0,18396.0,0.0
2030-10-14 18:00:00,-0.0,-0.0,13200.0,5196.0,18396.0,0.0
2030-10-15 00:00:00,-0.0,-0.0,13200.0,5196.0,18396.0,0.0
2030-10-15 06:00:00,-0.0,-0.0,13200.0,5196.0,18396.0,0.0
2030-10-15 12:00:00,-0.0,-0.0,13200.0,5196.0,18396.0,0.0
2030-10-15 18:00:00,-0.0,-0.0,13200.0,5196.0,18396.0,0.0
2030-10-16 00:00:00,-0.0,-0.0,13200.0,5196.0,18396.0,0.0
2030-10-16 06:00:00,-0.0,-0.0,13200.0,5196.0,18396.0,0.0
2030-10-16 12:00:00,-0.0,-0.0,13200.0,5196.0,18396.0,0.0
2030-10-16 18:00:00,-0.0,-0.0,13200.0,5196.0,18396.0,0.0
2030-10-17 00:00:00,-0.0,-0.0,13200.0,5196.0,18396.0,0.0
2030-10-17 06:00:00,-0.0,-0.0,13200.0,5196.0,18396.0,0.0
2030-10-17 12:00:00,-0.0,-0.0,13200.0,5196.0,18396.0,0.0
2030-10-17 18:00:00,-0.0,-0.0,13200.0,5196.0,18396.0,0.0
2030-10-18 00:00:00,-0.0,-0.0,13200.0,5196.0,18396.0,0.0
2030-10-18 06:00:00,-0.0,-0.0,13200.0,5196.0,18396.0,0.0
2030-10-18 12:00:00,-0.0,-0.0,13200.0,5196.0,18396.0,0.0
2030-10-18 18:00:00,-0.0,-0.0,13200.0,5196.0,18396.0,0.0
2030-10-19 00:00:00,-0.0,-0.0,13200.0,5196.0,18396.0,0.0
2030-10-19 06:00:00,-0.0,-0.0,13200.0,5196.0,18396.0,0.0
2030-10-19 12:00:00,-0.0,-0.0,13200.0,5196.0,18396.0,0.0
2030-10-19 18:00:00,-0.0,-0.0,13200.0,5196.0,18396.0,0.0
2030-10-20 00:00:00,-0.0,-0.0,13200.0,5196.0,18396.0,0.0
2030-10-20 06:00:00,-0.0,-0.0,13200.0,5196.0,18396.0,0.0
2030-10-20 12:00:00,-0.0,-0.0,13200.0,5196.0,18396.0,0.0
2030-10-20 18:00:00,-0.0,-0.0,13200.0,5196.0,18396.0,0.0
2030-10-21 00:00:00,-0.0,-0.0,13200.0,5196.0,18396.0,0.0
2030-10-21 06:00:00,-0.0,-0.0,13200.0,5196.0,18396.0,0.0
2030-10-21 12:00:00,-0.0,-0.0,13200.0,5196.0,18396.0,0.0
2030-10-21 18:00:00,-0.0,-0.0,13200.0,5196.0,18396.0,0.0
2030-10-22 00:00:00,-0.0,-0.0,13200.0,5196.0,18396.0,0.0
2030-10-22 06:00:00,-0.0,-0.0,13200.0,5196.0,18396.0,0.0
2030-10-22 12:00:00,-0.0,-0.0,13200.0,5196.0,18396.0,0.0
2030-10-22 18:00:00,-0.0,-0.0,13200.0,5196.0,18396.0,0.0
2030-10-23 00:00:00,-0.0,-0.0,13200.0,5196.0,18396.0,0.0
2030-10-23 06:00:00,-0.0,-0.0,13200.0,5196.0,18396.0,0.0
2030-10-23 12:00:00,-0.0,-0.0,13200.0,5196.0,18396.0,0.0
2030-10-23 18:00:00,-0.0,-0.0,13200.0,5196.0,18396.0,0.0
2030-10-24 00:00:00,-0.0,-0.0,13200.0,5196.0,18396.0,0.0
2030-10-24 06:00:00,-0.0,-0.0,13200.0,5196.0,18396.0,0.0
2030-10-24 12:00:00,-0.0,-0.0,13200.0,5196.0,18396.0,0.0
2030-10-24 18:00:00,-0.0,-0.0,13200.0,5196.0,18396.0,0.0
2030-10-25 00:00:00,-0.0,-0.0,13200.0,5196.0,18396.0,0.0
2030-10-25 06:00:00,-0.0,-0.0,13200.0,5196.0,18396.0,0.0
2030-10-25 12:00:00,-0.0,-0.0,13200.0,5196.0,18396.0,0.0
2030-10-25 18:00:00,-0.0,-0.0,13200.0,5196.0,18396.0,0.0
2030-10-26 00:00:00,-0.0,-0.0,13200.0,5196.0,18396.0,0.0
2030-10-26 06:00:00,-0.0,-0.0,13200.0,5196.0,18396.0,0.0
2030-10-26 12:00:00,-0.0,-0.0,13200.0,5196.0,18396.0,0.0
2030-10-26 18:00:00,-0.0,-0.0,13200.0,5196.0,18396.0,0.0
2030-10-27 00:00:00,-0.0,-0.0,13200.0,5196.0,18396.0,0.0
2030-10-27 06:00:00,-0.0,-0.0,13200.0,5196.0,18396.0,0.0
2030-10-27 12:00:00,-0.0,-0.0,13200.0,5196.0,18396.0,0.0
2030-10-27 18:00:00,-0.0,-0.0,13200.0,5196.0,18396.0,0.0
2030-10-28 00:00:00,-0.0,-0.0,13200.0,5196.0,18396.0,0.0
2030-10-28 06:00:00,-0.0,-0.0,13200.0,5196.0,18396.0,0.0
2030-10-28 12:00:00,-0.0,-0.0,13200.0,5196.0,18396.0,0.0
2030-10-28 18:00:00,-0.0,-0.0,13200.0,5196.0,18396.0,0.0
2030-10-29 00:00:00,-0.0,-0.0,13200.0,5196.0,18396.0,0.0
2030-10-29 06:00:00,-0.0,-0.0,13200.0,5196.0,18396.0,0.0
2030-10-29 12:00:00,-0.0,-0.0,13200.0,5196.0,18396.0,0.0
2030-10-29 18:00:00,-0.0,-0.0,13200.0,5196.0,18396.0,0.0
2030-10-30 00:00:00,-0.0,-0.0,13200.0,5196.0,18396.0,0.0
2030-10-30 06:00:00,-0.0,-0.0,13200.0,5196.0,18396.0,0.0
2030-10-30 12:00:00,-0.0,-0.0,13200.0,5196.0,18396.0,0.0
2030-10-30 18:00:00,-0.0,-0.0,13200.0,5196.0,18396.0,0.0
2030-10-31 00:00:00,-0.0,-0.0,13200.0,5196.0,18396.0,0.0
2030-10-31 06:00:00,-0.0,-0.0,13200.0,5196.0,18396.0,0.0
2030-10-31 12:00:00,-0.0,-0.0,13200.0,5196.0,18396.0,0.0
2030-10-31 18:00:00,-0.0,-0.0,13200.0,5196.0,18396.0,0.0
2030-11-01 00:00:00,-0.0,-0.0,13200.0,5196.0,18396.0,0.0
2030-11-01 06:00:00,-0.0,-0.0,13200.0,5196.0,18396.0,0.0
2030-11-01 12:00:00,-0.0,-0.0,13200.0,5196.0,18396.0,0.0
2030-11-01 18:00:00,-0.0,-0.0,13200.0,5196.0,18396.0,0.0
2030-11-02 00:00:00,-0.0,-0.0,13200.0,5196.0,18396.0,0.0
2030-11-02 06:00:00,-0.0,-0.0,13200.0,5196.0,18396.0,0.0
2030-11-02 12:00:00,-0.0,-0.0,13200.0,5196.0,18396.0,0.0
2030-11-02 18:00:00,-0.0,-0.0,13200.0,5196.0,18396.0,0.0
2030-11-03 00:00:00,-0.0,-0.0,13200.0,5196.0,18396.0,0.0
2030-11-03 06:00:00,-0.0,-0.0,13200.0,5196.0,18396.0,0.0
2030-11-03 12:00:00,-0.0,-0.0,13200.0,5196.0,18396.0,0.0
2030-11-03 18:00:00,-0.0,-0.0,13200.0,5196.0,18396.0,0.0
2030-11-04 00:00:00,-0.0,-0.0,13200.0,5196.0,18396.0,0.0
2030-11-04 06:00:00,-0.0,-0.0,13200.0,5196.0,18396.0,0.0
2030-11-04 12:00:00,-0.0,-0.0,13200.0,5196.0,18396.0,0.0
2030-11-04 18:00:00,-0.0,-0.0,13200.0,5196.0,18396.0,0.0
2030-11-05 00:00:00,-0.0,-0.0,13200.0,5196.0,18396.0,0.0
2030-11-05 06:00:00,-0.0,-0.0,13200.0,5196.0,18396.0,0.0
2030-11-05 12:00:00,-0.0,-0.0,13200.0,5196.0,18396.0,0.0
2030-11-05 18:00:00,-0.0,-0.0,13200.0,5196.0,18396.0,0.0
2030-11-06 00:00:00,-0.0,-0.0,13200.0,5196.0,18396.0,0.0
2030-11-06 06:00:00,-0.0,-0.0,13200.0,5196.0,18396.0,0.0
2030-11-06 12:00:00,-0.0,-0.0,13200.0,5196.0,18396.0,0.0
2030-11-06 18:00:00,-0.0,-0.0,13200.0,5196.0,18396.0,0.0
2030-11-07 00:00:00,-0.0,-0.0,13200.0,5196.0,18396.0,0.0
2030-11-07 06:00:00,-0.0,-0.0,13200.0,5196.0,18396.0,0.0
2030-11-07 12:00:00,-0.0,-0.0,13200.0,5196.0,18396.0,0.0
2030-11-07 18:00:00,-0.0,-0.0,13200.0,5196.0,18396.0,0.0
2030-11-08 00:00:00,-0.0,-0.0,13200.0,5196.0,18396.0,0.0
2030-11-08 06:00:00,-0.0,-0.0,13200.0,5196.0,18396.0,0.0
2030-11-08 12:00:00,-0.0,-0.0,13200.0,5196.0,18396.0,0.0
2030-11-08 18:00:00,-0.0,-0.0,13200.0,5196.0,18396.0,0.0
2030-11-09 00:00:00,-0.0,-0.0,13200.0,5196.0,18396.0,0.0
2030-11-09 06:00:00,-0.0,-0.0,13200.0,5196.0,18396.0,0.0
2030-11-09 12:00:00,-0.0,-0.0,13200.0,5196.0,18396.0,0.0
2030-11-09 18:00:00,-0.0,-0.0,13200.0,5196.0,18396.0,0.0
2030-11-10 00:00:00,-0.0,-0.0,13200.0,5196.0,18396.0,0.0
2030-11-10 06:00:00,-0.0,-0.0,13200.0,5196.0,18396.0,0.0
2030-11-10 12:00:00,-0.0,-0.0,13200.0,5196.0,18396.0,0.0
2030-11-10 18:00:00,-0.0,-0.0,13200.0,5196.0,18396.0,0.0
2030-11-11 00:00:00,-0.0,-0.0,13200.0,5196.0,18396.0,0.0
2030-11-11 06:00:00,-0.0,-0.0,13200.0,5196.0,18396.0,0.0
2030-11-11 12:00:00,-0.0,-0.0,13200.0,5196.0,18396.0,0.0
2030-11-11 18:00:00,-0.0,-0.0,13200.0,5196.0,18396.0,0.0
2030-11-12 00:00:00,-0.0,-0.0,13200.0,5196.0,18396.0,0.0
2030-11-12 06:00:00,-0.0,-0.0,13200.0,5196.0,18396.0,0.0
2030-11-12 12:00:00,-0.0,-0.0,13200.0,5196.0,18396.0,0.0
2030-11-12 18:00:00,-0.0,-0.0,13200.0,5196.0,18396.0,0.0
2030-11-13 00:00:00,-0.0,-0.0,13200.0,5196.0,18396.0,0.0
2030-11-13 06:00:00,-0.0,-0.0,13200.0,5196.0,18396.0,0.0
2030-11-13 12:00:00,-0.0,-0.0,13200.0,5196.0,18396.0,0.0
2030-11-13 18:00:00,-0.0,-0.0,13200.0,5196.0,18396.0,0.0
2030-11-14 00:00:00,-0.0,-0.0,13200.0,5196.0,18396.0,0.0
2030-11-14 06:00:00,-0.0,-0.0,13200.0,5196.0,18396.0,0.0
2030-11-14 12:00:00,-0.0,-0.0,13200.0,5196.0,18396.0,0.0
2030-11-14 18:00:00,-0.0,-0.0,13200.0,5196.0,18396.0,0.0
2030-11-15 00:00:00,-0.0,-0.0,13200.0,5196.0,18396.0,0.0
2030-11-15 06:00:00,-0.0,-0.0,13200.0,5196.0,18396.0,0.0
2030-11-15 12:00:00,-0.0,-0.0,13200.0,5196.0,18396.0,0.0
2030-11-15 18:00:00,-0.0,-0.0,13200.0,5196.0,18396.0,0.0
2030-11-16 00:00:00,-0.0,-0.0,13200.0,5196.0,18396.0,0.0
2030-11-16 06:00:00,-0.0,-0.0,13200.0,5196.0,18396.0,0.0
2030-11-16 12:00:00,-0.0,-0.0,13200.0,5196.0,18396.0,0.0
2030-11-16 18:00:00,-0.0,-0.0,13200.0,5196.0,18396.0,0.0
2030-11-17 00:00:00,-0.0,-0.0,13200.0,5196.0,18396.0,0.0
2030-11-17 06:00:00,-0.0,-0.0,13200.0,5196.0,18396.0,0.0
2030-11-17 12:00:00,-0.0,-0.0,13200.0,5196.0,18396.0,0.0
2030-11-17 18:00:00,-0.0,-0.0,13200.0,5196.0,18396.0,0.0
2030-11-18 00:00:00,-0.0,-0.0,13200.0,5196.0,18396.0,0.0
2030-11-18 06:00:00,-0.0,-0.0,13200.0,5196.0,18396.0,0.0
2030-11-18 12:00:00,-0.0,-0.0,13200.0,5196.0,18396.0,0.0
2030-11-18 18:00:00,-0.0,-0.0,13200.0,5196.0,18396.0,0.0
2030-11-19 00:00:00,-0.0,-0.0,13200.0,5196.0,18396.0,0.0
2030-11-19 06:00:00,-0.0,-0.0,13200.0,5196.0,18396.0,0.0
2030-11-19 12:00:00,-0.0,-0.0,13200.0,5196.0,18396.0,0.0
2030-11-19 18:00:00,-0.0,-0.0,13200.0,5196.0,18396.0,0.0
2030-11-20 00:00:00,-0.0,-0.0,13200.0,5196.0,18396.0,0.0
2030-11-20 06:00:00,-0.0,-0.0,13200.0,5196.0,18396.0,0.0
2030-11-20 12:00:00,-0.0,-0.0,13200.0,5196.0,18396.0,0.0
2030-11-20 18:00:00,-0.0,-0.0,13200.0,5196.0,18396.0,0.0
2030-11-21 00:00:00,-0.0,-0.0,13200.0,5196.0,18396.0,0.0
2030-11-21 06:00:00,-0.0,-0.0,13200.0,5196.0,18396.0,0.0
2030-11-21 12:00:00,-0.0,-0.0,13200.0,5196.0,18396.0,0.0
2030-11-21 18:00:00,-0.0,-0.0,13200.0,5196.0,18396.0,0.0
2030-11-22 00:00:00,-0.0,-0.0,13200.0,5196.0,18396.0,0.0
2030-11-22 06:00:00,-0.0,-0.0,13200.0,5196.0,18396.0,0.0
2030-11-22 12:00:00,-0.0,-0.0,13200.0,5196.0,18396.0,0.0
2030-11-22 18:00:00,-0.0,-0.0,13200.0,5196.0,18396.0,0.0
2030-11-23 00:00:00,-0.0,-0.0,13200.0,5196.0,18396.0,0.0
2030-11-23 06:00:00,-0.0,-0.0,13200.0,5196.0,18396.0,0.0
2030-11-23 12:00:00,-0.0,-0.0,13200.0,5196.0,18396.0,0.0
2030-11-23 18:00:00,-0.0,-0.0,13200.0,5196.0,18396.0,0.0
2030-11-24 00:00:00,-0.0,-0.0,13200.0,5196.0,18396.0,0.0
2030-11-24 06:00:00,-0.0,-0.0,13200.0,5196.0,18396.0,0.0
2030-11-24 12:00:00,-0.0,-0.0,13200.0,5196.0,18396.0,0.0
2030-11-24 18:00:00,-0.0,-0.0,13200.0,5196.0,18396.0,0.0
2030-11-25 00:00:00,-0.0,-0.0,10641.8,5196.0,15837.8,0.0
2030-11-25 06:00:00,-0.0,-0.0,13200.0,5196.0,18396.0,0.0
2030-11-25 12:00:00,-0.0,-0.0,13200.0,5196.0,18396.0,0.0
2030-11-25 18:00:00,-0.0,-0.0,13200.0,5196.0,18396.0,0.0
2030-11-26 00:00:00,-0.0,-0.0,13200.0,5196.0,18396.0,0.0
2030-11-26 06:00:00,-0.0,-0.0,13200.0,5196.0,18396.0,0.0
2030-11-26 12:00:00,-0.0,-0.0,13200.0,5196.0,18396.0,0.0
2030-11-26 18:00:00,-0.0,-0.0,13200.0,5196.0,18396.0,0.0
2030-11-27 00:00:00,-0.0,-0.0,13200.0,5196.0,18396.0,0.0
2030-11-27 06:00:00,-0.0,-0.0,13200.0,5196.0,18396.0,0.0
2030-11-27 12:00:00,-0.0,-0.0,13200.0,5196.0,18396.0,0.0
2030-11-27 18:00:00,-0.0,-0.0,13200.0,5196.0,18396.0,0.0
2030-11-28 00:00:00,-0.0,-0.0,13200.0,5196.0,18396.0,0.0
2030-11-28 06:00:00,-0.0,-0.0,13200.0,5196.0,18396.0,0.0
2030-11-28 12:00:00,-0.0,-0.0,13200.0,5196.0,18396.0,0.0
2030-11-28 18:00:00,-0.0,-0.0,13200.0,5196.0,18396.0,0.0
2030-11-29 00:00:00,-0.0,-0.0,13200.0,5196.0,18396.0,0.0
2030-11-29 06:00:00,-0.0,-0.0,13200.0,5196.0,18396.0,0.0
2030-11-29 12:00:00,-0.0,-0.0,13200.0,5196.0,18396.0,0.0
2030-11-29 18:00:00,-0.0,-0.0,13200.0,5196.0,18396.0,0.0
2030-11-30 00:00:00,-0.0,-0.0,13200.0,5196.0,18396.0,0.0
2030-11-30 06:00:00,-0.0,-0.0,13200.0,5196.0,18396.0,0.0
2030-11-30 12:00:00,-0.0,-0.0,13200.0,5196.0,18396.0,0.0
2030-11-30 18:00:00,-0.0,-0.0,13200.0,5196.0,18396.0,0.0
2030-12-01 00:00:00,-0.0,-0.0,13200.0,5196.0,18396.0,0.0
2030-12-01 06:00:00,-0.0,-0.0,13200.0,5196.0,18396.0,0.0
2030-12-01 12:00:00,-0.0,-0.0,13200.0,5196.0,18396.0,0.0
2030-12-01 18:00:00,-0.0,-0.0,13200.0,5196.0,18396.0,0.0
2030-12-02 00:00:00,-0.0,-0.0,13200.0,5196.0,18396.0,0.0
2030-12-02 06:00:00,-0.0,-0.0,13200.0,5196.0,18396.0,0.0
2030-12-02 12:00:00,-0.0,-0.0,13200.0,5196.0,18396.0,0.0
2030-12-02 18:00:00,-0.0,-0.0,13200.0,5196.0,18396.0,0.0
2030-12-03 00:00:00,-0.0,-0.0,13200.0,5196.0,18396.0,0.0
2030-12-03 06:00:00,-0.0,-0.0,13200.0,5196.0,18396.0,0.0
2030-12-03 12:00:00,-0.0,-0.0,13200.0,5196.0,18396.0,0.0
2030-12-03 18:00:00,-0.0,-0.0,13200.0,5196.0,18396.0,0.0
2030-12-04 00:00:00,-0.0,-0.0,13200.0,5196.0,18396.0,0.0
2030-12-04 06:00:00,-0.0,-0.0,13200.0,5196.0,18396.0,0.0
2030-12-04 12:00:00,-0.0,-0.0,13200.0,5196.0,18396.0,0.0
2030-12-04 18:00:00,-0.0,-0.0,13200.0,5196.0,18396.0,0.0
2030-12-05 00:00:00,-0.0,-0.0,13200.0,5196.0,18396.0,0.0
2030-12-05 06:00:00,-0.0,-0.0,13200.0,5196.0,18396.0,0.0
2030-12-05 12:00:00,-0.0,-0.0,13200.0,5196.0,18396.0,0.0
2030-12-05 18:00:00,-0.0,-0.0,13200.0,5196.0,18396.0,0.0
2030-12-06 00:00:00,-0.0,-0.0,13200.0,5196.0,18396.0,0.0
2030-12-06 06:00:00,-0.0,-0.0,13200.0,5196.0,18396.0,0.0
2030-12-06 12:00:00,-0.0,-0.0,13200.0,5196.0,18396.0,0.0
2030-12-06 18:00:00,-0.0,-0.0,13200.0,5196.0,18396.0,0.0
2030-12-07 00:00:00,-0.0,-0.0,13200.0,5196.0,18396.0,0.0
2030-12-07 06:00:00,-0.0,-0.0,13200.0,5196.0,18396.0,0.0
2030-12-07 12:00:00,-0.0,-0.0,13200.0,5196.0,18396.0,0.0
2030-12-07 18:00:00,-0.0,-0.0,13200.0,5196.0,18396.0,0.0
2030-12-08 00:00:00,-0.0,-0.0,13200.0,5196.0,18396.0,0.0
2030-12-08 06:00:00,-0.0,-0.0,13200.0,5196.0,18396.0,0.0
2030-12-08 12:00:00,-0.0,-0.0,13200.0,5196.0,18396.0,0.0
2030-12-08 18:00:00,-0.0,-0.0,13200.0,5196.0,18396.0,0.0
2030-12-09 00:00:00,-0.0,-0.0,13200.0,5196.0,18396.0,0.0
2030-12-09 06:00:00,-0.0,-0.0,13200.0,5196.0,18396.0,0.0
2030-12-09 12:00:00,-0.0,-0.0,13200.0,5196.0,18396.0,0.0
2030-12-09 18:00:00,-0.0,-0.0,13200.0,5196.0,18396.0,0.0
2030-12-10 00:00:00,-0.0,-0.0,13200.0,5196.0,18396.0,0.0
2030-12-10 06:00:00,-0.0,-0.0,13200.0,5196.0,18396.0,0.0
2030-12-10 12:00:00,-0.0,-0.0,13200.0,5196.0,18396.0,0.0
2030-12-10 18:00:00,-0.0,-0.0,13200.0,5196.0,18396.0,0.0
2030-12-11 00:00:00,-0.0,-0.0,13200.0,5196.0,18396.0,0.0
2030-12-11 06:00:00,-0.0,-0.0,13200.0,5196.0,18396.0,0.0
2030-12-11 12:00:00,-0.0,-0.0,13200.0,5196.0,18396.0,0.0
2030-12-11 18:00:00,-0.0,-0.0,13200.0,5196.0,18396.0,0.0
2030-12-12 00:00:00,-0.0,-0.0,13200.0,5196.0,18396.0,0.0
2030-12-12 06:00:00,-0.0,-0.0,13200.0,5196.0,18396.0,0.0
2030-12-12 12:00:00,-0.0,-0.0,13200.0,5196.0,18396.0,0.0
2030-12-12 18:00:00,-0.0,-0.0,13200.0,5196.0,18396.0,0.0
2030-12-13 00:00:00,-0.0,-0.0,13200.0,5196.0,18396.0,0.0
2030-12-13 06:00:00,-0.0,-0.0,13200.0,5196.0,18396.0,0.0
2030-12-13 12:00:00,-0.0,-0.0,13200.0,5196.0,18396.0,0.0
2030-12-13 18:00:00,-0.0,-0.0,13200.0,5196.0,18396.0,0.0
2030-12-14 00:00:00,-0.0,-0.0,13200.0,5196.0,18396.0,0.0
2030-12-14 06:00:00,-0.0,-0.0,13200.0,5196.0,18396.0,0.0
2030-12-14 12:00:00,-0.0,-0.0,13200.0,5196.0,18396.0,0.0
2030-12-14 18:00:00,-0.0,-0.0,13200.0,5196.0,18396.0,0.0
2030-12-15 00:00:00,-0.0,-0.0,13200.0,5196.0,18396.0,0.0
2030-12-15 06:00:00,-0.0,-0.0,13200.0,5196.0,18396.0,0.0
2030-12-15 12:00:00,-0.0,-0.0,13200.0,5196.0,18396.0,0.0
2030-12-15 18:00:00,-0.0,-0.0,13200.0,5196.0,18396.0,0.0
2030-12-16 00:00:00,-0.0,-0.0,13200.0,5196.0,18396.0,0.0
2030-12-16 06:00:00,-0.0,-0.0,13200.0,5196.0,18396.0,0.0
2030-12-16 12:00:00,-0.0,-0.0,13200.0,5196.0,18396.0,0.0
2030-12-16 18:00:00,-0.0,-0.0,13200.0,5196.0,18396.0,0.0
2030-12-17 00:00:00,-0.0,-0.0,13200.0,5196.0,18396.0,0.0
2030-12-17 06:00:00,-0.0,-0.0,13200.0,5196.0,18396.0,0.0
2030-12-17 12:00:00,-0.0,-0.0,13200.0,5196.0,18396.0,0.0
2030-12-17 18:00:00,-0.0,-0.0,13200.0,5196.0,18396.0,0.0
2030-12-18 00:00:00,-0.0,-0.0,13200.0,5196.0,18396.0,0.0
2030-12-18 06:00:00,-0.0,-0.0,13200.0,5196.0,18396.0,0.0
2030-12-18 12:00:00,-0.0,-0.0,13200.0,5196.0,18396.0,0.0
2030-12-18 18:00:00,-0.0,-0.0,13200.0,5196.0,18396.0,0.0
2030-12-19 00:00:00,-0.0,-0.0,13200.0,5196.0,18396.0,0.0
2030-12-19 06:00:00,-0.0,-0.0,13200.0,5196.0,18396.0,0.0
2030-12-19 12:00:00,-0.0,-0.0,13200.0,5196.0,18396.0,0.0
2030-12-19 18:00:00,-0.0,-0.0,13200.0,5196.0,18396.0,0.0
2030-12-20 00:00:00,-0.0,-0.0,13200.0,5196.0,18396.0,0.0
2030-12-20 06:00:00,-0.0,-0.0,13200.0,5196.0,18396.0,0.0
2030-12-20 12:00:00,-0.0,-0.0,13200.0,5196.0,18396.0,0.0
2030-12-20 18:00:00,-0.0,-0.0,13200.0,5196.0,18396.0,0.0
2030-12-21 00:00:00,-0.0,-0.0,13200.0,5196.0,18396.0,0.0
2030-12-21 06:00:00,-0.0,-0.0,13200.0,5196.0,18396.0,0.0
2030-12-21 12:00:00,-0.0,-0.0,13200.0,5196.0,18396.0,0.0
2030-12-21 18:00:00,-0.0,-0.0,13200.0,5196.0,18396.0,0.0
2030-12-22 00:00:00,-0.0,-0.0,13200.0,5196.0,18396.0,0.0
2030-12-22 06:00:00,-0.0,-0.0,13200.0,5196.0,18396.0,0.0
2030-12-22 12:00:00,-0.0,-0.0,13200.0,5196.0,18396.0,0.0
2030-12-22 18:00:00,-0.0,-0.0,13200.0,5196.0,18396.0,0.0
2030-12-23 00:00:00,-0.0,-0.0,13200.0,5196.0,18396.0,0.0
2030-12-23 06:00:00,-0.0,-0.0,13200.0,5196.0,18396.0,0.0
2030-12-23 12:00:00,-0.0,-0.0,13200.0,5196.0,18396.0,0.0
2030-12-23 18:00:00,-0.0,-0.0,13200.0,5196.0,18396.0,0.0
2030-12-24 00:00:00,-0.0,-0.0,13200.0,5196.0,18396.0,0.0
2030-12-24 06:00:00,-0.0,-0.0,13200.0,5196.0,18396.0,0.0
2030-12-24 12:00:00,-0.0,-0.0,13200.0,5196.0,18396.0,0.0
2030-12-24 18:00:00,-0.0,-0.0,13200.0,5196.0,18396.0,0.0
2030-12-25 00:00:00,-0.0,-0.0,13200.0,5196.0,18396.0,0.0
2030-12-25 06:00:00,-0.0,-0.0,13200.0,5196.0,18396.0,0.0
2030-12-25 12:00:00,-0.0,-0.0,13200.0,5196.0,18396.0,0.0
2030-12-25 18:00:00,-0.0,-0.0,13200.0,5196.0,18396.0,0.0
2030-12-26 00:00:00,-0.0,-0.0,13200.0,5196.0,18396.0,0.0
2030-12-26 06:00:00,-0.0,-0.0,13200.0,5196.0,18396.0,0.0
2030-12-26 12:00:00,-0.0,-0.0,13200.0,5196.0,18396.0,0.0
2030-12-26 18:00:00,-0.0,-0.0,13200.0,5196.0,18396.0,0.0
2030-12-27 00:00:00,-0.0,-0.0,13200.0,5196.0,18396.0,0.0
2030-12-27 06:00:00,-0.0,-0.0,13200.0,5196.0,18396.0,0.0
2030-12-27 12:00:00,-0.0,-0.0,13200.0,5196.0,18396.0,0.0
2030-12-27 18:00:00,-0.0,-0.0,13200.0,5196.0,18396.0,0.0
2030-12-28 00:00:00,-0.0,-0.0,13200.0,5196.0,18396.0,0.0
2030-12-28 06:00:00,-0.0,-0.0,13200.0,5196.0,18396.0,0.0
2030-12-28 12:00:00,-0.0,-0.0,13200.0,5196.0,18396.0,0.0
2030-12-28 18:00:00,-0.0,-0.0,13200.0,5196.0,18396.0,0.0
2030-12-29 00:00:00,-0.0,-0.0,13200.0,5196.0,18396.0,0.0
2030-12-29 06:00:00,-0.0,-0.0,13200.0,5196.0,18396.0,0.0
2030-12-29 12:00:00,-0.0,-0.0,13200.0,5196.0,18396.0,0.0
2030-12-29 18:00:00,-0.0,-0.0,13200.0,5196.0,18396.0,0.0
2030-12-30 00:00:00,-0.0,-0.0,13200.0,5196.0,18396.0,0.0
2030-12-30 06:00:00,-0.0,-0.0,13200.0,5196.0,18396.0,0.0
2030-12-30 12:00:00,-0.0,-0.0,13200.0,5196.0,18396.0,0.0
2030-12-30 18:00:00,-0.0,-0.0,13200.0,5196.0,18396.0,0.0
2030-12-31 00:00:00,-0.0,-0.0,13200.0,5196.0,18396.0,0.0
2030-12-31 06:00:00,-0.0,-0.0,13200.0,5196.0,18396.0,0.0
2030-12-31 12:00:00,-0.0,-0.0,13200.0,5196.0,18396.0,0.0
2030-12-31 18:00:00,-0.0,-0.0,13200.0,5196.0,18396.0,0.0
2031-01-01 00:00:00,-0.0,-0.0,13200.0,5196.0,18396.0,0.0
2031-01-01 06:00:00,-0.0,-0.0,13200.0,5196.0,18396.0,0.0
2031-01-01 12:00:00,-0.0,-0.0,13200.0,5196.0,18396.0,0.0
2031-01-01 18:00:00,-0.0,-0.0,13200.0,5196.0,18396.0,0.0
2031-01-02 00:00:00,-0.0,-0.0,13200.0,5196.0,18396.0,0.0
2031-01-02 06:00:00,-0.0,-0.0,13200.0,5196.0,18396.0,0.0
2031-01-02 12:00:00,-0.0,-0.0,13200.0,5196.0,18396.0,0.0
2031-01-02 18:00:00,-0.0,-0.0,13200.0,5196.0,18396.0,0.0
2031-01-03 00:00:00,-0.0,-0.0,13200.0,5196.0,18396.0,0.0
2031-01-03 06:00:00,-0.0,-0.0,13200.0,5196.0,18396.0,0.0
2031-01-03 12:00:00,-0.0,-0.0,13200.0,5196.0,18396.0,0.0
2031-01-03 18:00:00,-0.0,-0.0,13200.0,5196.0,18396.0,0.0
2031-01-04 00:00:00,-0.0,-0.0,13200.0,5196.0,18396.0,0.0
2031-01-04 06:00:00,-0.0,-0.0,13200.0,5196.0,18396.0,0.0
2031-01-04 12:00:00,-0.0,-0.0,13200.0,5196.0,18396.0,0.0
2031-01-04 18:00:00,-0.0,-0.0,13200.0,5196.0,18396.0,0.0
2031-01-05 00:00:00,-0.0,-0.0,13200.0,5196.0,18396.0,0.0
2031-01-05 06:00:00,-0.0,-0.0,13200.0,5196.0,18396.0,0.0
2031-01-05 12:00:00,-0.0,-0.0,13200.0,5196.0,18396.0,0.0
2031-01-05 18:00:00,-0.0,-0.0,13200.0,5196.0,18396.0,0.0
2031-01-06 00:00:00,-0.0,-0.0,13200.0,0.0,13200.0,0.0
2031-01-06 06:00:00,-0.0,-0.0,13200.0,5196.0,18396.0,0.0
2031-01-06 12:00:00,-0.0,-0.0,13200.0,0.0,13200.0,0.0
2031-01-06 18:00:00,-0.0,-0.0,0.0,0.0,0.0,0.0
2031-01-07 00:00:00,-0.0,-0.0,0.0,0.0,0.0,0.0
2031-01-07 06:00:00,-0.0,-0.0,0.0,0.0,0.0,0.0
2031-01-07 12:00:00,-0.0,-0.0,0.0,0.0,0.0,0.0
2031-01-07 18:00:00,-0.0,-0.0,13200.0,5196.0,18396.0,0.0
2031-01-08 00:00:00,-0.0,-0.0,13200.0,5196.0,18396.0,0.0
2031-01-08 06:00:00,-0.0,-0.0,13200.0,5196.0,18396.0,0.0
2031-01-08 12:00:00,-0.0,-0.0,13200.0,0.0,13200.0,0.0
2031-01-08 18:00:00,-0.0,-0.0,13200.0,5196.0,18396.0,0.0
2031-01-09 00:00:00,-0.0,-0.0,13200.0,5196.0,18396.0,0.0
2031-01-09 06:00:00,-0.0,-0.0,13200.0,5196.0,18396.0,0.0
2031-01-09 12:00:00,-0.0,-0.0,13200.0,5196.0,18396.0,0.0
2031-01-09 18:00:00,-0.0,-0.0,13200.0,5196.0,18396.0,0.0
2031-01-10 00:00:00,-0.0,-0.0,13200.0,5196.0,18396.0,0.0
2031-01-10 06:00:00,-0.0,-0.0,13200.0,5196.0,18396.0,0.0
2031-01-10 12:00:00,-0.0,-0.0,13200.0,5196.0,18396.0,0.0
2031-01-10 18:00:00,-0.0,-0.0,13200.0,5196.0,18396.0,0.0
2031-01-11 00:00:00,-0.0,-0.0,13200.0,5196.0,18396.0,0.0
2031-01-11 06:00:00,-0.0,-0.0,13200.0,5196.0,18396.0,0.0
2031-01-11 12:00:00,-0.0,-0.0,13200.0,5196.0,18396.0,0.0
2031-01-11 18:00:00,-0.0,-0.0,13200.0,5196.0,18396.0,0.0
2031-01-12 00:00:00,-0.0,-0.0,13200.0,5196.0,18396.0,0.0
2031-01-12 06:00:00,-0.0,-0.0,13200.0,5196.0,18396.0,0.0
2031-01-12 12:00:00,-0.0,-0.0,13200.0,5196.0,18396.0,0.0
2031-01-12 18:00:00,-0.0,-0.0,13200.0,5196.0,18396.0,0.0
2031-01-13 00:00:00,-0.0,-0.0,13200.0,5196.0,18396.0,0.0
2031-01-13 06:00:00,-0.0,-0.0,13200.0,5196.0,18396.0,0.0
2031-01-13 12:00:00,-0.0,-0.0,13200.0,5196.0,18396.0,0.0
2031-01-13 18:00:00,-0.0,-0.0,13200.0,5196.0,18396.0,0.0
2031-01-14 00:00:00,-0.0,-0.0,13200.0,5196.0,18396.0,0.0
2031-01-14 06:00:00,-0.0,-0.0,13200.0,5196.0,18396.0,0.0
2031-01-14 12:00:00,-0.0,-0.0,13200.0,5196.0,18396.0,0.0
2031-01-14 18:00:00,-0.0,-0.0,13200.0,5196.0,18396.0,0.0
2031-01-15 00:00:00,-0.0,-0.0,13200.0,5196.0,18396.0,0.0
2031-01-15 06:00:00,-0.0,-0.0,13200.0,5196.0,18396.0,0.0
2031-01-15 12:00:00,-0.0,-0.0,13200.0,5196.0,18396.0,0.0
2031-01-15 18:00:00,-0.0,-0.0,13200.0,5196.0,18396.0,0.0
2031-01-16 00:00:00,-0.0,-0.0,13200.0,5196.0,18396.0,0.0
2031-01-16 06:00:00,-0.0,-0.0,13200.0,5196.0,18396.0,0.0
2031-01-16 12:00:00,-0.0,-0.0,13200.0,5196.0,18396.0,0.0
2031-01-16 18:00:00,-0.0,-0.0,13200.0,5196.0,18396.0,0.0
2031-01-17 00:00:00,-0.0,-0.0,13200.0,5196.0,18396.0,0.0
2031-01-17 06:00:00,-0.0,-0.0,13200.0,5196.0,18396.0,0.0
2031-01-17 12:00:00,-0.0,-0.0,13200.0,5196.0,18396.0,0.0
2031-01-17 18:00:00,-0.0,-0.0,13200.0,5196.0,18396.0,0.0
2031-01-18 00:00:00,-0.0,-0.0,13200.0,5196.0,18396.0,0.0
2031-01-18 06:00:00,-0.0,-0.0,13200.0,5196.0,18396.0,0.0
2031-01-18 12:00:00,-0.0,-0.0,13200.0,5196.0,18396.0,0.0
2031-01-18 18:00:00,-0.0,-0.0,13200.0,5196.0,18396.0,0.0
2031-01-19 00:00:00,-0.0,-0.0,13200.0,5196.0,18396.0,0.0
2031-01-19 06:00:00,-0.0,-0.0,13200.0,5196.0,18396.0,0.0
2031-01-19 12:00:00,-0.0,-0.0,13200.0,5196.0,18396.0,0.0
2031-01-19 18:00:00,-0.0,-0.0,13200.0,5196.0,18396.0,0.0
2031-01-20 00:00:00,-0.0,-0.0,13200.0,5196.0,18396.0,0.0
2031-01-20 06:00:00,-0.0,-0.0,13200.0,5196.0,18396.0,0.0
2031-01-20 12:00:00,-0.0,-0.0,13200.0,0.0,13200.0,0.0
2031-01-20 18:00:00,-0.0,-0.0,13200.0,0.0,13200.0,0.0
2031-01-21 00:00:00,-0.0,-0.0,13200.0,0.0,13200.0,0.0
2031-01-21 06:00:00,-0.0,-0.0,13200.0,5196.0,18396.0,0.0
2031-01-21 12:00:00,-0.0,-0.0,13200.0,0.0,13200.0,0.0
2031-01-21 18:00:00,-0.0,-0.0,13200.0,0.0,13200.0,0.0
2031-01-22 00:00:00,-0.0,-0.0,13200.0,0.0,13200.0,0.0
2031-01-22 06:00:00,-0.0,-0.0,13200.0,1163.6,14363.6,0.0
2031-01-22 12:00:00,-0.0,-0.0,13200.0,0.0,13200.0,0.0
2031-01-22 18:00:00,-0.0,-0.0,13200.0,0.0,13200.0,0.0
2031-01-23 00:00:00,-0.0,-0.0,13200.0,0.0,13200.0,0.0
2031-01-23 06:00:00,-0.0,-0.0,13200.0,5196.0,18396.0,0.0
2031-01-23 12:00:00,-0.0,-0.0,13200.0,5196.0,18396.0,0.0
2031-01-23 18:00:00,-0.0,-0.0,13200.0,0.0,13200.0,0.0
2031-01-24 00:00:00,-0.0,-0.0,13200.0,0.0,13200.0,0.0
2031-01-24 06:00:00,-0.0,-0.0,13200.0,0.0,13200.0,0.0
2031-01-24 12:00:00,-0.0,-0.0,0.0,0.0,0.0,0.0
2031-01-24 18:00:00,-0.0,-0.0,0.0,0.0,0.0,0.0
2031-01-25 00:00:00,-0.0,-0.0,13200.0,0.0,13200.0,0.0
2031-01-25 06:00:00,-0.0,-0.0,0.0,5196.0,5196.0,0.0
2031-01-25 12:00:00,-0.0,-0.0,13200.0,5196.0,18396.0,0.0
2031-01-25 18:00:00,-0.0,-0.0,13200.0,5196.0,18396.0,0.0
2031-01-26 00:00:00,-0.0,-0.0,13200.0,5196.0,18396.0,0.0
2031-01-26 06:00:00,-0.0,-0.0,13200.0,5196.0,18396.0,0.0
2031-01-26 12:00:00,-0.0,-0.0,13200.0,5196.0,18396.0,0.0
2031-01-26 18:00:00,-0.0,-0.0,13200.0,5196.0,18396.0,0.0
2031-01-27 00:00:00,-0.0,-0.0,13200.0,5196.0,18396.0,0.0
2031-01-27 06:00:00,-0.0,-0.0,13200.0,5196.0,18396.0,0.0
2031-01-27 12:00:00,-0.0,-0.0,13200.0,5196.0,18396.0,0.0
2031-01-27 18:00:00,-0.0,-0.0,13200.0,5196.0,18396.0,0.0
2031-01-28 00:00:00,-0.0,-0.0,13200.0,5196.0,18396.0,0.0
2031-01-28 06:00:00,-0.0,-0.0,13200.0,5196.0,18396.0,0.0
2031-01-28 12:00:00,-0.0,-0.0,13200.0,5196.0,18396.0,0.0
2031-01-28 18:00:00,-0.0,-0.0,13200.0,5196.0,18396.0,0.0
2031-01-29 00:00:00,-0.0,-0.0,13200.0,5196.0,18396.0,0.0
2031-01-29 06:00:00,-0.0,-0.0,13200.0,5196.0,18396.0,0.0
2031-01-29 12:00:00,-0.0,-0.0,13200.0,5196.0,18396.0,0.0
2031-01-29 18:00:00,-0.0,-0.0,13200.0,5196.0,18396.0,0.0
2031-01-30 00:00:00,-0.0,-0.0,13200.0,5196.0,18396.0,0.0
2031-01-30 06:00:00,-0.0,-0.0,13200.0,5196.0,18396.0,0.0
2031-01-30 12:00:00,-0.0,-0.0,13200.0,5196.0,18396.0,0.0
2031-01-30 18:00:00,-0.0,-0.0,13200.0,5196.0,18396.0,0.0
2031-01-31 00:00:00,-0.0,-0.0,13200.0,5196.0,18396.0,0.0
2031-01-31 06:00:00,-0.0,-0.0,13200.0,5196.0,18396.0,0.0
2031-01-31 12:00:00,-0.0,-0.0,13200.0,5196.0,18396.0,0.0
2031-01-31 18:00:00,-0.0,-0.0,13200.0,5196.0,18396.0,0.0
2031-02-01 00:00:00,-0.0,-0.0,13200.0,5196.0,18396.0,0.0
2031-02-01 06:00:00,-0.0,-0.0,13200.0,5196.0,18396.0,0.0
2031-02-01 12:00:00,-0.0,-0.0,13200.0,5196.0,18396.0,0.0
2031-02-01 18:00:00,-0.0,-0.0,13200.0,5196.0,18396.0,0.0
2031-02-02 00:00:00,-0.0,-0.0,13200.0,5196.0,18396.0,0.0
2031-02-02 06:00:00,-0.0,-0.0,13200.0,5196.0,18396.0,0.0
2031-02-02 12:00:00,-0.0,-0.0,13200.0,5196.0,18396.0,0.0
2031-02-02 18:00:00,-0.0,-0.0,13200.0,5196.0,18396.0,0.0
2031-02-03 00:00:00,-0.0,-0.0,13200.0,5196.0,18396.0,0.0
2031-02-03 06:00:00,-0.0,-0.0,13200.0,5196.0,18396.0,0.0
2031-02-03 12:00:00,-0.0,-0.0,13200.0,5196.0,18396.0,0.0
2031-02-03 18:00:00,-0.0,-0.0,13200.0,5196.0,18396.0,0.0
2031-02-04 00:00:00,-0.0,-0.0,13200.0,5196.0,18396.0,0.0
2031-02-04 06:00:00,-0.0,-0.0,13200.0,5196.0,18396.0,0.0
2031-02-04 12:00:00,-0.0,-0.0,13200.0,5196.0,18396.0,0.0
2031-02-04 18:00:00,-0.0,-0.0,13200.0,5196.0,18396.0,0.0
2031-02-05 00:00:00,-0.0,-0.0,13200.0,5196.0,18396.0,0.0
2031-02-05 06:00:00,-0.0,-0.0,13200.0,5196.0,18396.0,0.0
2031-02-05 12:00:00,-0.0,-0.0,13200.0,5196.0,18396.0,0.0
2031-02-05 18:00:00,-0.0,-0.0,13200.0,5196.0,18396.0,0.0
2031-02-06 00:00:00,-0.0,-0.0,13200.0,5196.0,18396.0,0.0
2031-02-06 06:00:00,-0.0,-0.0,13200.0,5196.0,18396.0,0.0
2031-02-06 12:00:00,-0.0,-0.0,13200.0,5196.0,18396.0,0.0
2031-02-06 18:00:00,-0.0,-0.0,13200.0,5196.0,18396.0,0.0
2031-02-07 00:00:00,-0.0,-0.0,13200.0,5196.0,18396.0,0.0
2031-02-07 06:00:00,-0.0,-0.0,13200.0,5196.0,18396.0,0.0
2031-02-07 12:00:00,-0.0,-0.0,13200.0,5196.0,18396.0,0.0
2031-02-07 18:00:00,-0.0,-0.0,13200.0,5196.0,18396.0,0.0
2031-02-08 00:00:00,-0.0,-0.0,13200.0,5196.0,18396.0,0.0
2031-02-08 06:00:00,-0.0,-0.0,13200.0,5196.0,18396.0,0.0
2031-02-08 12:00:00,-0.0,-0.0,13200.0,5196.0,18396.0,0.0
2031-02-08 18:00:00,-0.0,-0.0,13200.0,5196.0,18396.0,0.0
2031-02-09 00:00:00,-0.0,-0.0,13200.0,5196.0,18396.0,0.0
2031-02-09 06:00:00,-0.0,-0.0,13200.0,5196.0,18396.0,0.0
2031-02-09 12:00:00,-0.0,-0.0,13200.0,5196.0,18396.0,0.0
2031-02-09 18:00:00,-0.0,-0.0,13200.0,5196.0,18396.0,0.0
2031-02-10 00:00:00,-0.0,-0.0,13200.0,5196.0,18396.0,0.0
2031-02-10 06:00:00,-0.0,-0.0,13200.0,5196.0,18396.0,0.0
2031-02-10 12:00:00,-0.0,-0.0,13200.0,5196.0,18396.0,0.0
2031-02-10 18:00:00,-0.0,-0.0,13200.0,5196.0,18396.0,0.0
2031-02-11 00:00:00,-0.0,-0.0,13200.0,5196.0,18396.0,0.0
2031-02-11 06:00:00,-0.0,-0.0,13200.0,5196.0,18396.0,0.0
2031-02-11 12:00:00,-0.0,-0.0,13200.0,5196.0,18396.0,0.0
2031-02-11 18:00:00,-0.0,-0.0,13200.0,5196.0,18396.0,0.0
2031-02-12 00:00:00,-0.0,-0.0,13200.0,5196.0,18396.0,0.0
2031-02-12 06:00:00,-0.0,-0.0,13200.0,5196.0,18396.0,0.0
2031-02-12 12:00:00,-0.0,-0.0,13200.0,5196.0,18396.0,0.0
2031-02-12 18:00:00,-0.0,-0.0,13200.0,5196.0,18396.0,0.0
2031-02-13 00:00:00,-0.0,-0.0,13200.0,5196.0,18396.0,0.0
2031-02-13 06:00:00,-0.0,-0.0,13200.0,5196.0,18396.0,0.0
2031-02-13 12:00:00,-0.0,-0.0,13200.0,5196.0,18396.0,0.0
2031-02-13 18:00:00,-0.0,-0.0,13200.0,5196.0,18396.0,0.0
2031-02-14 00:00:00,-0.0,-0.0,13200.0,5196.0,18396.0,0.0
2031-02-14 06:00:00,-0.0,-0.0,13200.0,5196.0,18396.0,0.0
2031-02-14 12:00:00,-0.0,-0.0,13200.0,5196.0,18396.0,0.0
2031-02-14 18:00:00,-0.0,-0.0,13200.0,5196.0,18396.0,0.0
2031-02-15 00:00:00,-0.0,-0.0,13200.0,5196.0,18396.0,0.0
2031-02-15 06:00:00,-0.0,-0.0,13200.0,5196.0,18396.0,0.0
2031-02-15 12:00:00,-0.0,-0.0,13200.0,5196.0,18396.0,0.0
2031-02-15 18:00:00,-0.0,-0.0,13200.0,5196.0,18396.0,0.0
2031-02-16 00:00:00,-0.0,-0.0,13200.0,5196.0,18396.0,0.0
2031-02-16 06:00:00,-0.0,-0.0,13200.0,5196.0,18396.0,0.0
2031-02-16 12:00:00,-0.0,-0.0,13200.0,5196.0,18396.0,0.0
2031-02-16 18:00:00,-0.0,-0.0,13200.0,5196.0,18396.0,0.0
2031-02-17 00:00:00,-0.0,-0.0,13200.0,5196.0,18396.0,0.0
2031-02-17 06:00:00,-0.0,-0.0,13200.0,5196.0,18396.0,0.0
2031-02-17 12:00:00,-0.0,-0.0,13200.0,5196.0,18396.0,0.0
2031-02-17 18:00:00,-0.0,-0.0,13200.0,5196.0,18396.0,0.0
2031-02-18 00:00:00,-0.0,-0.0,13200.0,5196.0,18396.0,0.0
2031-02-18 06:00:00,-0.0,-0.0,13200.0,5196.0,18396.0,0.0
2031-02-18 12:00:00,-0.0,-0.0,13200.0,5196.0,18396.0,0.0
2031-02-18 18:00:00,-0.0,-0.0,13200.0,5196.0,18396.0,0.0
2031-02-19 00:00:00,-0.0,-0.0,13200.0,5196.0,18396.0,0.0
2031-02-19 06:00:00,-0.0,-0.0,13200.0,5196.0,18396.0,0.0
2031-02-19 12:00:00,-0.0,-0.0,13200.0,5196.0,18396.0,0.0
2031-02-19 18:00:00,-0.0,-0.0,13200.0,5196.0,18396.0,0.0
2031-02-20 00:00:00,-0.0,-0.0,13200.0,5196.0,18396.0,0.0
2031-02-20 06:00:00,-0.0,-0.0,13200.0,5196.0,18396.0,0.0
2031-02-20 12:00:00,-0.0,-0.0,13200.0,5196.0,18396.0,0.0
2031-02-20 18:00:00,-0.0,-0.0,13200.0,5196.0,18396.0,0.0
2031-02-21 00:00:00,-0.0,-0.0,13200.0,5196.0,18396.0,0.0
2031-02-21 06:00:00,-0.0,-0.0,13200.0,5196.0,18396.0,0.0
2031-02-21 12:00:00,-0.0,-0.0,13200.0,5196.0,18396.0,0.0
2031-02-21 18:00:00,-0.0,-0.0,13200.0,5196.0,18396.0,0.0
2031-02-22 00:00:00,-0.0,-0.0,13200.0,5196.0,18396.0,0.0
2031-02-22 06:00:00,-0.0,-0.0,13200.0,5196.0,18396.0,0.0
2031-02-22 12:00:00,-0.0,-0.0,13200.0,5196.0,18396.0,0.0
2031-02-22 18:00:00,-0.0,-0.0,13200.0,5196.0,18396.0,0.0
2031-02-23 00:00:00,-0.0,-0.0,13200.0,5196.0,18396.0,0.0
2031-02-23 06:00:00,-0.0,-0.0,13200.0,5196.0,18396.0,0.0
2031-02-23 12:00:00,-0.0,-0.0,13200.0,5196.0,18396.0,0.0
2031-02-23 18:00:00,-0.0,-0.0,13200.0,5196.0,18396.0,0.0
2031-02-24 00:00:00,-0.0,-0.0,13200.0,5196.0,18396.0,0.0
2031-02-24 06:00:00,-0.0,-0.0,13200.0,5196.0,18396.0,0.0
2031-02-24 12:00:00,-0.0,-0.0,13200.0,5196.0,18396.0,0.0
2031-02-24 18:00:00,-0.0,-0.0,13200.0,5196.0,18396.0,0.0
2031-02-25 00:00:00,-0.0,-0.0,13200.0,5196.0,18396.0,0.0
2031-02-25 06:00:00,-0.0,-0.0,13200.0,5196.0,18396.0,0.0
2031-02-25 12:00:00,-0.0,-0.0,13200.0,5196.0,18396.0,0.0
2031-02-25 18:00:00,-0.0,-0.0,13200.0,5196.0,18396.0,0.0
2031-02-26 00:00:00,-0.0,-0.0,13200.0,5196.0,18396.0,0.0
2031-02-26 06:00:00,-0.0,-0.0,13200.0,5196.0,18396.0,0.0
2031-02-26 12:00:00,-0.0,-0.0,13200.0,5196.0,18396.0,0.0
2031-02-26 18:00:00,-0.0,-0.0,13200.0,5196.0,18396.0,0.0
2031-02-27 00:00:00,-0.0,-0.0,13200.0,5196.0,18396.0,0.0
2031-02-27 06:00:00,-0.0,-0.0,13200.0,5196.0,18396.0,0.0
2031-02-27 12:00:00,-0.0,-0.0,13200.0,5196.0,18396.0,0.0
2031-02-27 18:00:00,-0.0,-0.0,13200.0,5196.0,18396.0,0.0
2031-02-28 00:00:00,-0.0,-0.0,13200.0,5196.0,18396.0,0.0
2031-02-28 06:00:00,-0.0,-0.0,13200.0,5196.0,18396.0,0.0
2031-02-28 12:00:00,-0.0,-0.0,13200.0,5196.0,18396.0,0.0
2031-02-28 18:00:00,-0.0,-0.0,13200.0,5196.0,18396.0,0.0
2031-03-01 00:00:00,-0.0,-0.0,13200.0,5196.0,18396.0,0.0
2031-03-01 06:00:00,-0.0,-0.0,13200.0,5196.0,18396.0,0.0
2031-03-01 12:00:00,-0.0,-0.0,13200.0,5196.0,18396.0,0.0
2031-03-01 18:00:00,-0.0,-0.0,13200.0,5196.0,18396.0,0.0
2031-03-02 00:00:00,-0.0,-0.0,13200.0,5196.0,18396.0,0.0
2031-03-02 06:00:00,-0.0,-0.0,13200.0,5196.0,18396.0,0.0
2031-03-02 12:00:00,-0.0,-0.0,13200.0,5196.0,18396.0,0.0
2031-03-02 18:00:00,-0.0,-0.0,13200.0,5196.0,18396.0,0.0
2031-03-03 00:00:00,-0.0,-0.0,13200.0,5196.0,18396.0,0.0
2031-03-03 06:00:00,-0.0,-0.0,13200.0,5196.0,18396.0,0.0
2031-03-03 12:00:00,-0.0,-0.0,13200.0,5196.0,18396.0,0.0
2031-03-03 18:00:00,-0.0,-0.0,13200.0,5196.0,18396.0,0.0
2031-03-04 00:00:00,-0.0,-0.0,13200.0,5196.0,18396.0,0.0
2031-03-04 06:00:00,-0.0,-0.0,13200.0,5196.0,18396.0,0.0
2031-03-04 12:00:00,-0.0,-0.0,13200.0,5196.0,18396.0,0.0
2031-03-04 18:00:00,-0.0,-0.0,13200.0,5196.0,18396.0,0.0
2031-03-05 00:00:00,-0.0,-0.0,13200.0,5196.0,18396.0,0.0
2031-03-05 06:00:00,-0.0,-0.0,13200.0,5196.0,18396.0,0.0
2031-03-05 12:00:00,-0.0,-0.0,13200.0,5196.0,18396.0,0.0
2031-03-05 18:00:00,-0.0,-0.0,13200.0,5196.0,18396.0,0.0
2031-03-06 00:00:00,-0.0,-0.0,13200.0,5196.0,18396.0,0.0
2031-03-06 06:00:00,-0.0,-0.0,13200.0,5196.0,18396.0,0.0
2031-03-06 12:00:00,-0.0,-0.0,13200.0,5196.0,18396.0,0.0
2031-03-06 18:00:00,-0.0,-0.0,13200.0,5196.0,18396.0,0.0
2031-03-07 00:00:00,-0.0,-0.0,13200.0,5196.0,18396.0,0.0
2031-03-07 06:00:00,-0.0,-0.0,13200.0,5196.0,18396.0,0.0
2031-03-07 12:00:00,-0.0,-0.0,13200.0,5196.0,18396.0,0.0
2031-03-07 18:00:00,-0.0,-0.0,13200.0,5196.0,18396.0,0.0
2031-03-08 00:00:00,-0.0,-0.0,13200.0,5196.0,18396.0,0.0
2031-03-08 06:00:00,-0.0,-0.0,13200.0,5196.0,18396.0,0.0
2031-03-08 12:00:00,-0.0,-0.0,13200.0,5196.0,18396.0,0.0
2031-03-08 18:00:00,-0.0,-0.0,13200.0,5196.0,18396.0,0.0
2031-03-09 00:00:00,-0.0,-0.0,13200.0,5196.0,18396.0,0.0
2031-03-09 06:00:00,-0.0,-0.0,13200.0,5196.0,18396.0,0.0
2031-03-09 12:00:00,-0.0,-0.0,13200.0,5196.0,18396.0,0.0
2031-03-09 18:00:00,-0.0,-0.0,13200.0,5196.0,18396.0,0.0
2031-03-10 00:00:00,-0.0,-0.0,13200.0,5196.0,18396.0,0.0
2031-03-10 06:00:00,-0.0,-0.0,13200.0,5196.0,18396.0,0.0
2031-03-10 12:00:00,-0.0,-0.0,13200.0,5196.0,18396.0,0.0
2031-03-10 18:00:00,-0.0,-0.0,13200.0,5196.0,18396.0,0.0
2031-03-11 00:00:00,-0.0,-0.0,13200.0,5196.0,18396.0,0.0
2031-03-11 06:00:00,-0.0,-0.0,13200.0,5196.0,18396.0,0.0
2031-03-11 12:00:00,-0.0,-0.0,13200.0,5196.0,18396.0,0.0
2031-03-11 18:00:00,-0.0,-0.0,13200.0,5196.0,18396.0,0.0
2031-03-12 00:00:00,-0.0,-0.0,13200.0,5196.0,18396.0,0.0
2031-03-12 06:00:00,-0.0,-0.0,13200.0,5196.0,18396.0,0.0
2031-03-12 12:00:00,-0.0,-0.0,13200.0,5196.0,18396.0,0.0
2031-03-12 18:00:00,-0.0,-0.0,13200.0,5196.0,18396.0,0.0
2031-03-13 00:00:00,-0.0,-0.0,13200.0,5196.0,18396.0,0.0
2031-03-13 06:00:00,-0.0,-0.0,13200.0,5196.0,18396.0,0.0
2031-03-13 12:00:00,-0.0,-0.0,13200.0,5196.0,18396.0,0.0
2031-03-13 18:00:00,-0.0,-0.0,13200.0,5196.0,18396.0,0.0
2031-03-14 00:00:00,-0.0,-0.0,13200.0,5196.0,18396.0,0.0
2031-03-14 06:00:00,-0.0,-0.0,13200.0,5196.0,18396.0,0.0
2031-03-14 12:00:00,-0.0,-0.0,13200.0,5196.0,18396.0,0.0
2031-03-14 18:00:00,-0.0,-0.0,9919.1,5196.0,15115.1,0.0
2031-03-15 00:00:00,-0.0,-0.0,10687.5,5196.0,15883.5,0.0
2031-03-15 06:00:00,-0.0,-0.0,13200.0,5196.0,18396.0,0.0
2031-03-15 12:00:00,-0.0,-0.0,13200.0,5196.0,18396.0,0.0
2031-03-15 18:00:00,-0.0,-0.0,13200.0,5196.0,18396.0,0.0
2031-03-16 00:00:00,-0.0,-0.0,13200.0,5196.0,18396.0,0.0
2031-03-16 06:00:00,-0.0,-0.0,13200.0,5196.0,18396.0,0.0
2031-03-16 12:00:00,-0.0,-0.0,13200.0,5196.0,18396.0,0.0
2031-03-16 18:00:00,-0.0,-0.0,13200.0,5196.0,18396.0,0.0
2031-03-17 00:00:00,-0.0,-0.0,13200.0,5196.0,18396.0,0.0
2031-03-17 06:00:00,-0.0,-0.0,13200.0,5196.0,18396.0,0.0
2031-03-17 12:00:00,-0.0,-0.0,4255.5,5196.0,9451.5,0.0
2031-03-17 18:00:00,-0.0,-0.0,13200.0,5196.0,18396.0,0.0
2031-03-18 00:00:00,-0.0,-0.0,13200.0,5196.0,18396.0,0.0
2031-03-18 06:00:00,-0.0,-0.0,13200.0,5196.0,18396.0,0.0
2031-03-18 12:00:00,-0.0,-0.0,13200.0,5196.0,18396.0,0.0
2031-03-18 18:00:00,-0.0,-0.0,13200.0,5196.0,18396.0,0.0
2031-03-19 00:00:00,-0.0,-0.0,13200.0,5196.0,18396.0,0.0
2031-03-19 06:00:00,-0.0,-0.0,13200.0,5196.0,18396.0,0.0
2031-03-19 12:00:00,-0.0,-0.0,13200.0,5196.0,18396.0,0.0
2031-03-19 18:00:00,-0.0,-0.0,13200.0,5196.0,18396.0,0.0
2031-03-20 00:00:00,-0.0,-0.0,13200.0,5196.0,18396.0,0.0
2031-03-20 06:00:00,-0.0,-0.0,13200.0,5196.0,18396.0,0.0
2031-03-20 12:00:00,-0.0,-0.0,13200.0,5196.0,18396.0,0.0
2031-03-20 18:00:00,-0.0,-0.0,13200.0,5196.0,18396.0,0.0
2031-03-21 00:00:00,-0.0,-0.0,13200.0,5196.0,18396.0,0.0
2031-03-21 06:00:00,-0.0,-0.0,13200.0,5196.0,18396.0,0.0
2031-03-21 12:00:00,-0.0,-0.0,13200.0,5196.0,18396.0,0.0
2031-03-21 18:00:00,-0.0,-0.0,13200.0,5196.0,18396.0,0.0
2031-03-22 00:00:00,-0.0,-0.0,13200.0,5196.0,18396.0,0.0
2031-03-22 06:00:00,-0.0,-0.0,13200.0,5196.0,18396.0,0.0
2031-03-22 12:00:00,-0.0,-0.0,13200.0,5196.0,18396.0,0.0
2031-03-22 18:00:00,-0.0,-0.0,13200.0,5196.0,18396.0,0.0
2031-03-23 00:00:00,-0.0,-0.0,13200.0,5196.0,18396.0,0.0
2031-03-23 06:00:00,-0.0,-0.0,13200.0,5196.0,18396.0,0.0
2031-03-23 12:00:00,-0.0,-0.0,13200.0,5196.0,18396.0,0.0
2031-03-23 18:00:00,-0.0,-0.0,13200.0,5196.0,18396.0,0.0
2031-03-24 00:00:00,-0.0,-0.0,13200.0,5196.0,18396.0,0.0
2031-03-24 06:00:00,-0.0,-0.0,13200.0,5196.0,18396.0,0.0
2031-03-24 12:00:00,-0.0,-0.0,13200.0,5196.0,18396.0,0.0
2031-03-24 18:00:00,-0.0,-0.0,13200.0,5196.0,18396.0,0.0
2031-03-25 00:00:00,-0.0,-0.0,13200.0,5196.0,18396.0,0.0
2031-03-25 06:00:00,-0.0,-0.0,13200.0,5196.0,18396.0,0.0
2031-03-25 12:00:00,-0.0,-0.0,13200.0,5196.0,18396.0,0.0
2031-03-25 18:00:00,-0.0,-0.0,13200.0,5196.0,18396.0,0.0
2031-03-26 00:00:00,-0.0,-0.0,13200.0,5196.0,18396.0,0.0
2031-03-26 06:00:00,-0.0,-0.0,13200.0,5196.0,18396.0,0.0
2031-03-26 12:00:00,-0.0,-0.0,13200.0,5196.0,18396.0,0.0
2031-03-26 18:00:00,-0.0,-0.0,13200.0,5196.0,18396.0,0.0
2031-03-27 00:00:00,-0.0,-0.0,13200.0,5196.0,18396.0,0.0
2031-03-27 06:00:00,-0.0,-0.0,13200.0,5196.0,18396.0,0.0
2031-03-27 12:00:00,-0.0,-0.0,13200.0,5196.0,18396.0,0.0
2031-03-27 18:00:00,-0.0,-0.0,13200.0,5196.0,18396.0,0.0
2031-03-28 00:00:00,-0.0,-0.0,13200.0,5196.0,18396.0,0.0
2031-03-28 06:00:00,-0.0,-0.0,13200.0,5196.0,18396.0,0.0
2031-03-28 12:00:00,-0.0,-0.0,13200.0,5196.0,18396.0,0.0
2031-03-28 18:00:00,-0.0,-0.0,13200.0,5196.0,18396.0,0.0
2031-03-29 00:00:00,-0.0,-0.0,13200.0,5196.0,18396.0,0.0
2031-03-29 06:00:00,-0.0,-0.0,13200.0,5196.0,18396.0,0.0
2031-03-29 12:00:00,-0.0,-0.0,13200.0,5196.0,18396.0,0.0
2031-03-29 18:00:00,-0.0,-0.0,13200.0,5196.0,18396.0,0.0
2031-03-30 00:00:00,-0.0,-0.0,13200.0,5196.0,18396.0,0.0
2031-03-30 06:00:00,-0.0,-0.0,13200.0,5196.0,18396.0,0.0
2031-03-30 12:00:00,-0.0,-0.0,13200.0,5196.0,18396.0,0.0
2031-03-30 18:00:00,-0.0,-0.0,13200.0,5196.0,18396.0,0.0
2031-03-31 00:00:00,-0.0,-0.0,13200.0,5196.0,18396.0,0.0
2031-03-31 06:00:00,-0.0,-0.0,13200.0,5196.0,18396.0,0.0
2031-03-31 12:00:00,-0.0,-0.0,9648.6,0.0,9648.6,0.0
2031-03-31 18:00:00,-0.0,-0.0,13200.0,5196.0,18396.0,0.0
2031-04-01 00:00:00,-0.0,-0.0,13200.0,5196.0,18396.0,0.0
2031-04-01 06:00:00,-0.0,-0.0,13200.0,5196.0,18396.0,0.0
2031-04-01 12:00:00,-0.0,-0.0,13200.0,5196.0,18396.0,0.0
2031-04-01 18:00:00,-0.0,-0.0,13200.0,5196.0,18396.0,0.0
2031-04-02 00:00:00,-0.0,-0.0,13200.0,5196.0,18396.0,0.0
2031-04-02 06:00:00,-0.0,-0.0,6442.3,5196.0,11638.3,0.0
2031-04-02 12:00:00,-0.0,-0.0,0.0,5196.0,5196.0,0.0
2031-04-02 18:00:00,-0.0,-0.0,0.0,5196.0,5196.0,0.0
2031-04-03 00:00:00,-0.0,-0.0,0.0,5196.0,5196.0,0.0
2031-04-03 06:00:00,-0.0,-0.0,0.0,5196.0,5196.0,0.0
2031-04-03 12:00:00,-0.0,-0.0,0.0,5196.0,5196.0,0.0
2031-04-03 18:00:00,-0.0,-0.0,0.0,5196.0,5196.0,0.0
2031-04-04 00:00:00,-0.0,-0.0,13200.0,5196.0,18396.0,0.0
2031-04-04 06:00:00,-0.0,-0.0,12623.7,5196.0,17819.7,0.0
2031-04-04 12:00:00,-0.0,-0.0,13200.0,5196.0,18396.0,0.0
2031-04-04 18:00:00,-0.0,-0.0,11307.8,5196.0,16503.8,0.0
2031-04-05 00:00:00,-0.0,-0.0,13200.0,5196.0,18396.0,0.0
2031-04-05 06:00:00,-0.0,-0.0,13200.0,5196.0,18396.0,0.0
2031-04-05 12:00:00,-0.0,-0.0,13200.0,5196.0,18396.0,0.0
2031-04-05 18:00:00,-0.0,-0.0,13200.0,5196.0,18396.0,0.0
2031-04-06 00:00:00,-0.0,-0.0,13200.0,5196.0,18396.0,0.0
2031-04-06 06:00:00,-0.0,-0.0,13200.0,5196.0,18396.0,0.0
2031-04-06 12:00:00,-0.0,-0.0,13200.0,5196.0,18396.0,0.0
2031-04-06 18:00:00,-0.0,-0.0,13200.0,5196.0,18396.0,0.0
2031-04-07 00:00:00,-0.0,-0.0,0.0,5196.0,5196.0,0.0
2031-04-07 06:00:00,-0.0,-0.0,0.0,3713.6,3713.6,0.0
2031-04-07 12:00:00,-0.0,-0.0,5488.0,5196.0,10684.0,0.0
2031-04-07 18:00:00,-0.0,-0.0,13200.0,5196.0,18396.0,0.0
2031-04-08 00:00:00,-0.0,-0.0,0.0,4625.1,4625.1,0.0
2031-04-08 06:00:00,-0.0,-0.0,9011.5,5196.0,14207.5,0.0
2031-04-08 12:00:00,-0.0,-0.0,2483.6,5196.0,7679.6,0.0
2031-04-08 18:00:00,-0.0,-0.0,0.0,5196.0,5196.0,0.0
2031-04-09 00:00:00,-0.0,-0.0,7598.0,5196.0,12794.0,0.0
2031-04-09 06:00:00,-0.0,-0.0,13200.0,5196.0,18396.0,0.0
2031-04-09 12:00:00,-0.0,-0.0,4122.0,5196.0,9318.0,0.0
2031-04-09 18:00:00,-0.0,-0.0,0.0,5196.0,5196.0,0.0
2031-04-10 00:00:00,-0.0,-0.0,3022.3,5196.0,8218.3,0.0
2031-04-10 06:00:00,-0.0,-0.0,13200.0,5196.0,18396.0,0.0
2031-04-10 12:00:00,-0.0,-0.0,0.0,5196.0,5196.0,0.0
2031-04-10 18:00:00,-0.0,-0.0,5047.4,5196.0,10243.4,0.0
2031-04-11 00:00:00,-0.0,-0.0,10175.5,5196.0,15371.5,0.0
2031-04-11 06:00:00,-0.0,-0.0,13200.0,5196.0,18396.0,0.0
2031-04-11 12:00:00,-0.0,-0.0,13200.0,5196.0,18396.0,0.0
2031-04-11 18:00:00,-0.0,-0.0,10794.0,5196.0,15990.0,0.0
2031-04-12 00:00:00,-0.0,-0.0,10594.8,5196.0,15790.8,0.0
2031-04-12 06:00:00,-0.0,-0.0,0.0,5196.0,5196.0,0.0
2031-04-12 12:00:00,-0.0,-0.0,13200.0,5196.0,18396.0,0.0
2031-04-12 18:00:00,-0.0,-0.0,13200.0,5196.0,18396.0,0.0
2031-04-13 00:00:00,-0.0,-0.0,13200.0,5196.0,18396.0,0.0
2031-04-13 06:00:00,-0.0,-0.0,13200.0,5196.0,18396.0,0.0
2031-04-13 12:00:00,-0.0,-0.0,13200.0,5196.0,18396.0,0.0
2031-04-13 18:00:00,-0.0,-0.0,13200.0,5196.0,18396.0,0.0
2031-04-14 00:00:00,-0.0,-0.0,13200.0,5196.0,18396.0,0.0
2031-04-14 06:00:00,-0.0,-0.0,13200.0,5196.0,18396.0,0.0
2031-04-14 12:00:00,-0.0,-0.0,13200.0,5196.0,18396.0,0.0
2031-04-14 18:00:00,-0.0,-0.0,13200.0,5196.0,18396.0,0.0
2031-04-15 00:00:00,-0.0,-0.0,12070.6,5196.0,17266.6,0.0
2031-04-15 06:00:00,-0.0,-0.0,10348.6,5196.0,15544.6,0.0
2031-04-15 12:00:00,-0.0,-0.0,13200.0,5196.0,18396.0,0.0
2031-04-15 18:00:00,-0.0,-0.0,0.0,5196.0,5196.0,0.0
2031-04-16 00:00:00,-0.0,-0.0,0.0,5196.0,5196.0,0.0
2031-04-16 06:00:00,-0.0,-0.0,1401.9,5196.0,6597.9,0.0
2031-04-16 12:00:00,-0.0,-0.0,13200.0,5196.0,18396.0,0.0
2031-04-16 18:00:00,-0.0,-0.0,0.0,5196.0,5196.0,0.0
2031-04-17 00:00:00,-0.0,-0.0,10971.7,5196.0,16167.7,0.0
2031-04-17 06:00:00,-0.0,-0.0,13200.0,5196.0,18396.0,0.0
2031-04-17 12:00:00,-0.0,-0.0,13200.0,5196.0,18396.0,0.0
2031-04-17 18:00:00,-0.0,-0.0,11840.1,5196.0,17036.1,0.0
2031-04-18 00:00:00,-0.0,-0.0,13200.0,5196.0,18396.0,0.0
2031-04-18 06:00:00,-0.0,-0.0,13200.0,5196.0,18396.0,0.0
2031-04-18 12:00:00,-0.0,-0.0,13200.0,5196.0,18396.0,0.0
2031-04-18 18:00:00,-0.0,-0.0,13200.0,5196.0,18396.0,0.0
2031-04-19 00:00:00,-0.0,-0.0,9028.4,5196.0,14224.4,0.0
2031-04-19 06:00:00,-0.0,-0.0,13200.0,5196.0,18396.0,0.0
2031-04-19 12:00:00,-0.0,-0.0,13200.0,5196.0,18396.0,0.0
2031-04-19 18:00:00,-0.0,-0.0,13200.0,5196.0,18396.0,0.0
2031-04-20 00:00:00,-0.0,-0.0,13200.0,5196.0,18396.0,0.0
2031-04-20 06:00:00,-0.0,-0.0,13200.0,5196.0,18396.0,0.0
2031-04-20 12:00:00,-0.0,-0.0,13200.0,5196.0,18396.0,0.0
2031-04-20 18:00:00,-0.0,-0.0,11306.3,5196.0,16502.3,0.0
2031-04-21 00:00:00,-0.0,-0.0,13200.0,5196.0,18396.0,0.0
2031-04-21 06:00:00,-0.0,-0.0,8346.2,0.0,8346.2,0.0
2031-04-21 12:00:00,-0.0,-0.0,13200.0,5196.0,18396.0,0.0
2031-04-21 18:00:00,-0.0,-0.0,0.0,5196.0,5196.0,0.0
2031-04-22 00:00:00,-0.0,-0.0,1497.8,0.0,1497.8,0.0
2031-04-22 06:00:00,-0.0,-0.0,13200.0,5196.0,18396.0,0.0
2031-04-22 12:00:00,-0.0,-0.0,13200.0,5196.0,18396.0,0.0
2031-04-22 18:00:00,-0.0,-0.0,11022.6,5196.0,16218.6,0.0
2031-04-23 00:00:00,-0.0,-0.0,6745.4,5196.0,11941.4,0.0
2031-04-23 06:00:00,-0.0,-0.0,0.0,5196.0,5196.0,0.0
2031-04-23 12:00:00,-0.0,-0.0,13200.0,5196.0,18396.0,0.0
2031-04-23 18:00:00,-0.0,-0.0,0.0,5196.0,5196.0,0.0
2031-04-24 00:00:00,-0.0,-0.0,8040.4,5196.0,13236.4,0.0
2031-04-24 06:00:00,-0.0,-0.0,0.0,5196.0,5196.0,0.0
2031-04-24 12:00:00,-0.0,-0.0,13200.0,5196.0,18396.0,0.0
2031-04-24 18:00:00,-0.0,-0.0,6010.7,5196.0,11206.7,0.0
2031-04-25 00:00:00,-0.0,-0.0,6306.4,5196.0,11502.4,0.0
2031-04-25 06:00:00,-0.0,-0.0,13200.0,1564.8,14764.8,0.0
2031-04-25 12:00:00,-0.0,-0.0,0.0,5196.0,5196.0,0.0
2031-04-25 18:00:00,-0.0,-0.0,0.0,5196.0,5196.0,0.0
2031-04-26 00:00:00,-0.0,-0.0,8374.1,5196.0,13570.1,0.0
2031-04-26 06:00:00,-0.0,-0.0,13200.0,5196.0,18396.0,0.0
2031-04-26 12:00:00,-0.0,-0.0,12122.7,5196.0,17318.7,0.0
2031-04-26 18:00:00,-0.0,-0.0,0.0,5196.0,5196.0,0.0
2031-04-27 00:00:00,-0.0,-0.0,0.0,5196.0,5196.0,0.0
2031-04-27 06:00:00,-0.0,-0.0,13200.0,5196.0,18396.0,0.0
2031-04-27 12:00:00,-0.0,-0.0,0.0,5196.0,5196.0,0.0
2031-04-27 18:00:00,-0.0,-0.0,0.0,5196.0,5196.0,0.0
2031-04-28 00:00:00,-0.0,-0.0,0.0,5196.0,5196.0,0.0
2031-04-28 06:00:00,-0.0,-0.0,0.0,0.0,0.0,0.0
2031-04-28 12:00:00,-0.0,-0.0,11209.9,0.0,11209.9,0.0
2031-04-28 18:00:00,-0.0,-0.0,9734.3,5196.0,14930.3,0.0
2031-04-29 00:00:00,-0.0,-0.0,1570.0,0.0,1570.0,0.0
2031-04-29 06:00:00,-0.0,-0.0,10297.8,5196.0,15493.8,0.0
2031-04-29 12:00:00,-0.0,-0.0,0.0,5196.0,5196.0,0.0
2031-04-29 18:00:00,-0.0,-0.0,1297.2,5196.0,6493.2,0.0
2031-04-30 00:00:00,-0.0,-0.0,12243.4,5196.0,17439.4,0.0
2031-04-30 06:00:00,-0.0,-0.0,13200.0,5196.0,18396.0,0.0
2031-04-30 12:00:00,-0.0,-0.0,13200.0,5196.0,18396.0,0.0
2031-04-30 18:00:00,-0.0,-0.0,13200.0,5196.0,18396.0,0.0
2031-05-01 00:00:00,-0.0,-0.0,3993.1,5196.0,9189.1,0.0
2031-05-01 06:00:00,-0.0,-0.0,2761.8,5196.0,7957.8,0.0
2031-05-01 12:00:00,-0.0,-0.0,13200.0,5196.0,18396.0,0.0
2031-05-01 18:00:00,-0.0,-0.0,0.0,5196.0,5196.0,0.0
2031-05-02 00:00:00,-0.0,-0.0,12439.2,5196.0,17635.2,0.0
2031-05-02 06:00:00,-0.0,-0.0,13200.0,5196.0,18396.0,0.0
2031-05-02 12:00:00,-0.0,-0.0,0.0,5196.0,5196.0,0.0
2031-05-02 18:00:00,-0.0,-0.0,0.0,5196.0,5196.0,0.0
2031-05-03 00:00:00,-0.0,-0.0,11013.7,5196.0,16209.7,0.0
2031-05-03 06:00:00,-0.0,-0.0,13200.0,5196.0,18396.0,0.0
2031-05-03 12:00:00,-0.0,-0.0,0.0,5196.0,5196.0,0.0
2031-05-03 18:00:00,-0.0,-0.0,0.0,5196.0,5196.0,0.0
2031-05-04 00:00:00,-0.0,-0.0,1165.9,5196.0,6361.9,0.0
2031-05-04 06:00:00,-0.0,-0.0,6245.3,0.0,6245.3,0.0
2031-05-04 12:00:00,-0.0,-0.0,13200.0,5196.0,18396.0,0.0
2031-05-04 18:00:00,-0.0,-0.0,13200.0,5196.0,18396.0,0.0
2031-05-05 00:00:00,-0.0,-0.0,2032.3,5196.0,7228.3,0.0
2031-05-05 06:00:00,-0.0,-0.0,13200.0,5196.0,18396.0,0.0
2031-05-05 12:00:00,-0.0,-0.0,13200.0,5196.0,18396.0,0.0
2031-05-05 18:00:00,-0.0,-0.0,7824.3,5196.0,13020.3,0.0
2031-05-06 00:00:00,-0.0,-0.0,0.0,5196.0,5196.0,0.0
2031-05-06 06:00:00,-0.0,-0.0,13200.0,5196.0,18396.0,0.0
2031-05-06 12:00:00,-0.0,-0.0,13200.0,5196.0,18396.0,0.0
2031-05-06 18:00:00,-0.0,-0.0,0.0,5196.0,5196.0,0.0
2031-05-07 00:00:00,-0.0,-0.0,0.0,5196.0,5196.0,0.0
2031-05-07 06:00:00,-0.0,-0.0,13200.0,5196.0,18396.0,0.0
2031-05-07 12:00:00,-0.0,-0.0,13200.0,5196.0,18396.0,0.0
2031-05-07 18:00:00,-0.0,-0.0,0.0,5196.0,5196.0,0.0
2031-05-08 00:00:00,-0.0,-0.0,0.0,5196.0,5196.0,0.0
2031-05-08 06:00:00,-0.0,-0.0,13200.0,5196.0,18396.0,0.0
2031-05-08 12:00:00,-0.0,-0.0,13200.0,5196.0,18396.0,0.0
2031-05-08 18:00:00,-0.0,-0.0,13200.0,5196.0,18396.0,0.0
2031-05-09 00:00:00,-0.0,-0.0,13200.0,5196.0,18396.0,0.0
2031-05-09 06:00:00,-0.0,-0.0,13200.0,5196.0,18396.0,0.0
2031-05-09 12:00:00,-0.0,-0.0,13200.0,5196.0,18396.0,0.0
2031-05-09 18:00:00,-0.0,-0.0,13200.0,5196.0,18396.0,0.0
2031-05-10 00:00:00,-0.0,-0.0,13200.0,5196.0,18396.0,0.0
2031-05-10 06:00:00,-0.0,-0.0,13200.0,5196.0,18396.0,0.0
2031-05-10 12:00:00,-0.0,-0.0,13200.0,5196.0,18396.0,0.0
2031-05-10 18:00:00,-0.0,-0.0,13200.0,5196.0,18396.0,0.0
2031-05-11 00:00:00,-0.0,-0.0,13200.0,5196.0,18396.0,0.0
2031-05-11 06:00:00,-0.0,-0.0,13200.0,5196.0,18396.0,0.0
2031-05-11 12:00:00,-0.0,-0.0,13200.0,5196.0,18396.0,0.0
2031-05-11 18:00:00,-0.0,-0.0,12496.6,5196.0,17692.6,0.0
2031-05-12 00:00:00,-0.0,-0.0,9699.3,5196.0,14895.3,0.0
2031-05-12 06:00:00,-0.0,-0.0,7112.6,5196.0,12308.6,0.0
2031-05-12 12:00:00,-0.0,-0.0,11734.2,5196.0,16930.2,0.0
2031-05-12 18:00:00,-0.0,-0.0,0.0,5196.0,5196.0,0.0
2031-05-13 00:00:00,-0.0,-0.0,8585.7,5196.0,13781.7,0.0
2031-05-13 06:00:00,-0.0,-0.0,13200.0,5196.0,18396.0,0.0
2031-05-13 12:00:00,-0.0,-0.0,4366.0,5196.0,9562.0,0.0
2031-05-13 18:00:00,-0.0,-0.0,13200.0,5196.0,18396.0,0.0
2031-05-14 00:00:00,-0.0,-0.0,13200.0,5196.0,18396.0,0.0
2031-05-14 06:00:00,-0.0,-0.0,13200.0,5196.0,18396.0,0.0
2031-05-14 12:00:00,-0.0,-0.0,13200.0,5196.0,18396.0,0.0
2031-05-14 18:00:00,-0.0,-0.0,13200.0,5196.0,18396.0,0.0
2031-05-15 00:00:00,-0.0,-0.0,0.0,5196.0,5196.0,0.0
2031-05-15 06:00:00,-0.0,-0.0,13200.0,5196.0,18396.0,0.0
2031-05-15 12:00:00,-0.0,-0.0,0.0,5196.0,5196.0,0.0
2031-05-15 18:00:00,-0.0,-0.0,2383.3,5196.0,7579.3,0.0
2031-05-16 00:00:00,-0.0,-0.0,13200.0,5196.0,18396.0,0.0
2031-05-16 06:00:00,-0.0,-0.0,6225.1,5196.0,11421.1,0.0
2031-05-16 12:00:00,-0.0,-0.0,0.0,5196.0,5196.0,0.0
2031-05-16 18:00:00,-0.0,-0.0,9173.3,5196.0,14369.3,0.0
2031-05-17 00:00:00,-0.0,-0.0,13200.0,5196.0,18396.0,0.0
2031-05-17 06:00:00,-0.0,-0.0,13200.0,5196.0,18396.0,0.0
2031-05-17 12:00:00,-0.0,-0.0,3253.0,5196.0,8449.0,0.0
2031-05-17 18:00:00,-0.0,-0.0,7577.2,5196.0,12773.2,0.0
2031-05-18 00:00:00,-0.0,-0.0,9493.0,5196.0,14689.0,0.0
2031-05-18 06:00:00,-0.0,-0.0,0.0,0.0,0.0,0.0
2031-05-18 12:00:00,-0.0,-0.0,160.0,0.0,160.0,0.0
2031-05-18 18:00:00,-0.0,-0.0,0.0,5196.0,5196.0,0.0
2031-05-19 00:00:00,-0.0,-0.0,0.0,5196.0,5196.0,0.0
2031-05-19 06:00:00,-0.0,-0.0,11125.1,5196.0,16321.1,0.0
2031-05-19 12:00:00,-0.0,-0.0,0.0,5196.0,5196.0,0.0
2031-05-19 18:00:00,-0.0,-0.0,0.0,5196.0,5196.0,0.0
2031-05-20 00:00:00,-0.0,-0.0,0.0,5196.0,5196.0,0.0
2031-05-20 06:00:00,-0.0,-0.0,0.0,5196.0,5196.0,0.0
2031-05-20 12:00:00,-0.0,-0.0,13192.1,5196.0,18388.1,0.0
2031-05-20 18:00:00,-0.0,-0.0,0.0,5196.0,5196.0,0.0
2031-05-21 00:00:00,-0.0,-0.0,4430.1,5196.0,9626.1,0.0
2031-05-21 06:00:00,-0.0,-0.0,10683.1,5196.0,15879.1,0.0
2031-05-21 12:00:00,-0.0,-0.0,286.4,5196.0,5482.4,0.0
2031-05-21 18:00:00,-0.0,-0.0,6274.3,5196.0,11470.3,0.0
2031-05-22 00:00:00,-0.0,-0.0,10805.1,5196.0,16001.1,0.0
2031-05-22 06:00:00,-0.0,-0.0,13200.0,5196.0,18396.0,0.0
2031-05-22 12:00:00,-0.0,-0.0,13200.0,5196.0,18396.0,0.0
2031-05-22 18:00:00,-0.0,-0.0,11156.3,5196.0,16352.3,0.0
2031-05-23 00:00:00,-0.0,-0.0,0.0,5196.0,5196.0,0.0
2031-05-23 06:00:00,-0.0,-0.0,13200.0,5196.0,18396.0,0.0
2031-05-23 12:00:00,-0.0,-0.0,13200.0,5196.0,18396.0,0.0
2031-05-23 18:00:00,-0.0,-0.0,0.0,5196.0,5196.0,0.0
2031-05-24 00:00:00,-0.0,-0.0,971.1,5196.0,6167.1,0.0
2031-05-24 06:00:00,-0.0,-0.0,7267.0,5196.0,12463.0,0.0
2031-05-24 12:00:00,-0.0,-0.0,0.0,5196.0,5196.0,0.0
2031-05-24 18:00:00,-0.0,-0.0,5670.9,5196.0,10866.9,0.0
2031-05-25 00:00:00,-0.0,-0.0,0.0,5196.0,5196.0,0.0
2031-05-25 06:00:00,-0.0,-0.0,12751.1,5196.0,17947.1,0.0
2031-05-25 12:00:00,-0.0,-0.0,13200.0,5196.0,18396.0,0.0
2031-05-25 18:00:00,-0.0,-0.0,888.2,5196.0,6084.2,0.0
2031-05-26 00:00:00,-0.0,-0.0,0.0,0.0,0.0,0.0
2031-05-26 06:00:00,-0.0,-0.0,10260.8,0.0,10260.8,0.0
2031-05-26 12:00:00,-0.0,-0.0,0.0,5196.0,5196.0,0.0
2031-05-26 18:00:00,-0.0,-0.0,11630.9,5196.0,16826.9,0.0
2031-05-27 00:00:00,-0.0,-0.0,0.0,5196.0,5196.0,0.0
2031-05-27 06:00:00,-0.0,-0.0,8162.0,5196.0,13358.0,0.0
2031-05-27 12:00:00,-0.0,-0.0,10264.3,5196.0,15460.3,0.0
2031-05-27 18:00:00,-0.0,-0.0,0.0,5196.0,5196.0,0.0
2031-05-28 00:00:00,-0.0,-0.0,3666.8,5196.0,8862.8,0.0
2031-05-28 06:00:00,-0.0,-0.0,13200.0,5196.0,18396.0,0.0
2031-05-28 12:00:00,-0.0,-0.0,13200.0,5196.0,18396.0,0.0
2031-05-28 18:00:00,-0.0,-0.0,13200.0,5196.0,18396.0,0.0
2031-05-29 00:00:00,-0.0,-0.0,13200.0,5196.0,18396.0,0.0
2031-05-29 06:00:00,-0.0,-0.0,0.0,5196.0,5196.0,0.0
2031-05-29 12:00:00,-0.0,-0.0,9070.1,5196.0,14266.1,0.0
2031-05-29 18:00:00,-0.0,-0.0,392.9,5196.0,5588.9,0.0
2031-05-30 00:00:00,-0.0,-0.0,5684.6,5196.0,10880.6,0.0
2031-05-30 06:00:00,-0.0,-0.0,13200.0,5196.0,18396.0,0.0
2031-05-30 12:00:00,-0.0,-0.0,13200.0,5196.0,18396.0,0.0
2031-05-30 18:00:00,-0.0,-0.0,13200.0,5196.0,18396.0,0.0
2031-05-31 00:00:00,-0.0,-0.0,13200.0,5196.0,18396.0,0.0
2031-05-31 06:00:00,-0.0,-0.0,13200.0,5196.0,18396.0,0.0
2031-05-31 12:00:00,-0.0,-0.0,13200.0,5196.0,18396.0,0.0
2031-05-31 18:00:00,-0.0,-0.0,13200.0,5196.0,18396.0,0.0
2031-06-01 00:00:00,-0.0,-0.0,13200.0,5196.0,18396.0,0.0
2031-06-01 06:00:00,-0.0,-0.0,13200.0,5196.0,18396.0,0.0
2031-06-01 12:00:00,-0.0,-0.0,13200.0,5196.0,18396.0,0.0
2031-06-01 18:00:00,-0.0,-0.0,13200.0,5196.0,18396.0,0.0
2031-06-02 00:00:00,-0.0,-0.0,13200.0,5196.0,18396.0,0.0
2031-06-02 06:00:00,-0.0,-0.0,13200.0,5196.0,18396.0,0.0
2031-06-02 12:00:00,-0.0,-0.0,13200.0,5196.0,18396.0,0.0
2031-06-02 18:00:00,-0.0,-0.0,10210.3,5196.0,15406.3,0.0
2031-06-03 00:00:00,-0.0,-0.0,13200.0,5196.0,18396.0,0.0
2031-06-03 06:00:00,-0.0,-0.0,13200.0,5196.0,18396.0,0.0
2031-06-03 12:00:00,-0.0,-0.0,13200.0,5196.0,18396.0,0.0
2031-06-03 18:00:00,-0.0,-0.0,13200.0,5196.0,18396.0,0.0
2031-06-04 00:00:00,-0.0,-0.0,13200.0,5196.0,18396.0,0.0
2031-06-04 06:00:00,-0.0,-0.0,13200.0,5196.0,18396.0,0.0
2031-06-04 12:00:00,-0.0,-0.0,13200.0,5196.0,18396.0,0.0
2031-06-04 18:00:00,-0.0,-0.0,13200.0,5196.0,18396.0,0.0
2031-06-05 00:00:00,-0.0,-0.0,13200.0,5196.0,18396.0,0.0
2031-06-05 06:00:00,-0.0,-0.0,13200.0,5196.0,18396.0,0.0
2031-06-05 12:00:00,-0.0,-0.0,13200.0,5196.0,18396.0,0.0
2031-06-05 18:00:00,-0.0,-0.0,13200.0,5196.0,18396.0,0.0
2031-06-06 00:00:00,-0.0,-0.0,13200.0,5196.0,18396.0,0.0
2031-06-06 06:00:00,-0.0,-0.0,13200.0,5196.0,18396.0,0.0
2031-06-06 12:00:00,-0.0,-0.0,13200.0,5196.0,18396.0,0.0
2031-06-06 18:00:00,-0.0,-0.0,13200.0,5196.0,18396.0,0.0
2031-06-07 00:00:00,-0.0,-0.0,13200.0,5196.0,18396.0,0.0
2031-06-07 06:00:00,-0.0,-0.0,13200.0,5196.0,18396.0,0.0
2031-06-07 12:00:00,-0.0,-0.0,13200.0,5196.0,18396.0,0.0
2031-06-07 18:00:00,-0.0,-0.0,13200.0,5196.0,18396.0,0.0
2031-06-08 00:00:00,-0.0,-0.0,13200.0,5196.0,18396.0,0.0
2031-06-08 06:00:00,-0.0,-0.0,13200.0,5196.0,18396.0,0.0
2031-06-08 12:00:00,-0.0,-0.0,13200.0,5196.0,18396.0,0.0
2031-06-08 18:00:00,-0.0,-0.0,13200.0,5196.0,18396.0,0.0
2031-06-09 00:00:00,-0.0,-0.0,13200.0,5196.0,18396.0,0.0
2031-06-09 06:00:00,-0.0,-0.0,13200.0,5196.0,18396.0,0.0
2031-06-09 12:00:00,-0.0,-0.0,7173.4,5196.0,12369.4,0.0
2031-06-09 18:00:00,-0.0,-0.0,12237.3,5196.0,17433.3,0.0
2031-06-10 00:00:00,-0.0,-0.0,0.0,5196.0,5196.0,0.0
2031-06-10 06:00:00,-0.0,-0.0,9541.4,5196.0,14737.4,0.0
2031-06-10 12:00:00,-0.0,-0.0,13200.0,5196.0,18396.0,0.0
2031-06-10 18:00:00,-0.0,-0.0,0.0,5196.0,5196.0,0.0
2031-06-11 00:00:00,-0.0,-0.0,0.0,5196.0,5196.0,0.0
2031-06-11 06:00:00,-0.0,-0.0,11599.1,5196.0,16795.1,0.0
2031-06-11 12:00:00,-0.0,-0.0,0.0,5196.0,5196.0,0.0
2031-06-11 18:00:00,-0.0,-0.0,13200.0,5196.0,18396.0,0.0
2031-06-12 00:00:00,-0.0,-0.0,0.0,5196.0,5196.0,0.0
2031-06-12 06:00:00,-0.0,-0.0,13200.0,5196.0,18396.0,0.0
2031-06-12 12:00:00,-0.0,-0.0,13200.0,5196.0,18396.0,0.0
2031-06-12 18:00:00,-0.0,-0.0,13200.0,5196.0,18396.0,0.0
2031-06-13 00:00:00,-0.0,-0.0,13200.0,5196.0,18396.0,0.0
2031-06-13 06:00:00,-0.0,-0.0,13200.0,5196.0,18396.0,0.0
2031-06-13 12:00:00,-0.0,-0.0,13200.0,5196.0,18396.0,0.0
2031-06-13 18:00:00,-0.0,-0.0,13200.0,5196.0,18396.0,0.0
2031-06-14 00:00:00,-0.0,-0.0,13200.0,5196.0,18396.0,0.0
2031-06-14 06:00:00,-0.0,-0.0,13200.0,5196.0,18396.0,0.0
2031-06-14 12:00:00,-0.0,-0.0,13200.0,5196.0,18396.0,0.0
2031-06-14 18:00:00,-0.0,-0.0,13200.0,5196.0,18396.0,0.0
2031-06-15 00:00:00,-0.0,-0.0,13200.0,5196.0,18396.0,0.0
2031-06-15 06:00:00,-0.0,-0.0,13200.0,5196.0,18396.0,0.0
2031-06-15 12:00:00,-0.0,-0.0,13200.0,5196.0,18396.0,0.0
2031-06-15 18:00:00,-0.0,-0.0,13200.0,5196.0,18396.0,0.0
2031-06-16 00:00:00,-0.0,-0.0,13200.0,5196.0,18396.0,0.0
2031-06-16 06:00:00,-0.0,-0.0,13200.0,5196.0,18396.0,0.0
2031-06-16 12:00:00,-0.0,-0.0,13200.0,5196.0,18396.0,0.0
2031-06-16 18:00:00,-0.0,-0.0,13200.0,5196.0,18396.0,0.0
2031-06-17 00:00:00,-0.0,-0.0,13200.0,5196.0,18396.0,0.0
2031-06-17 06:00:00,-0.0,-0.0,13200.0,5196.0,18396.0,0.0
2031-06-17 12:00:00,-0.0,-0.0,13200.0,5196.0,18396.0,0.0
2031-06-17 18:00:00,-0.0,-0.0,0.0,5196.0,5196.0,0.0
2031-06-18 00:00:00,-0.0,-0.0,3195.9,5196.0,8391.9,0.0
2031-06-18 06:00:00,-0.0,-0.0,10266.1,5196.0,15462.1,0.0
2031-06-18 12:00:00,-0.0,-0.0,13200.0,5196.0,18396.0,0.0
2031-06-18 18:00:00,-0.0,-0.0,7309.6,5196.0,12505.6,0.0
2031-06-19 00:00:00,-0.0,-0.0,13200.0,5196.0,18396.0,0.0
2031-06-19 06:00:00,-0.0,-0.0,10482.9,5196.0,15678.9,0.0
2031-06-19 12:00:00,-0.0,-0.0,13200.0,5196.0,18396.0,0.0
2031-06-19 18:00:00,-0.0,-0.0,0.0,5196.0,5196.0,0.0
2031-06-20 00:00:00,-0.0,-0.0,0.0,5196.0,5196.0,0.0
2031-06-20 06:00:00,-0.0,-0.0,722.7,5196.0,5918.7,0.0
2031-06-20 12:00:00,-0.0,-0.0,13200.0,5196.0,18396.0,0.0
2031-06-20 18:00:00,-0.0,-0.0,13200.0,5196.0,18396.0,0.0
2031-06-21 00:00:00,-0.0,-0.0,13200.0,5196.0,18396.0,0.0
2031-06-21 06:00:00,-0.0,-0.0,13200.0,5196.0,18396.0,0.0
2031-06-21 12:00:00,-0.0,-0.0,13200.0,5196.0,18396.0,0.0
2031-06-21 18:00:00,-0.0,-0.0,13200.0,5196.0,18396.0,0.0
2031-06-22 00:00:00,-0.0,-0.0,13200.0,5196.0,18396.0,0.0
2031-06-22 06:00:00,-0.0,-0.0,13200.0,5196.0,18396.0,0.0
2031-06-22 12:00:00,-0.0,-0.0,13200.0,5196.0,18396.0,0.0
2031-06-22 18:00:00,-0.0,-0.0,13200.0,5196.0,18396.0,0.0
2031-06-23 00:00:00,-0.0,-0.0,13200.0,5196.0,18396.0,0.0
2031-06-23 06:00:00,-0.0,-0.0,13200.0,5196.0,18396.0,0.0
2031-06-23 12:00:00,-0.0,-0.0,13200.0,5196.0,18396.0,0.0
2031-06-23 18:00:00,-0.0,-0.0,13200.0,5196.0,18396.0,0.0
2031-06-24 00:00:00,-0.0,-0.0,13200.0,5196.0,18396.0,0.0
2031-06-24 06:00:00,-0.0,-0.0,13200.0,5196.0,18396.0,0.0
2031-06-24 12:00:00,-0.0,-0.0,13200.0,5196.0,18396.0,0.0
2031-06-24 18:00:00,-0.0,-0.0,13200.0,5196.0,18396.0,0.0
2031-06-25 00:00:00,-0.0,-0.0,13200.0,5196.0,18396.0,0.0
2031-06-25 06:00:00,-0.0,-0.0,13200.0,5196.0,18396.0,0.0
2031-06-25 12:00:00,-0.0,-0.0,13200.0,5196.0,18396.0,0.0
2031-06-25 18:00:00,-0.0,-0.0,13200.0,5196.0,18396.0,0.0
2031-06-26 00:00:00,-0.0,-0.0,13200.0,5196.0,18396.0,0.0
2031-06-26 06:00:00,-0.0,-0.0,13200.0,5196.0,18396.0,0.0
2031-06-26 12:00:00,-0.0,-0.0,13200.0,5196.0,18396.0,0.0
2031-06-26 18:00:00,-0.0,-0.0,13200.0,5196.0,18396.0,0.0
2031-06-27 00:00:00,-0.0,-0.0,13200.0,5196.0,18396.0,0.0
2031-06-27 06:00:00,-0.0,-0.0,13200.0,5196.0,18396.0,0.0
2031-06-27 12:00:00,-0.0,-0.0,13200.0,5196.0,18396.0,0.0
2031-06-27 18:00:00,-0.0,-0.0,13200.0,5196.0,18396.0,0.0
2031-06-28 00:00:00,-0.0,-0.0,13200.0,5196.0,18396.0,0.0
2031-06-28 06:00:00,-0.0,-0.0,13200.0,5196.0,18396.0,0.0
2031-06-28 12:00:00,-0.0,-0.0,13200.0,5196.0,18396.0,0.0
2031-06-28 18:00:00,-0.0,-0.0,13200.0,5196.0,18396.0,0.0
2031-06-29 00:00:00,-0.0,-0.0,13200.0,5196.0,18396.0,0.0
2031-06-29 06:00:00,-0.0,-0.0,13200.0,5196.0,18396.0,0.0
2031-06-29 12:00:00,-0.0,-0.0,13200.0,5196.0,18396.0,0.0
2031-06-29 18:00:00,-0.0,-0.0,13200.0,5196.0,18396.0,0.0
2031-06-30 00:00:00,-0.0,-0.0,13200.0,5196.0,18396.0,0.0
2031-06-30 06:00:00,-0.0,-0.0,13200.0,5196.0,18396.0,0.0
2031-06-30 12:00:00,-0.0,-0.0,0.0,5196.0,5196.0,0.0
2031-06-30 18:00:00,-0.0,-0.0,13200.0,5196.0,18396.0,0.0
